molecule_chembl_id,inchikey,canonical_smiles,murcko_scaffold,pchembl_value,active,mol_wt,log_p,tpsa,num_h_donors,num_h_acceptors,num_rotatable_bonds,ring_count,fraction_csp3,qed
CHEMBL1097899,AAHPRKDUIDQODH-UHFFFAOYSA-N,CN1CCC(NC(=O)Nc2ccc(-c3nc(N4CCOCC4)c4cnn(C5CCN(Cc6ccccc6)CC5)c4n3)cc2)CC1,O=C(Nc1ccc(-c2nc(N3CCOCC3)c3cnn(C4CCN(Cc5ccccc5)CC4)c3n2)cc1)NC1CCNCC1,6.9,1,609.779,4.383,103.68,2,8,7,7,0.471,0.3184
CHEMBL271430,AAISIAHCALLSAM-XBMOYTETSA-N,COC[C@H]1OC(=O)/C(=C/N2CCN(C3CCN(C)CC3)CC2)C2=C(O)C(=O)C3=C([C@H](OC(C)=O)C[C@]4(C)[C@@H](O)CC[C@@H]34)[C@]21C,O=C1C=C2C(=CN3CCN(C4CCNCC4)CC3)C(=O)OCC2C2=C1C1CCCC1CC2,6.02,1,613.752,1.964,129.08,2,11,5,6,0.727,0.3489
CHEMBL407214,AARBAVYWWQCGFS-BXQOSRMJSA-N,COC[C@H]1OC(=O)/C(=C/N(C)CCCN2CCN(C)CC2)C2=C(O)C(=O)C3=C([C@H](OC(C)=O)C[C@]4(C)[C@@H](O)CC[C@@H]34)[C@]21C,O=C1C=C2C(=CNCCCN3CCNCC3)C(=O)OCC2C2=C1C1CCCC1CC2,5.63,0,601.741,1.822,129.08,2,11,8,5,0.719,0.3123
CHEMBL1092073,ABOUWUWXUJHANF-UHFFFAOYSA-N,CN(C)CCNC(=O)c1ccc(NC(=O)Nc2ccc(-c3nc(N4CCOCC4)c4ccn(CC(F)(F)F)c4n3)cc2)cc1,O=C(Nc1ccccc1)Nc1ccc(-c2nc(N3CCOCC3)c3cc[nH]c3n2)cc1,9.4,1,610.641,4.433,116.65,3,7,9,5,0.333,0.2568
CHEMBL565787,ADCADUHNSKXDGZ-UHFFFAOYSA-N,CCn1ncc2c(N3CC4CCC(C3)O4)nc(-c3ccc(NC(=O)Nc4ccccc4)cc3)nc21,O=C(Nc1ccccc1)Nc1ccc(-c2nc(N3CC4CCC(C3)O4)c3cn[nH]c3n2)cc1,9.52,1,469.549,4.525,97.2,2,6,5,6,0.308,0.4459
CHEMBL603848,ADGMDJYORUZUNO-UHFFFAOYSA-N,OCc1cccc(-c2nc(N3CCOCC3)c3cnn(C4CCN(Cc5ccccc5)CC4)c3n2)c1,c1ccc(CN2CCC(n3ncc4c(N5CCOCC5)nc(-c5ccccc5)nc43)CC2)cc1,7.05,1,484.604,3.659,79.54,1,7,6,6,0.393,0.4474
CHEMBL571318,AGMONRAPNWWEIA-UHFFFAOYSA-N,c1cc(-c2ccc(-c3cc(N4CCOCC4)nc(N4CCOCC4)n3)o2)ccn1,c1cc(-c2ccc(-c3cc(N4CCOCC4)nc(N4CCOCC4)n3)o2)ccn1,6.28,1,393.447,2.472,76.75,0,8,4,5,0.381,0.6691
CHEMBL596790,AGNQWSRFQIXLBD-UHFFFAOYSA-N,CCNC(=O)Nc1ccc(-c2nc(N3CCOCC3)nc(N3CCOCC3)n2)cc1,c1ccc(-c2nc(N3CCOCC3)nc(N3CCOCC3)n2)cc1,8.0,1,413.482,1.353,104.74,2,8,5,4,0.5,0.7571
CHEMBL604303,AICHVRUESJLOEC-UHFFFAOYSA-N,O=C(Nc1ccc(Cl)cc1)Nc1ccc(-c2nc(N3CCOCC3)nc(N3CCOCC3)n2)cc1,O=C(Nc1ccccc1)Nc1ccc(-c2nc(N3CCOCC3)nc(N3CCOCC3)n2)cc1,8.17,1,495.971,3.509,104.74,2,8,5,5,0.333,0.5538
CHEMBL1204015,AMUDGJNCWOTGGZ-UHFFFAOYSA-N,CN(C)CCN(C)C(=O)c1ccc(NC(=O)Nc2ccc(-c3nc(N4CCOCC4)nc(N4CCOCC4)n3)cc2)cc1.Cl,O=C(Nc1ccccc1)Nc1ccc(-c2nc(N3CCOCC3)nc(N3CCOCC3)n2)cc1,9.22,1,626.162,2.911,128.29,2,10,9,5,0.433,0.3663
CHEMBL575710,AOIQRIAWTIYQBH-UHFFFAOYSA-N,O=C(c1ccccc1)N1CCC(n2ncc3c(N4CCOCC4)nc(-c4cccc(O)c4)nc32)CC1,O=C(c1ccccc1)N1CCC(n2ncc3c(N4CCOCC4)nc(-c4ccccc4)nc32)CC1,8.4,1,484.56,3.513,96.61,1,7,4,6,0.333,0.4735
CHEMBL601864,APYPCVRCUBVUDW-UHFFFAOYSA-N,CNC(=O)Nc1ccc(-c2nc(N3CC4CCC(C3)O4)c3cnn(C)c3n2)cc1,c1ccc(-c2nc(N3CC4CCC(C3)O4)c3cn[nH]c3n2)cc1,8.87,1,393.451,2.149,97.2,2,6,3,5,0.4,0.7077
CHEMBL1088745,AQEBVUFYALHXCW-ITYLOYPMSA-N,CCn1cc(/C=C2\Oc3cccc(O)c3C2=O)c2c(-c3ccc(C(=O)N4CCN(CCO)CC4)cc3)ccnc21,O=C1C(=Cc2c[nH]c3nccc(-c4ccc(C(=O)N5CCNCC5)cc4)c23)Oc2ccccc21,8.34,1,538.604,3.795,108.13,2,7,6,6,0.258,0.3597
CHEMBL1098311,AQZCUKHDRDMPLK-UHFFFAOYSA-N,Nc1ccc(-c2nc(N3CCOCC3)c3cnn(-c4ccccc4)c3n2)nc1,c1ccc(-n2ncc3c(N4CCOCC4)nc(-c4ccccn4)nc32)cc1,6.84,1,373.42,2.296,94.98,1,7,3,5,0.2,0.5886
CHEMBL567694,ARKRGLDVMPXTLI-UHFFFAOYSA-N,CCn1ncc2c(N3CC4CCC(C3)O4)nc(-c3ccc(NC(=O)Nc4ccc(NC)nc4)cc3)nc21,O=C(Nc1ccc(-c2nc(N3CC4CCC(C3)O4)c3cn[nH]c3n2)cc1)Nc1cccnc1,9.05,1,499.579,3.962,122.12,3,8,6,6,0.346,0.3644
CHEMBL596426,ASHVJCPRWLMYPH-UHFFFAOYSA-N,CN1CCN(Cc2cc3nc(-c4ccc(NC(=O)NC5CC5)cc4)nc(N4CC5CCC(C4)O5)c3s2)CC1,O=C(Nc1ccc(-c2nc(N3CC4CCC(C3)O4)c3sc(CN4CCNCC4)cc3n2)cc1)NC1CC1,7.8,1,533.702,3.757,85.86,2,8,6,7,0.536,0.4991
CHEMBL585480,ATLHTKSZGMIXLX-UHFFFAOYSA-N,CCn1ncc2c(N3CC4CCC(C3)O4)nc(-c3ccc(NC(=O)Nc4ccc(CCO)cc4)cc3)nc21,O=C(Nc1ccccc1)Nc1ccc(-c2nc(N3CC4CCC(C3)O4)c3cn[nH]c3n2)cc1,10.0,1,513.602,4.06,117.43,3,7,7,6,0.357,0.3411
CHEMBL573157,ATPLVZHZSJDMFY-UHFFFAOYSA-N,COC(=O)N1CCC(n2ncc3c(N4CC5CCC(C4)O5)nc(-c4ccc(NC(=O)Nc5cccnc5)cc4)nc32)CC1,O=C(Nc1ccc(-c2nc(N3CC4CCC(C3)O4)c3cnn(C4CCNCC4)c3n2)cc1)Nc1cccnc1,9.96,1,583.653,4.303,139.63,2,9,5,7,0.4,0.3519
CHEMBL1090573,AUPCSHZFYYOJPD-UHFFFAOYSA-N,O=C(Nc1ccncc1)Nc1ccc(-c2nc(N3CCOCC3)c3ccn(CCN4CCCCC4)c3n2)cc1,O=C(Nc1ccncc1)Nc1ccc(-c2nc(N3CCOCC3)c3ccn(CCN4CCCCC4)c3n2)cc1,7.28,1,526.645,4.46,100.44,2,7,7,6,0.379,0.3667
CHEMBL566004,AUXKCHHCFDLRBV-UHFFFAOYSA-N,CCn1ncc2c(N3CC4CCC(C3)O4)nc(-c3ccc(NC(=O)Nc4cccnc4)cc3)nc21,O=C(Nc1ccc(-c2nc(N3CC4CCC(C3)O4)c3cn[nH]c3n2)cc1)Nc1cccnc1,10.0,1,470.537,3.92,110.09,2,7,5,6,0.32,0.4549
CHEMBL595507,AVZGSICCQIZYHF-UHFFFAOYSA-N,Oc1cccc(-c2nc(N3CCOCC3)c3ncn(C4CCN(Cc5ccc(N6CCOCC6)nc5)CC4)c3n2)c1,c1ccc(-c2nc(N3CCOCC3)c3ncn(C4CCN(Cc5ccc(N6CCOCC6)nc5)CC4)c3n2)cc1,6.82,1,556.671,3.104,104.9,1,10,6,7,0.467,0.3809
CHEMBL1091864,AWXJLJWNLJMSCN-JAIQZWGSSA-N,O=C1/C(=C/c2c(-c3ccc(Cl)cc3)[nH]c3ccccc23)Oc2cc(O)cc(O)c21,O=C1C(=Cc2c(-c3ccccc3)[nH]c3ccccc23)Oc2ccccc21,6.72,1,403.821,5.516,82.55,3,4,2,5,0.0,0.3849
CHEMBL1091703,AWYQPFBZFZNCSS-UHBFCERESA-N,Cn1cc(/C=C2\Oc3ccc(NC(=O)Nc4cccnc4)cc3C2=O)c2c(N3CCC(C(=O)NCc4cccnc4)CC3)ccnc21,O=C(Nc1cccnc1)Nc1ccc2c(c1)C(=O)C(=Cc1c[nH]c3nccc(N4CCC(C(=O)NCc5cccnc5)CC4)c13)O2,8.05,1,628.693,5.156,143.37,3,8,7,7,0.2,0.21
CHEMBL1092569,AXBOUXRBOUYXCZ-UHFFFAOYSA-N,Oc1cccc(-c2nc(N3CCOCC3)c3[nH]cc(C4CCNCC4)c3n2)c1,c1ccc(-c2nc(N3CCOCC3)c3[nH]cc(C4CCNCC4)c3n2)cc1,5.23,0,379.464,2.634,86.3,3,6,3,5,0.429,0.6486
CHEMBL1093068,AXZVGDDKFLBKAN-YVNNLAQVSA-N,CCNC(=O)Nc1ccc2c(c1)C(=O)/C(=C/c1cn(C)c3nccc(N4CC5CCC(C4)O5)c13)O2,O=C1C(=Cc2c[nH]c3nccc(N4CC5CCC(C4)O5)c23)Oc2ccccc21,7.24,1,473.533,3.699,97.72,2,6,4,6,0.346,0.5611
CHEMBL551442,BCTJBMRLXUOXJQ-UHFFFAOYSA-N,CNC(=O)Nc1ccc(-c2nc(N3CCOCC3)c3cnn(C4CCNCC4)c3n2)cc1,c1ccc(-c2nc(N3CCOCC3)c3cnn(C4CCNCC4)c3n2)cc1,8.85,1,436.52,2.006,109.23,3,7,4,5,0.455,0.5739
CHEMBL1088831,BEHPFPYVKVKMJC-UHFFFAOYSA-N,Oc1cccc(-c2nc(N3CCOCC3)c3[nH]cc(C4CCN(Cc5ccccc5)CC4)c3n2)c1,c1ccc(CN2CCC(c3c[nH]c4c(N5CCOCC5)nc(-c5ccccc5)nc34)CC2)cc1,5.7,0,469.589,4.547,77.51,2,6,5,6,0.357,0.4467
CHEMBL565637,BEQAGKWUABUSFV-UHFFFAOYSA-N,COc1cc(-c2cn(-c3nc(N4CCOCC4)nc(N4CCOCC4)n3)cn2)cc(OC)c1O,c1ccc(-c2cn(-c3nc(N4CCOCC4)nc(N4CCOCC4)n3)cn2)cc1,7.68,1,469.502,1.12,120.12,1,11,6,5,0.455,0.5591
CHEMBL269553,BHGHZFAGDKIPAL-UNTCJKLUSA-N,CO[C@H]1C[C@@H]2CC[C@@H](C)[C@@](O)(O2)C(=O)C(=O)N2CCCC[C@H]2C(=O)OC([C@H](C)C[C@@H]2CC[C@@H](OC(=O)N(C)OC)[C@H](OC)C2)CC(=O)[C@H](C)/C=C(\C)[C@@H](O)[C@@H](OC)C(=O)[C@H](C)C[C@H](C)/C=C/C=C/C=C/1C,O=C1CCC=CCC(=O)CC(CCC2CCCCC2)OC(=O)C2CCCCN2C(=O)C(=O)C2CCCC(CCC=CC=CC=CCCC1)O2,8.24,1,1001.265,6.818,213.97,2,15,8,4,0.741,0.1105
CHEMBL1097261,BLWDCTWBBZULIS-UHFFFAOYSA-N,c1ccc(-n2ncc3c(N4CCOCC4)nc(-c4ccc5[nH]ccc5c4)nc32)cc1,c1ccc(-n2ncc3c(N4CCOCC4)nc(-c4ccc5[nH]ccc5c4)nc32)cc1,7.57,1,396.454,3.8,71.86,1,5,3,6,0.174,0.5022
CHEMBL1093629,BMFNJUDIGQHUBL-WCSRMQSCSA-N,O=C1/C(=C/c2c[nH]c3ccccc23)Oc2cc(O)cc(O)c21,O=C1C(=Cc2c[nH]c3ccccc23)Oc2ccccc21,5.04,0,293.278,3.195,82.55,3,4,1,4,0.0,0.6017
CHEMBL592917,BOCKHNDSVLBIHB-UHFFFAOYSA-N,O=C(Nc1ccncc1)Nc1ccc(-c2nc(N3CC4CCC(C3)O4)c3sccc3n2)cc1,O=C(Nc1ccncc1)Nc1ccc(-c2nc(N3CC4CCC(C3)O4)c3sccc3n2)cc1,9.36,1,458.547,4.765,92.27,2,7,4,6,0.25,0.4579
CHEMBL601689,BPPQVJDWSGXVBZ-UHFFFAOYSA-N,O=C(Nc1ccncc1)Nc1ccc(-c2nc(C3=CCOCC3)c3sccc3n2)cc1,O=C(Nc1ccncc1)Nc1ccc(-c2nc(C3=CCOCC3)c3sccc3n2)cc1,8.74,1,429.505,5.201,89.03,2,6,4,5,0.13,0.4654
CHEMBL575576,BQTUXBMTUNHMOS-UHFFFAOYSA-N,CCNC(=O)Nc1ccc(-c2nc(N3C4CCC3COC4)c3cnn(C4CCN(C(=O)OC)CC4)c3n2)cc1,c1ccc(-c2nc(N3C4CCC3COC4)c3cnn(C4CCNCC4)c3n2)cc1,9.21,1,534.621,3.406,126.74,2,8,5,6,0.519,0.5101
CHEMBL272593,BRYZLAMDURDEJP-MNORPUJZSA-N,COC[C@H]1OC(=O)/C(=C/N(C)CCCC(=O)O)C2=C(O)C(=O)C3=C([C@H](OC(C)=O)C[C@]4(C)[C@@H](O)CC[C@@H]34)[C@]21C,C=C1C(=O)OCC2C1=CC(=O)C1=C2CCC2CCCC12,4.9,0,547.601,2.049,159.9,3,10,8,4,0.643,0.3014
CHEMBL1090780,BVHGPAUHGYTFMJ-UHFFFAOYSA-N,O=C(Nc1ccncc1)Nc1ccc(-c2nc(N3CCOCC3)c3ccn(CC(F)(F)F)c3n2)cc1,O=C(Nc1ccncc1)Nc1ccc(-c2nc(N3CCOCC3)c3cc[nH]c3n2)cc1,9.0,1,497.481,4.536,97.2,2,6,5,5,0.25,0.4205
CHEMBL179242,BVRDQVRQVGRNHG-UHFFFAOYSA-N,O=c1cc(N2CCOCC2)nc2c3ccccc3ccn12,O=c1cc(N2CCOCC2)nc2c3ccccc3ccn12,5.28,0,281.315,1.684,46.84,0,4,1,4,0.25,0.6368
CHEMBL599258,BWAPBAYGNOERHW-UHFFFAOYSA-N,O=C(Nc1ccc(-c2nc(N3CCOCC3)nc(N3CCOCC3)n2)cc1)Nc1ccnnc1,O=C(Nc1ccc(-c2nc(N3CCOCC3)nc(N3CCOCC3)n2)cc1)Nc1ccnnc1,8.64,1,463.502,1.646,130.52,2,10,5,5,0.364,0.5757
CHEMBL1095946,BWBYDAOVOQPPDO-UHFFFAOYSA-N,CONC(=O)Nc1ccc(-c2nc(N3CCOCC3)c3cnn(C4CCN(Cc5cccnc5)CC4)c3n2)cc1,c1ccc(-c2nc(N3CCOCC3)c3cnn(C4CCN(Cc5cccnc5)CC4)c3n2)cc1,7.64,1,543.632,3.245,122.56,2,9,7,6,0.393,0.3383
CHEMBL565849,BXRMHHSERKBUGT-UHFFFAOYSA-N,OCc1cccc(-c2ccc(-c3cc(N4CCOCC4)nc(N4CCOCC4)n3)o2)c1,c1ccc(-c2ccc(-c3cc(N4CCOCC4)nc(N4CCOCC4)n3)o2)cc1,6.29,1,422.485,2.569,84.09,1,8,5,5,0.391,0.6718
CHEMBL1091697,BXXXTYRVJWRSTE-MNDYBZJGSA-N,Cn1cc(/C=C2\Oc3ccc(NC(=O)Nc4cccnc4)cc3C2=O)c2c(N3CCC(C(=O)N4C5CCC4COC5)CC3)ccnc21,O=C(Nc1cccnc1)Nc1ccc2c(c1)C(=O)C(=Cc1c[nH]c3nccc(N4CCC(C(=O)N5C6CCC5COC6)CC4)c13)O2,8.27,1,633.709,4.835,130.92,2,8,5,8,0.343,0.299
CHEMBL1098301,BYTUZXFPQGUPIA-UHFFFAOYSA-N,COC(=O)Nc1ccc(-c2nc(N3CCOCC3)c3cnn(C4CCN(Cc5ccccc5)CC4)c3n2)cc1,c1ccc(CN2CCC(n3ncc4c(N5CCOCC5)nc(-c5ccccc5)nc43)CC2)cc1,7.92,1,527.629,4.345,97.64,1,8,6,6,0.379,0.3955
CHEMBL1098248,BZXCVHXYXYFXQP-UHFFFAOYSA-N,COC(=O)N1CCC(n2ncc3c(N4CCOCC4)nc(-c4ccc(NC(=O)Nc5ccc(CCN6CCOCC6)cc5)cc4)nc32)CC1,O=C(Nc1ccc(CCN2CCOCC2)cc1)Nc1ccc(-c2nc(N3CCOCC3)c3cnn(C4CCNCC4)c3n2)cc1,9.22,1,669.787,4.252,139.21,2,10,8,7,0.457,0.28
CHEMBL589600,CAAMXUUCNDCFFK-UHFFFAOYSA-N,Cn1nnc2c(N3CCOCC3)nc(-c3ccc(NC(=O)Nc4cccs4)cc3)nc21,O=C(Nc1ccc(-c2nc(N3CCOCC3)c3nn[nH]c3n2)cc1)Nc1cccs1,8.43,1,436.501,2.967,110.09,2,8,4,5,0.25,0.506
CHEMBL1097263,CBRULMYFULTTGF-UHFFFAOYSA-N,Nc1ccc(-c2nc(N3CCOCC3)c3cnn(-c4ccccc4)c3n2)cc1,c1ccc(-c2nc(N3CCOCC3)c3cnn(-c4ccccc4)c3n2)cc1,7.14,1,372.432,2.901,82.09,1,6,3,5,0.19,0.557
CHEMBL1082618,CCUOOSWBLWZDMN-UZWMFBFFSA-N,COc1ccc2[nH]c(-c3c(C)nn(C)c3C)c(/C=C3/Oc4ccc(NC(=O)Nc5ccc(C(=O)N6CCN(C)CC6)cc5)cc4C3=O)c2c1,O=C(Nc1ccc(C(=O)N2CCNCC2)cc1)Nc1ccc2c(c1)C(=O)C(=Cc1c(-c3cn[nH]c3)[nH]c3ccccc13)O2,8.42,1,659.747,5.842,133.82,3,7,6,7,0.243,0.1951
CHEMBL1090130,CDRBGHJNUBPWFB-BKUYFWCQSA-N,Cn1c(-c2ccccc2)c(/C=C2\Oc3cc(O)cc(O)c3C2=O)c2ccccc21,O=C1C(=Cc2c(-c3ccccc3)[nH]c3ccccc23)Oc2ccccc21,7.02,1,383.403,4.873,71.69,2,4,2,5,0.042,0.4845
CHEMBL600084,CEPZLSYRIXXARR-UHFFFAOYSA-N,CNC(=O)Nc1ccc(-c2nc(N3CC4CCC(C3)O4)c3cnn(C4CCN(C(=O)OC(C)(C)C)CC4)c3n2)cc1,c1ccc(-c2nc(N3CC4CCC(C3)O4)c3cnn(C4CCNCC4)c3n2)cc1,9.59,1,562.675,4.184,126.74,2,8,4,6,0.552,0.4849
CHEMBL1092119,CFYIBWFGBQGKRX-JCMHNJIXSA-N,Cn1cc(/C=C2\Oc3cccc(O)c3C2=O)c2c(N3CCC(C(=O)N4CCOCC4)CC3)ccnc21,O=C1C(=Cc2c[nH]c3nccc(N4CCC(C(=O)N5CCOCC5)CC4)c23)Oc2ccccc21,8.85,1,488.544,2.97,97.13,1,7,3,6,0.37,0.5664
CHEMBL219410,CGTADGCBEXYWNE-JUKNQOCSSA-N,CO[C@H]1C[C@@H]2CC[C@@H](C)[C@@](O)(O2)C(=O)C(=O)N2CCCC[C@H]2C(=O)O[C@H]([C@H](C)C[C@@H]2CC[C@H](n3cnnn3)[C@H](OC)C2)CC(=O)[C@H](C)/C=C(\C)[C@@H](O)[C@@H](OC)C(=O)[C@H](C)C[C@H](C)/C=C/C=C/C=C/1C,O=C1CCC=CCC(=O)CC(CCC2CCC(n3cnnn3)CC2)OC(=O)C2CCCCN2C(=O)C(=O)C2CCCC(CCC=CC=CC=CCCC1)O2,8.48,1,966.227,6.048,218.8,2,15,7,5,0.731,0.1807
CHEMBL596533,CIYPRIYMRXXGKK-UHFFFAOYSA-N,Oc1cccc(-c2nc(N3CCOCC3)c3ncn(C4CCN(Cc5ccccc5)CC4)c3n2)c1,c1ccc(CN2CCC(n3cnc4c(N5CCOCC5)nc(-c5ccccc5)nc43)CC2)cc1,6.85,1,470.577,3.873,79.54,1,7,5,6,0.37,0.4743
CHEMBL409427,CJBUIXUKKYBNGZ-BNNBOEQISA-N,COC[C@H]1OC(=O)/C(=C/N(C)CCN(C)C)C2=C(O)C(=O)C3=C([C@H](OC(C)=O)C[C@]4(C)[C@@H](O)CC[C@@H]34)[C@]21C,C=C1C(=O)OCC2C1=CC(=O)C1=C2CCC2CCCC12,5.83,0,532.634,1.746,125.84,2,10,7,4,0.679,0.3699
CHEMBL1242377,CJMMCIXRPVLDBH-UHFFFAOYSA-N,CC(C)n1nc(-c2ccc(F)c(O)c2)c2c(N)ncnc21,c1ccc(-c2n[nH]c3ncncc23)cc1,7.43,1,287.298,2.501,89.85,2,5,2,3,0.214,0.7555
CHEMBL1091714,CKBQNLZZMPQJMA-QJYLRPAKSA-N,C[C@@H]1COCCN1c1nc(-c2ccc(NC(=O)Nc3ccc(C(=O)NCCN(C)C)cc3)cc2)nc(N2C3CCC2COC3)n1,O=C(Nc1ccccc1)Nc1ccc(-c2nc(N3CCOCC3)nc(N3C4CCC3COC4)n2)cc1,10.0,1,615.739,3.067,137.08,3,10,9,6,0.469,0.3295
CHEMBL410071,CKMRQMKRECHPQM-GXVQPTNUSA-N,COC[C@H]1OC(=O)/C(=C/N2CCC(C(=O)O)CC2)C2=C(O)C(=O)C3=C([C@H](OC(C)=O)C[C@]4(C)[C@@H](O)CC[C@@H]34)[C@]21C,O=C1C=C2C(=CN3CCCCC3)C(=O)OCC2C2=C1C1CCCC1CC2,6.08,1,559.612,2.049,159.9,3,10,5,5,0.655,0.3341
CHEMBL1090710,CMHDLFGNDMVUAI-GATIEOLUSA-N,Cn1cc(/C=C2\Oc3ccc(NC(=O)Nc4cccnc4)cc3C2=O)c2c(N3C4CCC3COC4)ccnc21,O=C(Nc1cccnc1)Nc1ccc2c(c1)C(=O)C(=Cc1c[nH]c3nccc(N4C5CCC4COC5)c13)O2,7.38,1,522.565,4.596,110.61,2,7,4,7,0.241,0.3772
CHEMBL1091596,COKADSMBFNSRTG-UHFFFAOYSA-N,O=C(Nc1ccc(CO)cc1)Nc1ccc(-c2nc(N3C4CCC3COC4)nc(N3C4CCC3COC4)n2)cc1,O=C(Nc1ccccc1)Nc1ccc(-c2nc(N3C4CCC3COC4)nc(N3C4CCC3COC4)n2)cc1,9.74,1,543.628,3.41,124.97,3,9,6,7,0.448,0.4289
CHEMBL604247,CQIAVDKVGABVRK-UHFFFAOYSA-N,Cc1ccc(CN2CCC(n3cnc4c(N5CCOCC5)nc(-c5cncc(O)c5)nc43)CC2)cc1,c1ccc(CN2CCC(n3cnc4c(N5CCOCC5)nc(-c5cccnc5)nc43)CC2)cc1,6.23,1,485.592,3.576,92.43,1,8,5,6,0.407,0.4587
CHEMBL576543,CSWCYAKVQTXBOF-UHFFFAOYSA-N,Cn1ccc2cccc(-c3nc(N4CCOCC4)c4cnn(C5CCN(Cc6ccccc6)CC5)c4n3)c21,c1ccc(CN2CCC(n3ncc4c(N5CCOCC5)nc(-c5cccc6cc[nH]c56)nc43)CC2)cc1,6.24,1,507.642,4.659,64.24,0,6,5,7,0.367,0.3449
CHEMBL504547,CUISPPCDYZFGCY-ZDLGFXPLSA-N,O=C1NC(=O)c2ccc(I)cc2/C1=C/NCc1ccc(-c2ccoc2)c(O)c1,O=C1NC(=O)c2ccccc2C1=CNCc1ccc(-c2ccoc2)cc1,4.75,0,486.265,3.658,91.57,3,5,4,4,0.048,0.2977
CHEMBL585126,CVMBXWIKSOMGQU-UHFFFAOYSA-N,CCNC(=O)Nc1ccc(-c2nc(N3CC4CCC(C3)O4)c3cnn(CCN(C)C)c3n2)cc1,c1ccc(-c2nc(N3CC4CCC(C3)O4)c3cn[nH]c3n2)cc1,7.89,1,464.574,2.564,100.44,2,7,7,5,0.5,0.5543
CHEMBL1091695,CWALREXCOSNFNO-QRQIAZFYSA-N,Cn1cc(/C=C2\Oc3ccc(NC(=O)Nc4cccnc4)cc3C2=O)c2c(N3CCC(C(=O)N4CCOCC4)CC3)ccnc21,O=C(Nc1cccnc1)Nc1ccc2c(c1)C(=O)C(=Cc1c[nH]c3nccc(N4CCC(C(=O)N5CCOCC5)CC4)c13)O2,7.75,1,607.671,4.304,130.92,2,8,5,7,0.303,0.3213
CHEMBL98350,CZQHHVNHHHRRDU-UHFFFAOYSA-N,O=c1cc(N2CCOCC2)oc2c(-c3ccccc3)cccc12,O=c1cc(N2CCOCC2)oc2c(-c3ccccc3)cccc12,5.5,0,307.349,3.297,42.68,0,4,2,4,0.211,0.7284
CHEMBL1091884,DAJDCRRHQWUCDG-PXNMLYILSA-N,Cc1[nH]c2ccccc2c1/C=C1\Oc2cc(O)cc(O)c2C1=O,O=C1C(=Cc2c[nH]c3ccccc23)Oc2ccccc21,6.3,1,307.305,3.504,82.55,3,4,1,4,0.056,0.6008
CHEMBL592461,DARFQBXATOBEAV-UHFFFAOYSA-N,O=C(Nc1ccc(C(=O)N2CCC(N3CCCC3)CC2)cc1)Nc1ccc(-c2nc(N3CCOCC3)nc(N3CCOCC3)n2)cc1,O=C(Nc1ccc(C(=O)N2CCC(N3CCCC3)CC2)cc1)Nc1ccc(-c2nc(N3CCOCC3)nc(N3CCOCC3)n2)cc1,9.1,1,641.777,3.556,128.29,2,10,7,7,0.5,0.3954
CHEMBL1242470,DAXOOIRHYYCDDH-UHFFFAOYSA-N,N#CCCCCn1nc(-c2ccc(F)c(O)c2)c2c(N)ncnc21,c1ccc(-c2n[nH]c3ncncc23)cc1,6.08,1,326.335,2.614,113.64,2,6,5,3,0.25,0.6967
CHEMBL552532,DAYJDLKGFSGOQF-UHFFFAOYSA-N,O=C(Nc1ccc(-c2nc(N3CCOCC3)c3cnn(C4CCN(Cc5cccnc5)CC4)c3n2)cc1)OCCO,c1ccc(-c2nc(N3CCOCC3)c3cnn(C4CCN(Cc5cccnc5)CC4)c3n2)cc1,8.82,1,558.643,3.103,130.76,2,10,8,6,0.414,0.3326
CHEMBL593156,DCQVJAZICZPUFT-UHFFFAOYSA-N,Oc1cccc(-c2nc(N3CC4CCC(C3)O4)c3sccc3n2)c1,c1ccc(-c2nc(N3CC4CCC(C3)O4)c3sccc3n2)cc1,7.24,1,339.42,3.432,58.48,1,6,2,5,0.333,0.775
CHEMBL558486,DCWBQVATVGTHLS-UHFFFAOYSA-N,CCNC(=O)Nc1ccc(-c2nc(N3CCOCC3)c3cnn(C4CCN(C(=O)OC)CC4)c3n2)cc1,c1ccc(-c2nc(N3CCOCC3)c3cnn(C4CCNCC4)c3n2)cc1,9.49,1,508.583,2.875,126.74,2,8,5,5,0.48,0.5388
CHEMBL561907,DDTZRQUKUGXHGI-UHFFFAOYSA-N,COC(=O)N1CCC(n2ncc3c(N4CCOCC4)nc(-c4ccc(NC(=O)NCCF)cc4)nc32)CC1,c1ccc(-c2nc(N3CCOCC3)c3cnn(C4CCNCC4)c3n2)cc1,9.215,1,526.573,2.824,126.74,2,8,6,5,0.48,0.5022
CHEMBL597815,DFDWBKKKIUWMBT-UHFFFAOYSA-N,O=C(Nc1ccc(-c2nc(N3CCOCC3)nc(N3CCOCC3)n2)cc1)Nc1ccc(F)cc1F,O=C(Nc1ccccc1)Nc1ccc(-c2nc(N3CCOCC3)nc(N3CCOCC3)n2)cc1,8.03,1,497.506,3.134,104.74,2,8,5,5,0.333,0.5542
CHEMBL590105,DFZZGJMXAGYQAS-UHFFFAOYSA-N,O=C(Nc1ccc(-c2nc(C3=CCOCC3)c3cnn(CC(F)(F)F)c3n2)cc1)Nc1cccnc1,O=C(Nc1ccc(-c2nc(C3=CCOCC3)c3cn[nH]c3n2)cc1)Nc1cccnc1,9.0,1,495.465,4.898,106.85,2,6,5,5,0.208,0.408
CHEMBL1097895,DJVVXKDLVNGSNI-UHFFFAOYSA-N,O=C(Nc1ccc(-c2nc(N3CCOCC3)c3cnn(C4CCN(Cc5ccccc5)CC4)c3n2)cc1)NC1CC1,O=C(Nc1ccc(-c2nc(N3CCOCC3)c3cnn(C4CCN(Cc5ccccc5)CC4)c3n2)cc1)NC1CC1,8.59,1,552.683,4.451,100.44,2,7,7,7,0.419,0.3494
CHEMBL1083192,DKVYWIZHXFHHNQ-UHFFFAOYSA-N,CS(=O)(=O)N1CCN(Cc2cc3nc(-c4cnc(N)nc4)nc(N4CCOCC4)c3s2)CC1,c1ncc(-c2nc(N3CCOCC3)c3sc(CN4CCNCC4)cc3n2)cn1,7.54,1,490.615,0.644,130.67,1,11,5,5,0.5,0.5436
CHEMBL558955,DLIGFKRUAOAIBA-UHFFFAOYSA-N,COC(=O)N1CCC(n2ncc3c(N4CCOCC4)nc(-c4ccc(NC(=O)Nc5ccc(CO)cc5)cc4)nc32)CC1,O=C(Nc1ccccc1)Nc1ccc(-c2nc(N3CCOCC3)c3cnn(C4CCNCC4)c3n2)cc1,10.1,1,586.653,3.87,146.97,3,9,6,6,0.367,0.3063
CHEMBL1091352,DLKUYIIKKUMCAQ-UHFFFAOYSA-N,CCN1CCN(c2ccc(NC(=O)Nc3ccc(-c4nc(C5CCOCC5)nc(N5C6CCC5COC6)n4)cc3)cc2)CC1,O=C(Nc1ccc(-c2nc(C3CCOCC3)nc(N3C4CCC3COC4)n2)cc1)Nc1ccc(N2CCNCC2)cc1,9.25,1,598.752,4.586,107.98,2,9,7,7,0.515,0.4039
CHEMBL1092390,DOIHBCAHVZCZBV-BQEUZBSESA-N,C[C@@H]1COCCN1c1nc(-c2ccc(NC(=O)Nc3ccc(C(=O)N4CCN(C)CC4)cc3)cc2)nc(N2C3CCC2COC3)n1,O=C(Nc1ccc(C(=O)N2CCNCC2)cc1)Nc1ccc(-c2nc(N3CCOCC3)nc(N3C4CCC3COC4)n2)cc1,9.24,1,627.75,3.163,128.29,2,10,6,7,0.485,0.4208
CHEMBL600811,DPFONBIFXAOZIL-UHFFFAOYSA-N,CCn1ncc2c(N3CC4CCC(C3)O4)nc(-c3ccc(NC(=O)NC)cc3)nc21,c1ccc(-c2nc(N3CC4CCC(C3)O4)c3cn[nH]c3n2)cc1,9.13,1,407.478,2.632,97.2,2,6,4,5,0.429,0.6901
CHEMBL576768,DPTZAZDLROZORV-UHFFFAOYSA-N,O=C(c1cccnc1)N1CCC(n2ncc3c(N4CCOCC4)nc(-c4ccc5[nH]ccc5c4)nc32)CC1,O=C(c1cccnc1)N1CCC(n2ncc3c(N4CCOCC4)nc(-c4ccc5[nH]ccc5c4)nc32)CC1,8.4,1,508.586,3.684,105.06,1,7,4,7,0.321,0.3948
CHEMBL1090388,DQBWVSRNMDACJQ-CFRMEGHHSA-N,Cn1cc(/C=C2\Oc3cccc(O)c3C2=O)c2c(N3CCC(C(=O)N4CC5CCC(C4)O5)CC3)ccnc21,O=C1C(=Cc2c[nH]c3nccc(N4CCC(C(=O)N5CC6CCC(C5)O6)CC4)c23)Oc2ccccc21,8.7,1,514.582,3.501,97.13,1,7,3,7,0.414,0.5346
CHEMBL590356,DRQLIZARSVBQMJ-UHFFFAOYSA-N,O=C(NCCF)Nc1ccc(-c2nc(C3=CCOCC3)c3sccc3n2)cc1,C1=C(c2nc(-c3ccccc3)nc3ccsc23)CCOC1,8.6,1,398.463,4.253,76.14,2,5,5,4,0.25,0.6736
CHEMBL597825,DTJDTFBMPVOAPF-UHFFFAOYSA-N,CNC(=O)c1ccc(NC(=O)Nc2ccc(-c3nc(N4CCOCC4)nc(N4CCOCC4)n3)cc2)cc1,O=C(Nc1ccccc1)Nc1ccc(-c2nc(N3CCOCC3)nc(N3CCOCC3)n2)cc1,9.15,1,518.578,2.215,133.84,3,9,6,5,0.346,0.449
CHEMBL1091358,DTUJUZUXGBVDHP-UHFFFAOYSA-N,CN(C)CCNC(=O)c1ccc(NC(=O)Nc2ccc(-c3nc(C4CCOCC4)nc(N4C5CCC4COC5)n3)cc2)cc1,O=C(Nc1ccccc1)Nc1ccc(-c2nc(C3CCOCC3)nc(N3C4CCC3COC4)n2)cc1,9.85,1,600.724,3.736,133.84,3,9,9,6,0.469,0.3359
CHEMBL1241675,DTUMIKLOEHJGJT-UHFFFAOYSA-N,Nc1ncnc2c1c(-c1ccn3ccnc3c1)nn2C1CCCC1,c1ncc2c(-c3ccn4ccnc4c3)nn(C3CCCC3)c2n1,5.32,0,319.372,2.838,86.92,1,5,2,5,0.294,0.6137
CHEMBL1097262,DWESOYJSBBZUMD-UHFFFAOYSA-N,Nc1cccc(-c2nc(N3CCOCC3)c3cnn(-c4ccccc4)c3n2)c1,c1ccc(-c2nc(N3CCOCC3)c3cnn(-c4ccccc4)c3n2)cc1,6.96,1,372.432,2.901,82.09,1,6,3,5,0.19,0.557
CHEMBL592445,DWZAEMINVBZMHQ-UHFFFAOYSA-N,CN(C)C1CCN(C(=O)c2ccc(NC(=O)Nc3ccc(-c4nc(N5CCOCC5)nc(N5CCOCC5)n4)cc3)cc2)CC1,O=C(Nc1ccc(C(=O)N2CCCCC2)cc1)Nc1ccc(-c2nc(N3CCOCC3)nc(N3CCOCC3)n2)cc1,8.8,1,615.739,3.022,128.29,2,10,7,6,0.469,0.4095
CHEMBL1091346,DWZMKBJNBGZSNL-UHFFFAOYSA-N,CC(C)N(C)c1nc(-c2ccc(NC(=O)Nc3ccc(N4CCN(C)CC4)cc3)cc2)nc(N2C3CCC2COC3)n1,O=C(Nc1ccc(-c2ncnc(N3C4CCC3COC4)n2)cc1)Nc1ccc(N2CCNCC2)cc1,8.18,1,571.73,4.147,101.99,2,9,7,6,0.484,0.4331
CHEMBL584734,DZCKHQBHPTXSEC-UHFFFAOYSA-N,CCNC(=O)Nc1ccc(-c2nc(N3CC4CCC(C3)O4)c3cnn(CC)c3n2)cc1,c1ccc(-c2nc(N3CC4CCC(C3)O4)c3cn[nH]c3n2)cc1,9.22,1,421.505,3.022,97.2,2,6,5,5,0.455,0.6573
CHEMBL593064,FCTIIYYWTWBECW-UHFFFAOYSA-N,Oc1cccc(-c2nc(N3CCOCC3)c3ncn(C4CCN(Cc5cncc(Cl)c5)CC4)c3n2)c1,c1ccc(-c2nc(N3CCOCC3)c3ncn(C4CCN(Cc5cccnc5)CC4)c3n2)cc1,6.7,1,506.01,3.921,92.43,1,8,5,6,0.385,0.4361
CHEMBL1089422,FDZLVAKABOAMEY-NDENLUEZSA-N,O=C1/C(=C/c2c(-c3ccccc3)[nH]c3ccccc23)Oc2cc(O)cc(O)c21,O=C1C(=Cc2c(-c3ccccc3)[nH]c3ccccc23)Oc2ccccc21,6.89,1,369.376,4.862,82.55,3,4,2,5,0.0,0.4407
CHEMBL1091360,FFOSMKDQFMVOLX-QJYLRPAKSA-N,C[C@@H]1COCCN1c1nc(-c2ccc(NC(=O)Nc3ccc(N4CCNCC4)cc3)cc2)nc(N2C3CCC2COC3)n1,O=C(Nc1ccc(-c2nc(N3CCOCC3)nc(N3C4CCC3COC4)n2)cc1)Nc1ccc(N2CCNCC2)cc1,9.4,1,585.713,3.185,120.01,3,10,6,7,0.484,0.398
CHEMBL1091713,FGHCWWRKFHRERP-URCVZGBWSA-N,CC(C)N1CCN(C(=O)c2ccc(NC(=O)Nc3ccc(-c4nc(N5C6CCC5COC6)nc(N5CCOC[C@H]5C)n4)cc3)cc2)CC1,O=C(Nc1ccc(C(=O)N2CCNCC2)cc1)Nc1ccc(-c2nc(N3CCOCC3)nc(N3C4CCC3COC4)n2)cc1,9.38,1,655.804,3.942,128.29,2,10,7,7,0.514,0.3865
CHEMBL1095281,FGNWNPNHRQNBPI-UHFFFAOYSA-N,CC(=O)N(C)c1ccc(-c2nc(N3CCOCC3)c3cnn(-c4ccccc4)c3n2)cc1,c1ccc(-c2nc(N3CCOCC3)c3cnn(-c4ccccc4)c3n2)cc1,6.32,1,428.496,3.302,76.38,0,6,4,5,0.25,0.4965
CHEMBL1242658,FHNLPTRXVQOXQO-SECBINFHSA-N,Nc1ncnc2c1c(-c1ccc(F)c(O)c1)nn2[C@@H]1CCNC1,c1ccc(-c2nn(C3CCNC3)c3ncncc23)cc1,5.3,0,314.324,1.455,101.88,3,6,2,4,0.267,0.6616
CHEMBL1242657,FHNLPTRXVQOXQO-VIFPVBQESA-N,Nc1ncnc2c1c(-c1ccc(F)c(O)c1)nn2[C@H]1CCNC1,c1ccc(-c2nn(C3CCNC3)c3ncncc23)cc1,5.19,0,314.324,1.455,101.88,3,6,2,4,0.267,0.6616
CHEMBL1098244,FIUDAJSOKHKCEH-UHFFFAOYSA-N,COC(=O)N1CCC(n2ncc3c(N4CCOCC4)nc(-c4ccc(NC(=O)Nc5ccccc5)cc4)nc32)CC1,O=C(Nc1ccccc1)Nc1ccc(-c2nc(N3CCOCC3)c3cnn(C4CCNCC4)c3n2)cc1,9.52,1,556.627,4.377,126.74,2,8,5,6,0.345,0.371
CHEMBL409620,FMJRGRDZLSKVGR-OENMVDEISA-N,COC[C@H]1OC(=O)/C(=C/N(C)CC(O)CO)C2=C(O)C(=O)C3=C([C@H](OC(C)=O)C[C@]4(C)[C@@H](O)CC[C@@H]34)[C@]21C,C=C1C(=O)OCC2C1=CC(=O)C1=C2CCC2CCCC12,5.73,0,535.59,0.537,163.06,4,11,7,4,0.667,0.2657
CHEMBL583194,FPEIJQLXFHKLJV-UHFFFAOYSA-N,c1cncc(CN2CCC(n3ncc4c(N5CCOCC5)nc(-c5ccc6[nH]ccc6c5)nc43)CC2)c1,c1cncc(CN2CCC(n3ncc4c(N5CCOCC5)nc(-c5ccc6[nH]ccc6c5)nc43)CC2)c1,8.05,1,494.603,4.043,87.99,1,7,5,7,0.357,0.3945
CHEMBL406237,FPIGMPPQILOCMO-SBHFYECFSA-N,COC[C@H]1OC(=O)/C(=C/N2CCN(Cc3ccccc3)CC2)C2=C(O)C(=O)C3=C([C@H](OC(C)=O)C[C@]4(C)[C@@H](O)CC[C@@H]34)[C@]21C,O=C1C=C2C(=CN3CCN(Cc4ccccc4)CC3)C(=O)OCC2C2=C1C1CCCC1CC2,6.05,1,606.716,3.07,125.84,2,10,6,6,0.559,0.3687
CHEMBL1097902,FTALCBNCXWPPIP-UHFFFAOYSA-N,O=C(Nc1ccc(-c2nc(N3CCOCC3)c3cnn(C4CCN(Cc5ccccc5)CC4)c3n2)cc1)Nc1ncc[nH]1,O=C(Nc1ccc(-c2nc(N3CCOCC3)c3cnn(C4CCN(Cc5ccccc5)CC4)c3n2)cc1)Nc1ncc[nH]1,9.15,1,578.681,4.534,129.12,3,8,7,7,0.323,0.2569
CHEMBL591337,FTMXCPSPLOHTFQ-UHFFFAOYSA-N,OCc1cccc(-c2nc(N3CCOCC3)c3ncn(C4CCN(Cc5ccccn5)CC4)c3n2)c1,c1ccc(-c2nc(N3CCOCC3)c3ncn(C4CCN(Cc5ccccn5)CC4)c3n2)cc1,6.51,1,485.592,3.054,92.43,1,8,6,6,0.407,0.4456
CHEMBL1091704,FTPSLUIIHZVLSH-LJUMEUDFSA-N,CN(Cc1cccnc1)C(=O)C1CCN(c2ccnc3c2c(/C=C2\Oc4ccc(NC(=O)Nc5cccnc5)cc4C2=O)cn3C)CC1,O=C(Nc1cccnc1)Nc1ccc2c(c1)C(=O)C(=Cc1c[nH]c3nccc(N4CCC(C(=O)NCc5cccnc5)CC4)c13)O2,7.96,1,642.72,5.499,134.58,2,8,7,7,0.222,0.2225
CHEMBL577743,FTRSKAKWKUDZKU-UHFFFAOYSA-N,CCn1ncc2c(N3CC4CCC(C3)O4)nc(-c3ccc(NC(=O)Nc4ccc(CN5CCN(C)CC5)cc4)cc3)nc21,O=C(Nc1ccc(CN2CCNCC2)cc1)Nc1ccc(-c2nc(N3CC4CCC(C3)O4)c3cn[nH]c3n2)cc1,9.15,1,581.725,4.272,103.68,2,8,7,7,0.438,0.3337
CHEMBL593515,FUDQNOGEMXSUSQ-UHFFFAOYSA-N,Oc1cccc(-c2nc(N3CCOCC3)c3nc[nH]c3n2)c1,c1ccc(-c2nc(N3CCOCC3)c3nc[nH]c3n2)cc1,5.7,0,297.318,1.562,87.16,2,6,2,4,0.267,0.7462
CHEMBL590594,FUDRVRQHDVLJRT-UHFFFAOYSA-N,CCn1nnc2c(N3CCOCC3)nc(-c3ccc(NC(=O)Nc4ccc(C(=O)NCCCN(C)C)cc4)cc3)nc21,O=C(Nc1ccccc1)Nc1ccc(-c2nc(N3CCOCC3)c3nn[nH]c3n2)cc1,8.66,1,572.674,3.07,142.43,3,9,10,5,0.379,0.2444
CHEMBL1092474,FVLOMFSEAPDXER-WQRHYEAKSA-N,Cn1cc(/C=C2\Oc3cccc(O)c3C2=O)c2c(N3CCC(N)CC3)ccnc21,O=C1C(=Cc2c[nH]c3nccc(N4CCCCC4)c23)Oc2ccccc21,7.72,1,390.443,2.823,93.61,2,6,2,5,0.273,0.6538
CHEMBL596597,FVOXAVYMKTXHTN-UHFFFAOYSA-N,O=C(Nc1ccncc1)Nc1ccc(-c2nc(N3CCOCC3)nc(N3CCOCC3)n2)cc1,O=C(Nc1ccncc1)Nc1ccc(-c2nc(N3CCOCC3)nc(N3CCOCC3)n2)cc1,8.92,1,462.514,2.251,117.63,2,9,5,5,0.348,0.5885
CHEMBL1092189,FWAOTUPZXQMHPH-IWIPYMOSSA-N,COc1ccc2c(c1)c(/C=C1\Oc3cc(O)cc(O)c3C1=O)c(C)n2CCCN1CCOCC1,O=C1C(=Cc2cn(CCCN3CCOCC3)c3ccccc23)Oc2ccccc21,7.75,1,464.518,3.708,93.39,2,7,6,5,0.346,0.5374
CHEMBL590355,FWNNYNPGUOAOCU-UHFFFAOYSA-N,Oc1cccc(-c2nc(C3CCOCC3)c3cnn(-c4ccccc4)c3n2)c1,c1ccc(-c2nc(C3CCOCC3)c3cnn(-c4ccccc4)c3n2)cc1,6.3,1,372.428,4.082,73.06,1,5,3,5,0.227,0.5865
CHEMBL601073,FWYXLDROMMGZKZ-UHFFFAOYSA-N,O=C(Nc1ccc(-c2nc(N3CCOCC3)c3nnn(C4CC4)c3n2)cc1)Nc1cccs1,O=C(Nc1ccc(-c2nc(N3CCOCC3)c3nnn(C4CC4)c3n2)cc1)Nc1cccs1,8.52,1,462.539,3.765,110.09,2,8,5,6,0.318,0.4645
CHEMBL1092395,FZPTZJXAPPIMHT-UHFFFAOYSA-N,CN(C)CCOc1ccc(NC(=O)Nc2ccc(-c3nc(N4C5CCC4COC5)nc(N4C5CCC4COC5)n3)cc2)cc1,O=C(Nc1ccccc1)Nc1ccc(-c2nc(N3C4CCC3COC4)nc(N3C4CCC3COC4)n2)cc1,8.8,1,600.724,3.858,117.21,2,10,9,7,0.5,0.3751
CHEMBL566087,GBTSKWANNRXPIL-KBPBESRZSA-N,CNC(=O)Nc1ccc(-c2nc(N3C[C@@H]4C[C@H]3CO4)c3cnn(CC(F)(F)F)c3n2)cc1,c1ccc(-c2nc(N3CC4CC3CO4)c3cn[nH]c3n2)cc1,8.26,1,447.421,2.784,97.2,2,6,4,5,0.4,0.6386
CHEMBL576979,GBTSKWANNRXPIL-ZIAGYGMSSA-N,CNC(=O)Nc1ccc(-c2nc(N3C[C@H]4C[C@@H]3CO4)c3cnn(CC(F)(F)F)c3n2)cc1,c1ccc(-c2nc(N3CC4CC3CO4)c3cn[nH]c3n2)cc1,7.04,1,447.421,2.784,97.2,2,6,4,5,0.4,0.6386
CHEMBL574641,GCTIWFHZCUZAKE-UHFFFAOYSA-N,c1ccc(CN2CCC(n3ncc4c(N5CCOCC5)nc(-c5ccc6cc[nH]c6c5)nc43)CC2)cc1,c1ccc(CN2CCC(n3ncc4c(N5CCOCC5)nc(-c5ccc6cc[nH]c6c5)nc43)CC2)cc1,6.64,1,493.615,4.648,75.1,1,6,5,7,0.345,0.3843
CHEMBL1233882,GEZALMMCQYDFML-UHFFFAOYSA-N,CC(C)n1nc(-c2ccc3ncccc3c2)c2c(N)ncnc21,c1cnc2ccc(-c3n[nH]c4ncncc34)cc2c1,6.85,1,304.357,3.205,82.51,1,5,2,4,0.176,0.6146
CHEMBL564099,GFDHDIYLLBVZPF-UHFFFAOYSA-N,CNC(=O)Nc1ccc(-c2nc(N3CCOCC3)c3cnn(C4CCN(C)CC4)c3n2)cc1,c1ccc(-c2nc(N3CCOCC3)c3cnn(C4CCNCC4)c3n2)cc1,7.66,1,450.547,2.348,100.44,2,7,4,5,0.478,0.6293
CHEMBL1090709,GGBNLUMJQIZYPI-GATIEOLUSA-N,Cn1cc(/C=C2\Oc3ccc(NC(=O)Nc4cccnc4)cc3C2=O)c2c(N3CC4CCC3CO4)ccnc21,O=C(Nc1cccnc1)Nc1ccc2c(c1)C(=O)C(=Cc1c[nH]c3nccc(N4CC5CCC4CO5)c13)O2,8.12,1,522.565,4.596,110.61,2,7,4,8,0.241,0.3772
CHEMBL1088832,GGFPPLTUSBYFPC-UHFFFAOYSA-N,Oc1cccc(-c2nc(N3CCOCC3)c3[nH]cc(C4CCN(Cc5ccc(F)cc5)CC4)c3n2)c1,c1ccc(CN2CCC(c3c[nH]c4c(N5CCOCC5)nc(-c5ccccc5)nc34)CC2)cc1,5.44,0,487.579,4.686,77.51,2,6,5,6,0.357,0.4255
CHEMBL578661,GJGVISSXPUVBFU-UHFFFAOYSA-N,O=c1[nH]c2ccc(-c3nc(N4CCOCC4)c4cnn(C5CCN(Cc6ccccc6)CC5)c4n3)cc2[nH]1,O=c1[nH]c2ccc(-c3nc(N4CCOCC4)c4cnn(C5CCN(Cc6ccccc6)CC5)c4n3)cc2[nH]1,6.72,1,510.602,3.337,107.96,2,7,5,7,0.357,0.3734
CHEMBL271190,GLCMDXVOFNDXMC-DISLKRJHSA-N,COC[C@H]1OC(=O)/C(=C/N(CCO)C(C)(C)C)C2=C(O)C(=O)C3=C([C@H](OC(C)=O)C[C@]4(C)[C@@H](O)CC[C@@H]34)[C@]21C,C=C1C(=O)OCC2C1=CC(=O)C1=C2CCC2CCCC12,4.54,0,547.645,2.345,142.83,3,10,6,4,0.69,0.3349
CHEMBL1092072,GMASZVAHNYVURN-UHFFFAOYSA-N,CN(C)CCN(C)C(=O)c1ccc(NC(=O)Nc2ccc(-c3nc(N4CCOCC4)c4ccn(CC(F)(F)F)c4n3)cc2)cc1,O=C(Nc1ccccc1)Nc1ccc(-c2nc(N3CCOCC3)c3cc[nH]c3n2)cc1,9.22,1,624.668,4.775,107.86,2,7,9,5,0.355,0.2763
CHEMBL1092280,GNYQXZOLUIPGGQ-UHFFFAOYSA-N,O=C(Nc1ccncc1)Nc1ccc(-c2nc(N3CCOCC3)c3ccn(CCN4CCNCC4)c3n2)cc1,O=C(Nc1ccncc1)Nc1ccc(-c2nc(N3CCOCC3)c3ccn(CCN4CCNCC4)c3n2)cc1,7.85,1,527.633,2.879,112.47,3,8,7,6,0.357,0.3365
CHEMBL1082986,GQKMWAFJWXSCNB-VULFUBBASA-N,COc1ccc2[nH]c(-c3c(C)nn(C)c3C)c(/C=C3/Oc4ccc(NC(=O)Nc5cccnc5)cc4C3=O)c2c1,O=C(Nc1cccnc1)Nc1ccc2c(c1)C(=O)C(=Cc1c(-c3cn[nH]c3)[nH]c3ccccc13)O2,8.28,1,534.576,5.849,123.16,3,6,5,6,0.133,0.2432
CHEMBL590620,GSFVUGVRHJRWKP-UHFFFAOYSA-N,Oc1cncc(-c2nc(N3CCOCC3)c3ncn(C4CCN(Cc5ccc(Cl)cc5)CC4)c3n2)c1,c1ccc(CN2CCC(n3cnc4c(N5CCOCC5)nc(-c5cccnc5)nc43)CC2)cc1,6.8,1,506.01,3.921,92.43,1,8,5,6,0.385,0.4361
CHEMBL594669,GSYUMLARWMDMOF-UHFFFAOYSA-N,OCc1ccc(-c2nc(N3CCOCC3)c3nc[nH]c3n2)cc1,c1ccc(-c2nc(N3CCOCC3)c3nc[nH]c3n2)cc1,5.35,0,311.345,1.349,87.16,2,6,3,4,0.312,0.759
CHEMBL585130,GTNXCXZEXOYXLC-UHFFFAOYSA-N,COc1cc(-c2cn(-c3ccnc(N4CCOCC4)n3)cn2)cc(OC)c1O,c1ccc(-c2cn(-c3ccnc(N4CCOCC4)n3)cn2)cc1,6.34,1,383.408,1.889,94.76,1,8,5,4,0.316,0.7138
CHEMBL1097893,GVOIDFSKGKJIQS-UHFFFAOYSA-N,O=C(NCCF)Nc1ccc(-c2nc(N3CCOCC3)c3cnn(C4CCN(Cc5ccccc5)CC4)c3n2)cc1,c1ccc(CN2CCC(n3ncc4c(N5CCOCC5)nc(-c5ccccc5)nc43)CC2)cc1,8.85,1,558.662,4.258,100.44,2,7,8,6,0.4,0.3334
CHEMBL1089140,GZXCZVWLOARPPL-UHFFFAOYSA-N,CNC(=O)Nc1ccc(-c2nc(N3CCOCC3)c3ccn(CCN(C)C)c3n2)cc1,c1ccc(-c2nc(N3CCOCC3)c3cc[nH]c3n2)cc1,7.48,1,423.521,2.248,87.55,2,6,6,4,0.409,0.6324
CHEMBL584929,HACJQYMPFROOOI-UHFFFAOYSA-N,COc1cc(-c2nc(-c3ccnc(N4CCOCC4)n3)cs2)cc(OC)c1O,c1ccc(-c2nc(-c3ccnc(N4CCOCC4)n3)cs2)cc1,6.25,1,400.46,2.827,89.83,1,9,5,4,0.316,0.6993
CHEMBL590104,HAGVHIKZYFOZND-UHFFFAOYSA-N,O=C(NCCF)Nc1ccc(-c2nc(C3=CCOCC3)c3cnn(CC(F)(F)F)c3n2)cc1,C1=C(c2nc(-c3ccccc3)nc3[nH]ncc23)CCOC1,9.0,1,464.423,3.95,93.96,2,5,6,4,0.333,0.5391
CHEMBL573178,HBUZKDNKAOMUML-UHFFFAOYSA-N,c1cc2cc(-c3nc(N4CCOCC4)c4cnn(C5CCNCC5)c4n3)ccc2[nH]1,c1cc2cc(-c3nc(N4CCOCC4)c4cnn(C5CCNCC5)c4n3)ccc2[nH]1,6.77,1,403.49,2.736,83.89,2,6,3,6,0.409,0.5473
CHEMBL594793,HBZPGFLLAMADHT-UHFFFAOYSA-N,O=C(Nc1ccc(-c2nc(N3CC4CCC(C3)O4)c3sccc3n2)cc1)NC1CC1,O=C(Nc1ccc(-c2nc(N3CC4CCC(C3)O4)c3sccc3n2)cc1)NC1CC1,9.17,1,421.526,4.01,79.38,2,6,4,6,0.409,0.6654
CHEMBL594173,HCDQTNKVRADZCI-UHFFFAOYSA-N,CN1CCN(Cc2cc3nc(-c4ccc(NC(=O)Nc5ccncc5)cc4)nc(N4CC5CCC(C4)O5)c3s2)CC1,O=C(Nc1ccncc1)Nc1ccc(-c2nc(N3CC4CCC(C3)O4)c3sc(CN4CCNCC4)cc3n2)cc1,8.43,1,570.723,4.512,98.75,2,9,6,7,0.4,0.3495
CHEMBL566679,HCEZVBRDIYKRGI-HYARGMPZSA-N,COc1cc(/C=N/Nc2cc(N3CCOCC3)nc(N3CCOCC3)n2)cc(OC)c1O,C(=NNc1cc(N2CCOCC2)nc(N2CCOCC2)n1)c1ccccc1,6.18,1,444.492,1.319,113.8,2,11,7,4,0.476,0.4787
CHEMBL567293,HCRGRNXZXJGHHO-UHFFFAOYSA-N,COc1cc(-c2ccc(-c3ccnc(N4CCOCC4)n3)o2)cc(OC)c1O,c1ccc(-c2ccc(-c3ccnc(N4CCOCC4)n3)o2)cc1,7.28,1,383.404,2.963,90.08,1,8,5,4,0.3,0.7192
CHEMBL566033,HCWWYPWTIRRCKC-HYARGMPZSA-N,COc1cc(/C=N/Nc2nc(N3CCCCC3)nc(N3CCOCC3)n2)cc(OC)c1O,C(=NNc1nc(N2CCCCC2)nc(N2CCOCC2)n1)c1ccccc1,6.12,1,443.508,1.867,117.46,2,11,7,4,0.524,0.4849
CHEMBL561844,HEIFZPPVVBPBQN-UHFFFAOYSA-N,CC(=O)Nc1ccc(-c2nc(N3CCOCC3)c3cnn(C4CCN(Cc5cccnc5)CC4)c3n2)cc1,c1ccc(-c2nc(N3CCOCC3)c3cnn(C4CCN(Cc5cccnc5)CC4)c3n2)cc1,8.15,1,512.618,3.52,101.3,1,8,6,6,0.393,0.4189
CHEMBL1092556,HFMDLESHJZWMPX-UHFFFAOYSA-N,Nc1cccc(-c2nc(N3CCOCC3)c3[nH]ccc3n2)c1,c1ccc(-c2nc(N3CCOCC3)c3[nH]ccc3n2)cc1,6.37,1,295.346,2.044,80.06,2,5,2,4,0.25,0.7072
CHEMBL1089423,HGJGUYNOVGVHDX-ODLFYWEKSA-N,O=C1/C(=C/c2c(-c3ccccn3)[nH]c3ccccc23)Oc2cc(O)cc(O)c21,O=C1C(=Cc2c(-c3ccccn3)[nH]c3ccccc23)Oc2ccccc21,7.66,1,370.364,4.257,95.44,3,5,2,5,0.0,0.4584
CHEMBL590112,HGLYXSLZOIRAJP-UHFFFAOYSA-N,Oc1cccc(-c2nc(N3CCOCC3)c3ncn(CC4CCN(Cc5ccccc5)CC4)c3n2)c1,c1ccc(CN2CCC(Cn3cnc4c(N5CCOCC5)nc(-c5ccccc5)nc43)CC2)cc1,6.22,1,484.604,3.948,79.54,1,7,6,6,0.393,0.4439
CHEMBL1091456,HGOMTYLJLJSWLU-OCKHKDLRSA-N,Cn1cc(/C=C2\Oc3cc(O)cc(O)c3C2=O)c2c(-c3ccccc3)ccnc21,O=C1C(=Cc2c[nH]c3nccc(-c4ccccc4)c23)Oc2ccccc21,9.34,1,384.391,4.268,84.58,2,5,2,5,0.043,0.5044
CHEMBL600367,HGTXRLXWYACZEB-UHFFFAOYSA-N,O=C(Nc1ccncc1)Nc1ccc(-c2nc(N3CC4CCC(C3)O4)c3cnn(C4CCC5(CC4)OCCO5)c3n2)cc1,O=C(Nc1ccncc1)Nc1ccc(-c2nc(N3CC4CCC(C3)O4)c3cnn(C4CCC5(CC4)OCCO5)c3n2)cc1,9.92,1,582.665,4.758,128.55,2,9,5,8,0.452,0.3423
CHEMBL272897,HHHBMPPLMLWBCJ-CFSRXDOHSA-N,CCN(/C=C1/C(=O)O[C@H](COC)[C@@]2(C)C1=C(O)C(=O)C1=C2[C@H](OC(C)=O)C[C@]2(C)[C@@H](O)CC[C@@H]12)CCCN(C)C,C=C1C(=O)OCC2C1=CC(=O)C1=C2CCC2CCCC12,5.45,0,560.688,2.526,125.84,2,10,9,4,0.7,0.3209
CHEMBL1088973,HJOMTSHJHSGRKP-UHFFFAOYSA-N,CN1CCN(c2ccc(NC(=O)Nc3ccc(-c4nc(N5C6CCC5COC6)nc(N5C6CCC5COC6)n4)cc3)cc2)CC1,O=C(Nc1ccc(-c2nc(N3C4CCC3COC4)nc(N3C4CCC3COC4)n2)cc1)Nc1ccc(N2CCNCC2)cc1,9.0,1,611.751,3.67,111.22,2,10,6,8,0.515,0.4285
CHEMBL572956,HJXUNYAALNBZSU-UHFFFAOYSA-N,CC(=O)N1CCC(n2ncc3c(N4CCOCC4)nc(-c4cccc(O)c4)nc32)CC1,c1ccc(-c2nc(N3CCOCC3)c3cnn(C4CCNCC4)c3n2)cc1,7.31,1,422.489,2.219,96.61,1,7,3,5,0.455,0.6912
CHEMBL540695,HLHOHTNONYACFD-UHFFFAOYSA-N,O=C(Nc1ccncc1)Nc1ccc(-c2nc(N3CCOCC3)c3cnn(C4CCN(C(=O)c5cccnc5)CC4)c3n2)cc1,O=C(Nc1ccncc1)Nc1ccc(-c2nc(N3CCOCC3)c3cnn(C4CCN(C(=O)c5cccnc5)CC4)c3n2)cc1,9.08,1,604.675,4.241,143.29,2,9,6,7,0.281,0.2909
CHEMBL594431,HMFRTKWUEKZJKW-UHFFFAOYSA-N,CS(=O)(=O)N1CCN(Cc2cc3nc(-c4ccc(NC(=O)Nc5ccncc5)cc4)nc(N4CC5CCC(C4)O5)c3s2)CC1,O=C(Nc1ccncc1)Nc1ccc(-c2nc(N3CC4CCC(C3)O4)c3sc(CN4CCNCC4)cc3n2)cc1,9.35,1,634.788,3.842,132.89,2,10,7,7,0.4,0.3112
CHEMBL566216,HNNBGLRKAYUYCE-UHFFFAOYSA-N,CCn1ncc2c(N3CC4CCC(C3)O4)nc(-c3ccc(NC(=O)Nc4ccc(CO)cc4)cc3)nc21,O=C(Nc1ccccc1)Nc1ccc(-c2nc(N3CC4CCC(C3)O4)c3cn[nH]c3n2)cc1,10.0,1,499.575,4.017,117.43,3,7,6,6,0.333,0.3668
CHEMBL601054,HOKDCTJUGJPQRV-UHFFFAOYSA-N,Oc1cccc(-c2nc(C3=CCOCC3)c3cnn(-c4ccccc4)c3n2)c1,C1=C(c2nc(-c3ccccc3)nc3c2cnn3-c2ccccc2)CCOC1,7.75,1,370.412,3.992,73.06,1,5,3,5,0.136,0.5902
CHEMBL605915,HOVHLAZIOZBMAV-UHFFFAOYSA-N,COC(=O)Nc1ccc(-c2nc(N3CC4CCC(C3)O4)c3sccc3n2)cc1,c1ccc(-c2nc(N3CC4CCC(C3)O4)c3sccc3n2)cc1,7.96,1,396.472,3.904,76.58,1,7,3,5,0.35,0.7235
CHEMBL1093446,HQFOXSYINFPGCB-ZWSORDCHSA-N,COc1ccc2c(c1)c(/C=C1\Oc3cc(O)cc(O)c3C1=O)cn2C,O=C1C(=Cc2c[nH]c3ccccc23)Oc2ccccc21,7.21,1,337.331,3.214,80.92,2,5,2,4,0.105,0.7019
CHEMBL563985,HRGYHCLHXQJDHS-UHFFFAOYSA-N,CNC(=O)Nc1ccc(-c2nc(N3CCOCC3)c3cnn(C4CCN(C(=O)OC)CC4)c3n2)cc1,c1ccc(-c2nc(N3CCOCC3)c3cnn(C4CCNCC4)c3n2)cc1,9.327,1,494.556,2.485,126.74,2,8,4,5,0.458,0.5665
CHEMBL604908,HRNGMKXGIBFNBE-UHFFFAOYSA-N,O=C(Nc1ccccc1)Nc1ccc(-c2nc(N3CCOCC3)nc(N3CCOCC3)n2)cc1,O=C(Nc1ccccc1)Nc1ccc(-c2nc(N3CCOCC3)nc(N3CCOCC3)n2)cc1,8.41,1,461.526,2.856,104.74,2,8,5,5,0.333,0.5978
CHEMBL270553,HROOKPMCLZTXOG-OATSTQGVSA-N,COC[C@H]1OC(=O)/C(=C/N2CCC(c3ccccc3)CC2)C2=C(O)C(=O)C3=C([C@H](OC(C)=O)C[C@]4(C)[C@@H](O)CC[C@@H]34)[C@]21C,O=C1C=C2C(=CN3CCC(c4ccccc4)CC3)C(=O)OCC2C2=C1C1CCCC1CC2,5.61,0,591.701,4.132,122.6,2,9,5,6,0.559,0.3844
CHEMBL1242287,HRRMXIICSWVXIS-UHFFFAOYSA-N,Nc1ncnc2c1c(-c1ccc(Br)c(O)c1)nn2C1CCC1,c1ccc(-c2nn(C3CCC3)c3ncncc23)cc1,6.9,1,360.215,3.269,89.85,2,5,2,4,0.267,0.7322
CHEMBL599259,HRRNDHFMTPCCMO-UHFFFAOYSA-N,COC(=O)c1ccc(NC(=O)Nc2ccc(-c3nc(N4CCOCC4)nc(N4CCOCC4)n3)cc2)cc1,O=C(Nc1ccccc1)Nc1ccc(-c2nc(N3CCOCC3)nc(N3CCOCC3)n2)cc1,8.6,1,519.562,2.642,131.04,2,10,6,5,0.346,0.4687
CHEMBL1098619,HUJUHVQBUOSNSE-UHFFFAOYSA-N,CC(=O)Nc1ccc(-c2nc(N3CCOCC3)c3cnn(-c4ccccc4)c3n2)cc1,c1ccc(-c2nc(N3CCOCC3)c3cnn(-c4ccccc4)c3n2)cc1,7.8,1,414.469,3.278,85.17,1,6,4,5,0.217,0.5517
CHEMBL593283,HWVQDXXMHUAOHV-UHFFFAOYSA-N,c1nc2c(N3CCOCC3)nc(-c3ccc4c(c3)OCO4)nc2[nH]1,c1nc2c(N3CCOCC3)nc(-c3ccc4c(c3)OCO4)nc2[nH]1,5.05,0,325.328,1.585,85.39,1,7,2,5,0.312,0.7654
CHEMBL1092485,HXANWSROTQADER-JLPGSUDCSA-N,CN1CCN(C(=O)c2ccc(-c3ccnc4c3c(/C=C3\Oc5cccc(O)c5C3=O)cn4C)cc2)CC1,O=C1C(=Cc2c[nH]c3nccc(-c4ccc(C(=O)N5CCNCC5)cc4)c23)Oc2ccccc21,9.0,1,494.551,3.95,87.9,1,6,3,6,0.207,0.4342
CHEMBL1091070,IBKQDXXHRSSNHV-SOFYXZRVSA-N,Cn1cc(/C=C2\Oc3cc(O)cc(O)c3C2=O)c2ccccc21,O=C1C(=Cc2c[nH]c3ccccc23)Oc2ccccc21,6.1,1,307.305,3.206,71.69,2,4,1,4,0.056,0.6772
CHEMBL567172,IBRCKRMEQSGILN-UHFFFAOYSA-N,O=C(Nc1ccc(-c2nc(N3C4CCC3COC4)c3cnn(CC(F)(F)F)c3n2)cc1)Nc1cccnc1,O=C(Nc1ccc(-c2nc(N3C4CCC3COC4)c3cn[nH]c3n2)cc1)Nc1cccnc1,9.7,1,524.507,4.462,110.09,2,7,5,6,0.32,0.3967
CHEMBL1241482,ICPHLXAHKNXIGM-UHFFFAOYSA-N,Nc1ncnc2c1c(-c1ccc(F)c(O)c1)nn2Cc1ocnc1-c1ccccc1,c1ccc(-c2ncoc2Cn2nc(-c3ccccc3)c3cncnc32)cc1,4.0,0,402.389,3.624,115.88,2,7,4,5,0.048,0.4715
CHEMBL574405,IDAUJEVADRLCHP-UHFFFAOYSA-N,c1ccc(CN2CCC(n3ncc4c(N5CCOCC5)nc(-c5ccncc5)nc43)CC2)cc1,c1ccc(CN2CCC(n3ncc4c(N5CCOCC5)nc(-c5ccncc5)nc43)CC2)cc1,5.14,0,455.566,3.562,72.2,0,7,5,6,0.385,0.4556
CHEMBL1091701,IFLLAMPXDVHCSI-LQNQUEJISA-N,CN(C)C1CCN(C(=O)C2CCN(c3ccnc4c3c(/C=C3\Oc5ccc(NC(=O)Nc6cccnc6)cc5C3=O)cn4C)CC2)C1,O=C(Nc1cccnc1)Nc1ccc2c(c1)C(=O)C(=Cc1c[nH]c3nccc(N4CCC(C(=O)N5CCCC5)CC4)c13)O2,7.96,1,634.741,4.607,124.93,2,8,6,7,0.343,0.295
CHEMBL594606,IHBUIHVFHMETRB-UHFFFAOYSA-N,CN1CCN(Cc2cc3nc(-c4ccc(NC(=O)Nc5cccnc5)cc4)nc(N4CC5CCC(C4)O5)c3s2)CC1,O=C(Nc1ccc(-c2nc(N3CC4CCC(C3)O4)c3sc(CN4CCNCC4)cc3n2)cc1)Nc1cccnc1,8.33,1,570.723,4.512,98.75,2,9,6,7,0.4,0.3495
CHEMBL599667,IJAVTPLMQUWYCR-UHFFFAOYSA-N,O=C(Nc1ccc(-c2nc(N3CCOCC3)nc(N3CCOCC3)n2)cc1)Nc1cccs1,O=C(Nc1ccc(-c2nc(N3CCOCC3)nc(N3CCOCC3)n2)cc1)Nc1cccs1,8.77,1,467.555,2.917,104.74,2,9,5,5,0.364,0.5903
CHEMBL1093334,IJQUXMBGKVMPBK-ZMFRSBBQSA-N,Cn1cc(/C=C2\Oc3ccc(NC(=O)Nc4ccccc4)cc3C2=O)c2c(N3CC4CCC(C3)O4)ccnc21,O=C(Nc1ccccc1)Nc1ccc2c(c1)C(=O)C(=Cc1c[nH]c3nccc(N4CC5CCC(C4)O5)c13)O2,6.84,1,521.577,5.201,97.72,2,6,4,7,0.233,0.3584
CHEMBL595256,IKYYAFMKEGKZGC-UHFFFAOYSA-N,O=C(Nc1ccc(-c2nc(N3CC4CCC(C3)O4)c3sccc3n2)cc1)Nc1cccnc1,O=C(Nc1ccc(-c2nc(N3CC4CCC(C3)O4)c3sccc3n2)cc1)Nc1cccnc1,9.54,1,458.547,4.765,92.27,2,7,4,6,0.25,0.4579
CHEMBL1092546,ILDGVCRMTNZWCO-UHFFFAOYSA-N,CN(C)CCn1ccc2c(N3CCOCC3)nc(-c3ccc(NC(=O)Nc4ccccn4)cc3)nc21,O=C(Nc1ccc(-c2nc(N3CCOCC3)c3cc[nH]c3n2)cc1)Nc1ccccn1,8.15,1,486.58,3.536,100.44,2,7,7,5,0.308,0.4121
CHEMBL561708,IMXHGCRIEAKIBU-UHFFFAOYSA-N,COC(=O)Nc1ccc(-c2nc(N3CCOCC3)c3cnn(C4CCN(C(=O)OC)CC4)c3n2)cc1,c1ccc(-c2nc(N3CCOCC3)c3cnn(C4CCNCC4)c3n2)cc1,8.37,1,495.54,2.912,123.94,1,9,4,5,0.458,0.5817
CHEMBL595746,IOBPQMXNKOPXNC-UHFFFAOYSA-N,OCc1cccc(-c2nc(N3CCOCC3)c3ccn(C4CCNCC4)c3n2)c1,c1ccc(-c2nc(N3CCOCC3)c3ccn(C4CCNCC4)c3n2)cc1,6.54,1,393.491,2.352,75.44,2,6,4,5,0.455,0.7088
CHEMBL1091455,IOUIHCWMVAPKAD-RZNTYIFUSA-N,Cn1cc(/C=C2\Oc3cc(O)cc(O)c3C2=O)c2cccnc21,O=C1C(=Cc2c[nH]c3ncccc23)Oc2ccccc21,7.38,1,308.293,2.601,84.58,2,5,1,4,0.059,0.675
CHEMBL590577,IPVLXKJQJCLTKU-UHFFFAOYSA-N,CCn1nnc2c(N3CCOCC3)nc(-c3ccc(NC(=O)Nc4ccnc(C)c4)cc3)nc21,O=C(Nc1ccncc1)Nc1ccc(-c2nc(N3CCOCC3)c3nn[nH]c3n2)cc1,7.68,1,459.514,3.092,122.98,2,8,5,5,0.304,0.4667
CHEMBL600447,IPWXWKUTJBMKOZ-UHFFFAOYSA-N,CCNC(=O)Nc1ccc(-c2nc(C3=CCOCC3)c3sccc3n2)cc1,C1=C(c2nc(-c3ccccc3)nc3ccsc23)CCOC1,8.48,1,380.473,4.303,76.14,2,5,4,4,0.25,0.7074
CHEMBL1091883,ISOGMFSEWOVRMW-WNFQYIGGSA-N,O=C1/C(=C/c2c[nH]c3ccc(Oc4ccccc4)cc23)Oc2cc(O)cc(O)c21,O=C1C(=Cc2c[nH]c3ccc(Oc4ccccc4)cc23)Oc2ccccc21,5.3,0,385.375,4.988,91.78,3,5,3,5,0.0,0.4324
CHEMBL1233881,ITOYZJGFTNTKKR-UHFFFAOYSA-N,COc1ccc(-c2nn(C3CCC3)c3ncnc(N)c23)cc1OC,c1ccc(-c2nn(C3CCC3)c3ncncc23)cc1,5.77,0,325.372,2.818,88.08,1,6,4,4,0.353,0.7933
CHEMBL591760,ITXYPAQDIOJYSR-UHFFFAOYSA-N,CC(C)n1nnc2c(N3CCOCC3)nc(-c3ccc(NC(=O)Nc4ccc(C(N)=O)cc4)cc3)nc21,O=C(Nc1ccccc1)Nc1ccc(-c2nc(N3CCOCC3)c3nn[nH]c3n2)cc1,9.51,1,501.551,3.049,153.18,3,8,6,5,0.28,0.3643
CHEMBL606131,ITYGQBOCBCGBAV-UHFFFAOYSA-N,CNC(=O)Nc1ccc(-c2nc(N3CC4CCC(C3)O4)c3sccc3n2)cc1,c1ccc(-c2nc(N3CC4CCC(C3)O4)c3sccc3n2)cc1,9.05,1,395.488,3.477,79.38,2,6,3,5,0.35,0.7098
CHEMBL583228,IUQYTHJFTMSDAO-UHFFFAOYSA-N,OCc1cccc(-c2nc(N3CCOCC3)c3ncn(C4CCN(Cc5ccc(-c6ccncc6)cc5)CC4)c3n2)c1,c1ccc(-c2nc(N3CCOCC3)c3ncn(C4CCN(Cc5ccc(-c6ccncc6)cc5)CC4)c3n2)cc1,6.14,1,561.69,4.721,92.43,1,8,7,7,0.333,0.3053
CHEMBL439319,IURNHYDSJVLLPN-JUKNQOCSSA-N,CO[C@H]1C[C@@H]2CC[C@@H](C)[C@@](O)(O2)C(=O)C(=O)N2CCCC[C@H]2C(=O)O[C@H]([C@H](C)C[C@@H]2CC[C@H](n3ncnn3)[C@H](OC)C2)CC(=O)[C@H](C)/C=C(\C)[C@@H](O)[C@@H](OC)C(=O)[C@H](C)C[C@H](C)/C=C/C=C/C=C/1C,O=C1CCC=CCC(=O)CC(CCC2CCC(n3ncnn3)CC2)OC(=O)C2CCCCN2C(=O)C(=O)C2CCCC(CCC=CC=CC=CCCC1)O2,8.32,1,966.227,6.048,218.8,2,15,7,5,0.731,0.1807
CHEMBL1088790,IVRHPVWEBIOJTP-UHFFFAOYSA-N,OCc1cccc(-c2nc(N3CCOCC3)c3[nH]cc(CN4CCCC4)c3n2)c1,c1ccc(-c2nc(N3CCOCC3)c3[nH]cc(CN4CCCC4)c3n2)cc1,5.44,0,393.491,2.55,77.51,2,6,5,5,0.455,0.6938
CHEMBL567095,IXIVRLBSURAIDT-UHFFFAOYSA-N,Oc1cccc(-c2ccc(-c3cc(N4CCOCC4)nc(N4CCOCC4)n3)o2)c1,c1ccc(-c2ccc(-c3cc(N4CCOCC4)nc(N4CCOCC4)n3)o2)cc1,5.82,0,408.458,2.782,84.09,1,8,4,5,0.364,0.7056
CHEMBL558288,IYBMOXXTNOCCOV-UHFFFAOYSA-N,CNC(=O)Nc1ccc(-c2nc(N3CCOCC3)c3cnn(C4CCN(C(=O)NC)CC4)c3n2)cc1,c1ccc(-c2nc(N3CCOCC3)c3cnn(C4CCNCC4)c3n2)cc1,8.7,1,493.572,2.057,129.54,3,7,4,5,0.458,0.5073
CHEMBL1242845,IYVUNPAVFASLSV-UHFFFAOYSA-N,Cc1nn(-c2ccccc2)nc1Cn1nc(-c2ccc(F)c(O)c2)c2c(N)ncnc21,c1ccc(-c2nn(Cc3cnn(-c4ccccc4)n3)c3ncncc23)cc1,4.3,0,416.42,2.858,120.56,2,7,4,5,0.095,0.4621
CHEMBL570833,IZEKUGZAKDZVTI-UHFFFAOYSA-N,CN1CCN(c2ccc(NC(=O)Nc3ccc(-c4nc(N5CC6CCC(C5)O6)c5cnn(CC(F)(F)F)c5n4)cc3)cc2)CC1,O=C(Nc1ccc(-c2nc(N3CC4CCC(C3)O4)c3cn[nH]c3n2)cc1)Nc1ccc(N2CCNCC2)cc1,9.22,1,621.668,4.819,103.68,2,8,6,7,0.419,0.3162
CHEMBL188678,JAMULYFATHSZJM-UHFFFAOYSA-N,O=c1cc(N2CCOCC2)oc2c(-c3cccc4c3sc3ccccc34)cccc12,O=c1cc(N2CCOCC2)oc2c(-c3cccc4c3sc3ccccc34)cccc12,5.77,0,413.498,5.665,42.68,0,5,2,6,0.16,0.3743
CHEMBL566895,JBRKGAIVRLOFRY-HYARGMPZSA-N,COc1cc(/C=N/Nc2nc(N3CCOCC3)nc(N3CCOCC3)n2)cc(OC)c1OC,C(=NNc1nc(N2CCOCC2)nc(N2CCOCC2)n1)c1ccccc1,4.52,0,459.507,1.017,115.69,1,12,8,4,0.524,0.4504
CHEMBL591338,JDIMUQGRASLCKM-UHFFFAOYSA-N,OCc1cccc(-c2nc(N3CCOCC3)c3ncn(C4CCN(Cc5ccc(F)cc5)CC4)c3n2)c1,c1ccc(CN2CCC(n3cnc4c(N5CCOCC5)nc(-c5ccccc5)nc43)CC2)cc1,5.77,0,502.594,3.798,79.54,1,7,6,6,0.393,0.4297
CHEMBL590587,JDTLYBGUQBBSSW-UHFFFAOYSA-N,CCn1nnc2c(N3CCOCC3)nc(-c3ccc(NC(=O)Nc4ccc(C(=O)NCCN(C)C)cc4)cc3)nc21,O=C(Nc1ccccc1)Nc1ccc(-c2nc(N3CCOCC3)c3nn[nH]c3n2)cc1,9.3,1,558.647,2.68,142.43,3,9,9,5,0.357,0.2826
CHEMBL1090381,JGUNRXYNLMQUNZ-OCKHKDLRSA-N,Cn1cc(/C=C2\Oc3cccc(O)c3C2=O)c2c(N3CC4CCC(C3)O4)ccnc21,O=C1C(=Cc2c[nH]c3nccc(N4CC5CCC(C4)O5)c23)Oc2ccccc21,9.42,1,403.438,3.263,76.82,1,6,2,6,0.304,0.6622
CHEMBL1090387,JHIBRDAQHNVQKG-QRVIBDJDSA-N,Cn1cc(/C=C2\Oc3ccc(NC(=O)Nc4cccnc4)cc3C2=O)c2c(N3CCOCC3)ccnc21,O=C(Nc1cccnc1)Nc1ccc2c(c1)C(=O)C(=Cc1c[nH]c3nccc(N4CCOCC4)c13)O2,7.15,1,496.527,4.065,110.61,2,7,4,6,0.185,0.41
CHEMBL577137,JHNAQAVZQKWQRE-UHFFFAOYSA-N,CCNC(=O)Nc1ccc(-c2nc(N3CC4CCC(C3)O4)c3cnn(C4CCN(C(=O)OC)CC4)c3n2)cc1,c1ccc(-c2nc(N3CC4CCC(C3)O4)c3cnn(C4CCNCC4)c3n2)cc1,9.7,1,534.621,3.406,126.74,2,8,5,6,0.519,0.5101
CHEMBL1092398,JIYAJGRQHOMQIB-UHFFFAOYSA-N,O=C(Nc1ccc(OCCO)cc1)Nc1ccc(-c2nc(N3C4CCC3COC4)nc(N3C4CCC3COC4)n2)cc1,O=C(Nc1ccccc1)Nc1ccc(-c2nc(N3C4CCC3COC4)nc(N3C4CCC3COC4)n2)cc1,9.59,1,573.654,3.289,134.2,3,10,8,7,0.467,0.3686
CHEMBL1095933,JJPCSTPDDPYYQW-UHFFFAOYSA-N,CNC(=O)Nc1ccc(-c2nc(N3CCOCC3)c3cnn(C4CCN(C(=O)OC(C)(C)C)CC4)c3n2)cc1,c1ccc(-c2nc(N3CCOCC3)c3cnn(C4CCNCC4)c3n2)cc1,9.15,1,536.637,3.653,126.74,2,8,4,5,0.519,0.5174
CHEMBL1090574,JKYVJQWMGYWEPL-UHFFFAOYSA-N,CN(C)CCNCCn1ccc2c(N3CCOCC3)nc(-c3ccc(NC(=O)Nc4ccncc4)cc3)nc21,O=C(Nc1ccncc1)Nc1ccc(-c2nc(N3CCOCC3)c3cc[nH]c3n2)cc1,7.96,1,529.649,3.125,112.47,3,8,10,5,0.357,0.2688
CHEMBL602682,JLRPIYJFNRMCDO-UHFFFAOYSA-N,CNC(=O)Nc1ccc(-c2nc(N3CC4CCC(C3)O4)c3cnn(CCO)c3n2)cc1,c1ccc(-c2nc(N3CC4CCC(C3)O4)c3cn[nH]c3n2)cc1,8.54,1,423.477,1.604,117.43,3,7,5,5,0.429,0.5706
CHEMBL1091159,JLYIHNZUVHORKD-UHFFFAOYSA-N,CCNC(=O)Nc1ccc(-c2nc(N3CCOCC3)c3ccn(CCN(C)C)c3n2)cc1,c1ccc(-c2nc(N3CCOCC3)c3cc[nH]c3n2)cc1,7.52,1,437.548,2.638,87.55,2,6,7,4,0.435,0.5909
CHEMBL568259,JORHBQYMPMJLJA-UHFFFAOYSA-N,CNC(=O)Nc1ccc(-c2nc(N3CC4CCC(C3)O4)c3cnn(C4CCN(C(=O)OC)CC4)c3n2)cc1,c1ccc(-c2nc(N3CC4CCC(C3)O4)c3cnn(C4CCNCC4)c3n2)cc1,9.66,1,520.594,3.016,126.74,2,8,4,6,0.5,0.5377
CHEMBL1242286,JSGRAJRLMWHOTJ-UHFFFAOYSA-N,COCOc1cc(-c2nn(C(C)C)c3ncnc(N)c23)ccc1Br,c1ccc(-c2n[nH]c3ncncc23)cc1,5.96,0,392.257,3.402,88.08,1,6,5,3,0.312,0.67
CHEMBL1092393,JVGONGAUWGLLLU-UHFFFAOYSA-N,CN(C)Cc1ccc(NC(=O)Nc2ccc(-c3nc(N4C5CCC4COC5)nc(N4C5CCC4COC5)n3)cc2)cc1,O=C(Nc1ccccc1)Nc1ccc(-c2nc(N3C4CCC3COC4)nc(N3C4CCC3COC4)n2)cc1,8.96,1,570.698,3.979,107.98,2,9,7,7,0.484,0.4362
CHEMBL576143,JVZAZERWGBCCMA-UHFFFAOYSA-N,CNC(=O)Nc1ccc(-c2nc(N3CCOC(C)C3)c3cnn(C4CCN(C(=O)OC)CC4)c3n2)cc1,c1ccc(-c2nc(N3CCOCC3)c3cnn(C4CCNCC4)c3n2)cc1,8.64,1,508.583,2.873,126.74,2,8,4,5,0.48,0.5509
CHEMBL1082616,JWALCFOAEPZSCR-DHRITJCHSA-N,COc1cc(F)c2[nH]c(-c3c(C)nn(C)c3C)c(/C=C3/Oc4ccc(NC(=O)Nc5cccnc5)cc4C3=O)c2c1,O=C(Nc1cccnc1)Nc1ccc2c(c1)C(=O)C(=Cc1c(-c3cn[nH]c3)[nH]c3ccccc13)O2,8.82,1,552.566,5.988,123.16,3,6,5,6,0.133,0.2303
CHEMBL1093930,JXORKGIIJMDFEJ-CQPUUCJISA-N,O=C1/C(=C/c2c[nH]c3ccc(Br)cc23)Oc2cc(O)cc(O)c21,O=C1C(=Cc2c[nH]c3ccccc23)Oc2ccccc21,5.43,0,372.174,3.958,82.55,3,4,1,4,0.0,0.5651
CHEMBL592064,JYBBCFSRQXKJMX-UHFFFAOYSA-N,OCc1cccc(-c2nc(N3CCOCC3)c3nnn(C4CCN(Cc5ccccc5)CC4)c3n2)c1,c1ccc(CN2CCC(n3nnc4c(N5CCOCC5)nc(-c5ccccc5)nc43)CC2)cc1,6.6,1,485.592,3.054,92.43,1,8,6,6,0.407,0.4456
CHEMBL1098245,JYJRBELNIAMUFK-UHFFFAOYSA-N,COC(=O)N1CCC(n2ncc3c(N4CCOCC4)nc(-c4ccc(NC(=O)Nc5ccc(CCO)cc5)cc4)nc32)CC1,O=C(Nc1ccccc1)Nc1ccc(-c2nc(N3CCOCC3)c3cnn(C4CCNCC4)c3n2)cc1,10.0,1,600.68,3.912,146.97,3,9,7,6,0.387,0.2873
CHEMBL575501,KBDGNZKHGIJJRT-UHFFFAOYSA-N,O=C(c1cccnc1)N1CCC(n2ncc3c(N4CCOCC4)nc(-c4cccc(O)c4)nc32)CC1,O=C(c1cccnc1)N1CCC(n2ncc3c(N4CCOCC4)nc(-c4ccccc4)nc32)CC1,8.22,1,485.548,2.908,109.5,1,8,4,6,0.346,0.47
CHEMBL589345,KCNCCZCAVYLQAH-UHFFFAOYSA-N,CC(C)n1nnc2c(N3CCOCC3)nc(-c3ccc(NC(=O)Nc4cccnc4)cc3)nc21,O=C(Nc1ccc(-c2nc(N3CCOCC3)c3nn[nH]c3n2)cc1)Nc1cccnc1,9.24,1,459.514,3.345,122.98,2,8,5,5,0.304,0.4658
CHEMBL410637,KEGRYTBKXIEUKX-BNNBOEQISA-N,COC[C@H]1OC(=O)/C(=C/N2CCN(C)CC2)C2=C(O)C(=O)C3=C([C@H](OC(C)=O)C[C@]4(C)[C@@H](O)CC[C@@H]34)[C@]21C,O=C1C=C2C(=CN3CCNCC3)C(=O)OCC2C2=C1C1CCCC1CC2,6.08,1,530.618,1.5,125.84,2,10,4,5,0.679,0.408
CHEMBL1094016,KEZVMOWHMQDUQX-ODLFYWEKSA-N,Cn1cc(/C=C2\Oc3cccc(O)c3C2=O)c2c(N3CCC(CN)CC3)ccnc21,O=C1C(=Cc2c[nH]c3nccc(N4CCCCC4)c23)Oc2ccccc21,7.77,1,404.47,3.07,93.61,2,6,3,5,0.304,0.6519
CHEMBL570870,KKONFQGHFMWUNZ-UHFFFAOYSA-N,CCn1ncc2c(N3CC4CCC(C3)O4)nc(-c3ccc(NC(=O)Nc4ccc(N(C)CCN(C)C)cc4)cc3)nc21,O=C(Nc1ccccc1)Nc1ccc(-c2nc(N3CC4CCC(C3)O4)c3cn[nH]c3n2)cc1,9.05,1,569.714,4.523,103.68,2,8,9,6,0.419,0.3033
CHEMBL104468,KKTZALUTXUZPSN-UHFFFAOYSA-N,O=c1cc(N2CCOCC2)oc2c1ccc1ccccc12,O=c1cc(N2CCOCC2)oc2c1ccc1ccccc12,5.19,0,281.311,2.783,42.68,0,4,1,4,0.235,0.6433
CHEMBL600258,KLBQEMTZKYSAER-UHFFFAOYSA-N,CC(C)n1nnc2c(N3CCOCC3)nc(-c3ccc(NC(=O)Nc4ccc(CO)cc4)cc3)nc21,O=C(Nc1ccccc1)Nc1ccc(-c2nc(N3CCOCC3)c3nn[nH]c3n2)cc1,9.49,1,488.552,3.442,130.32,3,8,6,5,0.32,0.3763
CHEMBL1241241,KLQFKOVDEHUNHU-UHFFFAOYSA-N,CC(C)n1nc(-c2ccc(O)cc2)c2c(N)ncnc21,c1ccc(-c2n[nH]c3ncncc23)cc1,5.22,0,269.308,2.362,89.85,2,5,2,3,0.214,0.745
CHEMBL1242378,KLQFQJDEPBUNAK-SSDOTTSWSA-N,C[C@H](CN)n1nc(-c2ccc(F)c(O)c2)c2c(N)ncnc21,c1ccc(-c2n[nH]c3ncncc23)cc1,4.96,0,302.313,1.44,115.87,3,6,3,3,0.214,0.6739
CHEMBL1242468,KLQFQJDEPBUNAK-ZETCQYMHSA-N,C[C@@H](CN)n1nc(-c2ccc(F)c(O)c2)c2c(N)ncnc21,c1ccc(-c2n[nH]c3ncncc23)cc1,5.54,0,302.313,1.44,115.87,3,6,3,3,0.214,0.6739
CHEMBL272898,KPOSRIIDGPWYJV-DATHZOKXSA-N,CCN(/C=C1/C(=O)O[C@H](COC)[C@@]2(C)C1=C(O)C(=O)C1=C2[C@H](OC(C)=O)C[C@]2(C)[C@@H](O)CC[C@@H]12)CCN(C)C,C=C1C(=O)OCC2C1=CC(=O)C1=C2CCC2CCCC12,6.06,1,546.661,2.136,125.84,2,10,8,4,0.69,0.3454
CHEMBL575539,KPSKKPDRNSLZRB-HOTGVXAUSA-N,O=C(Nc1ccc(-c2nc(N3C[C@@H]4C[C@H]3CO4)c3cnn(CC(F)(F)F)c3n2)cc1)NC1CC1,O=C(Nc1ccc(-c2nc(N3CC4CC3CO4)c3cn[nH]c3n2)cc1)NC1CC1,8.72,1,473.459,3.317,97.2,2,6,5,6,0.455,0.5903
CHEMBL575345,KPSKKPDRNSLZRB-HZPDHXFCSA-N,O=C(Nc1ccc(-c2nc(N3C[C@H]4C[C@@H]3CO4)c3cnn(CC(F)(F)F)c3n2)cc1)NC1CC1,O=C(Nc1ccc(-c2nc(N3CC4CC3CO4)c3cn[nH]c3n2)cc1)NC1CC1,7.28,1,473.459,3.317,97.2,2,6,5,6,0.455,0.5903
CHEMBL573662,KPXVSFMQOAWOEC-FQEVSTJZSA-N,CCOC(=O)N1CCC(n2ncc3c(N4CCOC[C@@H]4C)nc(-c4ccc(NC(=O)Nc5ccncc5)cc4)nc32)CC1,O=C(Nc1ccncc1)Nc1ccc(-c2nc(N3CCOCC3)c3cnn(C4CCNCC4)c3n2)cc1,9.24,1,585.669,4.551,139.63,2,9,6,6,0.4,0.3335
CHEMBL573663,KPXVSFMQOAWOEC-HXUWFJFHSA-N,CCOC(=O)N1CCC(n2ncc3c(N4CCOC[C@H]4C)nc(-c4ccc(NC(=O)Nc5ccncc5)cc4)nc32)CC1,O=C(Nc1ccncc1)Nc1ccc(-c2nc(N3CCOCC3)c3cnn(C4CCNCC4)c3n2)cc1,9.55,1,585.669,4.551,139.63,2,9,6,6,0.4,0.3335
CHEMBL592063,KQSIJQWEUOVQTK-UHFFFAOYSA-N,CCn1nnc2c(N3CCOCC3)nc(-c3ccc(NC(=O)Nc4ccc(C(=O)OC)cc4)cc3)nc21,O=C(Nc1ccccc1)Nc1ccc(-c2nc(N3CCOCC3)c3nn[nH]c3n2)cc1,8.59,1,502.535,3.175,136.39,2,9,6,5,0.28,0.381
CHEMBL574207,KSIUPYTYTKLWOL-UHFFFAOYSA-N,Oc1cccc(-c2nc(N3CCOCC3)c3cnn(C4CCN(Cc5ccccc5)CC4)c3n2)c1,c1ccc(CN2CCC(n3ncc4c(N5CCOCC5)nc(-c5ccccc5)nc43)CC2)cc1,7.095,1,470.577,3.873,79.54,1,7,5,6,0.37,0.4743
CHEMBL1092397,KUARKKJFJBPZHD-UHFFFAOYSA-N,O=C(Nc1ccc(OCCN2CCCC2)cc1)Nc1ccc(-c2nc(N3C4CCC3COC4)nc(N3C4CCC3COC4)n2)cc1,O=C(Nc1ccc(OCCN2CCCC2)cc1)Nc1ccc(-c2nc(N3C4CCC3COC4)nc(N3C4CCC3COC4)n2)cc1,9.1,1,626.762,4.392,117.21,2,10,9,8,0.529,0.3542
CHEMBL1242566,KUMLEJXITHSWSP-UHFFFAOYSA-N,Nc1ncnc2c1c(-c1ccc(F)c(O)c1)nn2C1CCC1,c1ccc(-c2nn(C3CCC3)c3ncncc23)cc1,5.82,0,299.309,2.645,89.85,2,5,2,4,0.267,0.7589
CHEMBL1092815,KXMYPFPNGHXRLC-BKUYFWCQSA-N,CN(C)C(=O)c1ccc(-c2ccnc3c2c(/C=C2\Oc4cccc(O)c4C2=O)cn3C)cc1,O=C1C(=Cc2c[nH]c3nccc(-c4ccccc4)c23)Oc2ccccc21,9.26,1,439.471,4.264,84.66,1,5,3,5,0.115,0.4823
CHEMBL1083508,KYBJEPGFZBUXMW-UHFFFAOYSA-N,CC(C)(O)c1cc2nc(-c3cccc4[nH]ncc34)nc(N3CCOCC3)c2s1,c1cc(-c2nc(N3CCOCC3)c3sccc3n2)c2cn[nH]c2c1,6.89,1,395.488,3.299,87.16,2,7,3,5,0.35,0.5535
CHEMBL576505,KYUFDBIYWRJMMF-UHFFFAOYSA-N,CCn1ncc2c(N3CC4CCC(C3)O4)nc(-c3ccc(NC(=O)Nc4ccc(N5CCN(C)CC5)cc4)cc3)nc21,O=C(Nc1ccc(-c2nc(N3CC4CCC(C3)O4)c3cn[nH]c3n2)cc1)Nc1ccc(N2CCNCC2)cc1,9.52,1,567.698,4.277,103.68,2,8,6,7,0.419,0.3561
CHEMBL1090115,KZFJGEOZCGZDAA-MTJSOVHGSA-N,COc1ccc2[nH]c(-c3ccccc3)c(/C=C3\Oc4cc(O)cc(O)c4C3=O)c2c1,O=C1C(=Cc2c(-c3ccccc3)[nH]c3ccccc23)Oc2ccccc21,8.0,1,399.402,4.871,91.78,3,5,3,5,0.042,0.4276
CHEMBL1091492,KZQWIVWSZFQHSK-HAHDFKILSA-N,Cn1cc(/C=C2\Oc3cccc(O)c3C2=O)c2c(-c3ccc(C(=O)N4CCOCC4)cc3)ccnc21,O=C1C(=Cc2c[nH]c3nccc(-c4ccc(C(=O)N5CCOCC5)cc4)c23)Oc2ccccc21,9.3,1,481.508,4.035,93.89,1,6,3,6,0.179,0.4442
CHEMBL1098300,LBUAXQMQACBZHH-UHFFFAOYSA-N,COC(=O)Nc1ccc(-c2nc(N3CCOCC3)c3cnn(-c4ccccc4)c3n2)cc1,c1ccc(-c2nc(N3CCOCC3)c3cnn(-c4ccccc4)c3n2)cc1,7.7,1,430.468,3.497,94.4,1,7,4,5,0.217,0.5295
CHEMBL586051,LDTQDFBNNNCIHE-UHFFFAOYSA-N,c1ccc(CN2CCC(n3ncc4c(N5CCOCC5)nc(-c5cc6ccccc6[nH]5)nc43)CC2)cc1,c1ccc(CN2CCC(n3ncc4c(N5CCOCC5)nc(-c5cc6ccccc6[nH]5)nc43)CC2)cc1,6.89,1,493.615,4.648,75.1,1,6,5,7,0.345,0.3843
CHEMBL1084926,LEXMMFPAPDGYGZ-UHFFFAOYSA-N,CC(C)(O)c1cc2nc(-c3cnc(N)nc3)nc(N3CCOCC3)c2s1,c1ncc(-c2nc(N3CCOCC3)c3sccc3n2)cn1,7.52,1,372.454,1.794,110.28,2,9,3,4,0.412,0.7159
CHEMBL1097894,LEYYPJYBFZEGQD-UHFFFAOYSA-N,CC(C)NC(=O)Nc1ccc(-c2nc(N3CCOCC3)c3cnn(C4CCN(Cc5ccccc5)CC4)c3n2)cc1,c1ccc(CN2CCC(n3ncc4c(N5CCOCC5)nc(-c5ccccc5)nc43)CC2)cc1,8.32,1,554.699,4.697,100.44,2,7,7,6,0.419,0.3417
CHEMBL1095932,LGSOBLATILGMLK-UHFFFAOYSA-N,CNC(=O)Nc1ccc(-c2nc(N3CCOCC3)c3cnn(C4CCN(C(=O)OC(C)C)CC4)c3n2)cc1,c1ccc(-c2nc(N3CCOCC3)c3cnn(C4CCNCC4)c3n2)cc1,9.7,1,522.61,3.263,126.74,2,8,5,5,0.5,0.5229
CHEMBL572944,LHKWYVSHKLEEJS-UHFFFAOYSA-N,CNC(=O)Nc1ccc(-c2nc(N3CC4CCC(C3)O4)c3cnn(CC(F)(F)F)c3n2)cc1,c1ccc(-c2nc(N3CC4CCC(C3)O4)c3cn[nH]c3n2)cc1,9.3,1,461.448,3.175,97.2,2,6,4,5,0.429,0.6197
CHEMBL521851,LHNIIDJUOCFXAP-UHFFFAOYSA-N,CS(=O)(=O)N1CCN(Cc2cc3nc(-c4cccc5[nH]ncc45)nc(N4CCOCC4)c3s2)CC1,c1cc(-c2nc(N3CCOCC3)c3sc(CN4CCNCC4)cc3n2)c2cn[nH]c2c1,6.51,1,513.649,2.148,107.55,1,9,5,6,0.435,0.4326
CHEMBL568550,LIXPHSWBUVFNRA-UHFFFAOYSA-N,COc1cc(-c2csc(-c3ccnc(N4CCOCC4)n3)n2)cc(OC)c1O,c1ccc(-c2csc(-c3ccnc(N4CCOCC4)n3)n2)cc1,6.75,1,400.46,2.827,89.83,1,9,5,4,0.316,0.6993
CHEMBL1090131,LKJWRWGSGQGEJA-MXAYSNPKSA-N,COc1ccc2c(c1)c(/C=C1\Oc3cc(O)cc(O)c3C1=O)cn2CCN1CCN(CCCO)CC1,O=C1C(=Cc2cn(CCN3CCNCC3)c3ccccc23)Oc2ccccc21,6.67,1,493.56,2.677,107.63,3,8,8,5,0.37,0.4114
CHEMBL1091350,LNVKHFXQPAKJJF-UHFFFAOYSA-N,CN1CCN(c2ccc(NC(=O)Nc3ccc(-c4nc(C5CCOCC5)nc(N5C6CCC5COC6)n4)cc3)cc2)CC1,O=C(Nc1ccc(-c2nc(C3CCOCC3)nc(N3C4CCC3COC4)n2)cc1)Nc1ccc(N2CCNCC2)cc1,9.28,1,584.725,4.196,107.98,2,9,6,7,0.5,0.4409
CHEMBL572679,LOSCOCADDAFDQI-GOSISDBHSA-N,CCOC(=O)N1CCC(n2ncc3c(N4CCOC[C@H]4C)nc(-c4ccc(NC(=O)NCCF)cc4)nc32)CC1,c1ccc(-c2nc(N3CCOCC3)c3cnn(C4CCNCC4)c3n2)cc1,8.92,1,554.627,3.603,126.74,2,8,7,5,0.519,0.4537
CHEMBL576782,LOSCOCADDAFDQI-SFHVURJKSA-N,CCOC(=O)N1CCC(n2ncc3c(N4CCOC[C@@H]4C)nc(-c4ccc(NC(=O)NCCF)cc4)nc32)CC1,c1ccc(-c2nc(N3CCOCC3)c3cnn(C4CCNCC4)c3n2)cc1,8.74,1,554.627,3.603,126.74,2,8,7,5,0.519,0.4537
CHEMBL610630,LQBQQAXIISEIGM-RTWGARKQSA-N,CNC(=O)Nc1ccc(-c2nc(N3CC4CCC(C3)O4)c3cnn([C@H]4CC[C@H](O)CC4)c3n2)cc1,c1ccc(-c2nc(N3CC4CCC(C3)O4)c3cnn(C4CCCCC4)c3n2)cc1,9.62,1,477.569,3.088,117.43,3,7,4,6,0.52,0.5286
CHEMBL606621,LQBQQAXIISEIGM-VCWRXUFXSA-N,CNC(=O)Nc1ccc(-c2nc(N3CC4CCC(C3)O4)c3cnn([C@H]4CC[C@@H](O)CC4)c3n2)cc1,c1ccc(-c2nc(N3CC4CCC(C3)O4)c3cnn(C4CCCCC4)c3n2)cc1,9.52,1,477.569,3.088,117.43,3,7,4,6,0.52,0.5286
CHEMBL601023,LRLKPJBRGFJMKN-UHFFFAOYSA-N,O=C(NCCF)Nc1ccc(-c2nc(N3CC4CCC(C3)O4)c3cnn(C4CCC5(CC4)OCCO5)c3n2)cc1,c1ccc(-c2nc(N3CC4CCC(C3)O4)c3cnn(C4CCC5(CC4)OCCO5)c3n2)cc1,9.66,1,551.623,3.81,115.66,2,8,6,7,0.571,0.4754
CHEMBL1093754,LRWLSMIVBWZTPN-ULJHMMPZSA-N,Cn1cc(/C=C2\Oc3cccc(O)c3C2=O)c2c(N3CCC(C(=O)N4CCN(CCO)CC4)CC3)ccnc21,O=C1C(=Cc2c[nH]c3nccc(N4CCC(C(=O)N5CCNCC5)CC4)c23)Oc2ccccc21,8.73,1,531.613,2.248,111.37,2,8,5,6,0.414,0.4826
CHEMBL576305,LSPYTXAQSKEIJE-UHFFFAOYSA-N,CCn1ncc2c(N3CC4CCC(C3)O4)nc(-c3ccc(NC(=O)Nc4ccc(OCCN5CCOCC5)nc4)cc3)nc21,O=C(Nc1ccc(-c2nc(N3CC4CCC(C3)O4)c3cn[nH]c3n2)cc1)Nc1ccc(OCCN2CCOCC2)nc1,9.0,1,599.696,3.631,131.79,2,10,9,7,0.452,0.294
CHEMBL260313,LUYBVXOQKFLGIX-QCBONVKISA-N,COC[C@H]1OC(=O)/C(=C/N2CCC(=O)CC2)C2=C(O)C(=O)C3=C([C@H](OC(C)=O)C[C@]4(C)[C@@H](O)CC[C@@H]34)[C@]21C,O=C1CCN(C=C2C(=O)OCC3C2=CC(=O)C2=C3CCC3CCCC23)CC1,6.02,1,529.586,1.917,139.67,2,10,4,5,0.643,0.41
CHEMBL1242376,LVUGPVDXTSJQQD-UHFFFAOYSA-N,Nc1ncnc2c1c(-c1ccc(Br)c(O)c1)nn2C1CCCC1,c1ccc(-c2nn(C3CCCC3)c3ncncc23)cc1,6.81,1,374.242,3.659,89.85,2,5,2,4,0.312,0.7146
CHEMBL599668,LWSJQJQMKYBWTR-UHFFFAOYSA-N,O=C(Nc1ccc(-c2nc(N3CCOCC3)nc(N3CCOCC3)n2)cc1)Nc1cccnc1,O=C(Nc1ccc(-c2nc(N3CCOCC3)nc(N3CCOCC3)n2)cc1)Nc1cccnc1,8.92,1,462.514,2.251,117.63,2,9,5,5,0.348,0.5885
CHEMBL538378,LWXZJXVFHWPDBG-UHFFFAOYSA-N,COC(=O)N1CCC(n2ncc3c(N4CCOCC4)nc(-c4ccc(NC(=O)Nc5cccnc5)cc4)nc32)CC1,O=C(Nc1ccc(-c2nc(N3CCOCC3)c3cnn(C4CCNCC4)c3n2)cc1)Nc1cccnc1,9.7,1,557.615,3.772,139.63,2,9,5,6,0.357,0.3752
CHEMBL590074,LXKCPGRADZOFQP-UHFFFAOYSA-N,CC(C)n1nnc2c(N3CCOCC3)nc(-c3ccc(NC(=O)Nc4ccncc4)cc3)nc21,O=C(Nc1ccncc1)Nc1ccc(-c2nc(N3CCOCC3)c3nn[nH]c3n2)cc1,9.29,1,459.514,3.345,122.98,2,8,5,5,0.304,0.4658
CHEMBL611630,LYJKHCYTQHFQLX-UHFFFAOYSA-N,c1cc2ccc(-c3nc(N4CCOCC4)c4nc[nH]c4n3)cc2[nH]1,c1cc2ccc(-c3nc(N4CCOCC4)c4nc[nH]c4n3)cc2[nH]1,6.82,1,320.356,2.338,82.72,2,5,2,5,0.235,0.5922
CHEMBL574672,MATKXKBQRWTLGT-UHFFFAOYSA-N,Oc1ccccc1-c1nc(N2CCOCC2)c2cnn(C3CCN(Cc4ccccc4)CC3)c2n1,c1ccc(CN2CCC(n3ncc4c(N5CCOCC5)nc(-c5ccccc5)nc43)CC2)cc1,5.9,0,470.577,3.873,79.54,1,7,5,6,0.37,0.4743
CHEMBL1242656,MBPKPSDAPFPECJ-UHFFFAOYSA-N,CC1CCC(n2nc(-c3ccc(F)c(O)c3)c3c(N)ncnc32)C1,c1ccc(-c2nn(C3CCCC3)c3ncncc23)cc1,6.09,1,327.363,3.281,89.85,2,5,2,4,0.353,0.7537
CHEMBL594549,MDAFZGAXBHQRNG-UHFFFAOYSA-N,CS(=O)(=O)N1CCN(Cc2cc3nc(-c4ccc(NC(=O)Nc5cccnc5)cc4)nc(N4CC5CCC(C4)O5)c3s2)CC1,O=C(Nc1ccc(-c2nc(N3CC4CCC(C3)O4)c3sc(CN4CCNCC4)cc3n2)cc1)Nc1cccnc1,9.22,1,634.788,3.842,132.89,2,10,7,7,0.4,0.3112
CHEMBL1093685,MDCUBEVKJUZWIR-GATIEOLUSA-N,Cn1cc(/C=C2\Oc3ccc(NC(=O)Nc4cccnc4)cc3C2=O)c2c(N3CC4CCC(C3)O4)ccnc21,O=C(Nc1cccnc1)Nc1ccc2c(c1)C(=O)C(=Cc1c[nH]c3nccc(N4CC5CCC(C4)O5)c13)O2,7.84,1,522.565,4.596,110.61,2,7,4,7,0.241,0.3772
CHEMBL1241674,MFAQYJIYDMLAIM-UHFFFAOYSA-N,CC(C)n1nc(-c2cc3cc(O)ccc3[nH]2)c2c(N)ncnc21,c1ccc2[nH]c(-c3n[nH]c4ncncc34)cc2c1,8.1,1,308.345,2.843,105.64,3,5,2,4,0.188,0.5278
CHEMBL1241299,MFRGGAROFRXKRT-UHFFFAOYSA-N,Cn1nc(-c2ccc(Br)c(O)c2)c2c(N)ncnc21,c1ccc(-c2n[nH]c3ncncc23)cc1,6.26,1,320.15,2.081,89.85,2,5,1,3,0.083,0.7163
CHEMBL576091,MHEFFNLOVMOWPU-UHFFFAOYSA-N,CCn1ncc2c(N3CC4CCC(C3)O4)nc(-c3ccc(NC(=O)Nc4ccc(N5CCOCC5)cc4)cc3)nc21,O=C(Nc1ccc(-c2nc(N3CC4CCC(C3)O4)c3cn[nH]c3n2)cc1)Nc1ccc(N2CCOCC2)cc1,9.7,1,554.655,4.361,109.67,2,8,6,7,0.4,0.3619
CHEMBL597004,MIPSHXJPVYIDDC-UHFFFAOYSA-N,O=C(Nc1ccc(CO)cc1)Nc1ccc(-c2nc(N3CCOCC3)nc(N3CCOCC3)n2)cc1,O=C(Nc1ccccc1)Nc1ccc(-c2nc(N3CCOCC3)nc(N3CCOCC3)n2)cc1,8.72,1,491.552,2.348,124.97,3,9,6,5,0.36,0.4764
CHEMBL272595,MJGFRIGAWUDYJU-IHIZDZNISA-N,COC[C@H]1OC(=O)/C(=C/N(CCCN(C)C)CCCN(C)C)C2=C(O)C(=O)C3=C([C@H](OC(C)=O)C[C@]4(C)[C@@H](O)CC[C@@H]34)[C@]21C,C=C1C(=O)OCC2C1=CC(=O)C1=C2CCC2CCCC12,5.45,0,617.784,2.458,129.08,2,11,12,4,0.727,0.2476
CHEMBL596430,MMVNGBAMDGGFQY-UHFFFAOYSA-N,CC(=O)Nc1ccc(-c2nc(N3CC4CCC(C3)O4)c3sccc3n2)cc1,c1ccc(-c2nc(N3CC4CCC(C3)O4)c3sccc3n2)cc1,7.58,1,380.473,3.684,67.35,1,6,3,5,0.35,0.7507
CHEMBL1092768,MNFLAXUMRDDWAF-BOPFTXTBSA-N,Cn1cc(/C=C2\Oc3cccc(O)c3C2=O)c2c(N3CCOCC3)ccnc21,O=C1C(=Cc2c[nH]c3nccc(N4CCOCC4)c23)Oc2ccccc21,8.66,1,377.4,2.732,76.82,1,6,2,5,0.238,0.6923
CHEMBL1241483,MNJNKKYCZKBVRY-UHFFFAOYSA-N,COc1cc(-c2nn(C(C)C)c3ncnc(N)c23)ccc1F,c1ccc(-c2n[nH]c3ncncc23)cc1,5.09,0,301.325,2.804,78.85,1,5,3,3,0.267,0.8044
CHEMBL1093448,MOULOOQEACIASM-XYGWBWBKSA-N,COc1ccc2c(c1)c(/C=C1\Oc3cc(O)cc(O)c3C1=O)c(C)n2CCCN1CCN(C)CC1,O=C1C(=Cc2cn(CCCN3CCNCC3)c3ccccc23)Oc2ccccc21,6.82,1,477.561,3.623,87.4,2,7,6,5,0.37,0.5245
CHEMBL1242749,MRZVUZUMBCEAGI-SECBINFHSA-N,Nc1ncnc2c1c(-c1ccc(F)c(O)c1)nn2[C@@H]1CCOC1,c1ccc(-c2nn(C3CCOC3)c3ncncc23)cc1,6.0,1,315.308,1.882,99.08,2,6,2,4,0.267,0.7489
CHEMBL1242748,MRZVUZUMBCEAGI-VIFPVBQESA-N,Nc1ncnc2c1c(-c1ccc(F)c(O)c1)nn2[C@H]1CCOC1,c1ccc(-c2nn(C3CCOC3)c3ncncc23)cc1,5.04,0,315.308,1.882,99.08,2,6,2,4,0.267,0.7489
CHEMBL573171,MTJZTDDVRCDUJY-UHFFFAOYSA-N,COC(=O)N1CCC(n2ncc3c(N4CCOC(C)C4)nc(-c4ccc(NC(=O)Nc5cccnc5)cc4)nc32)CC1,O=C(Nc1ccc(-c2nc(N3CCOCC3)c3cnn(C4CCNCC4)c3n2)cc1)Nc1cccnc1,9.21,1,571.642,4.161,139.63,2,9,5,6,0.379,0.3614
CHEMBL1230790,MWYBBCLGEHZSCP-UHFFFAOYSA-N,CC(C)n1nc(-c2cccc(O)c2)c2c(N)ncnc21,c1ccc(-c2n[nH]c3ncncc23)cc1,5.68,0,269.308,2.362,89.85,2,5,2,3,0.214,0.745
CHEMBL503885,MYMSKXFGXABEON-OYYFJIJNSA-N,CO[C@@H]1C[C@H](C[C@@H](C)[C@@H]2CC(=O)[C@H](C)/C=C(\C)[C@@H](O)[C@@H](OC)C(=O)[C@H](C)C[C@H](C)/C=C/C=C/C=C(\C)[C@@H](c3cccc4c(C)c[nH]c34)C[C@@H]3CC[C@@H](C)[C@@](O)(O3)C(=O)C(=O)N3CCCC[C@H]3C(=O)O2)CC[C@H]1O,O=C1CCC=CCC(=O)CC(CCC2CCCCC2)OC(=O)C2CCCCN2C(=O)C(=O)C2CCCC(CC(c3cccc4cc[nH]c34)C=CC=CC=CCCC1)O2,8.3,1,1013.323,8.739,201.99,4,12,6,6,0.644,0.122
CHEMBL1091706,NCHGUPBSKWZNEA-MNBJERMJSA-N,CN(Cc1ccccn1)C(=O)C1CCN(c2ccnc3c2c(/C=C2\Oc4ccc(NC(=O)Nc5cccnc5)cc4C2=O)cn3C)CC1,O=C(Nc1cccnc1)Nc1ccc2c(c1)C(=O)C(=Cc1c[nH]c3nccc(N4CCC(C(=O)NCc5ccccn5)CC4)c13)O2,8.08,1,642.72,5.499,134.58,2,8,7,7,0.222,0.2225
CHEMBL1092396,NCMPMDQMBRJTPI-UHFFFAOYSA-N,CN1CCN(CCOc2ccc(NC(=O)Nc3ccc(-c4nc(N5C6CCC5COC6)nc(N5C6CCC5COC6)n4)cc3)cc2)CC1,O=C(Nc1ccc(OCCN2CCNCC2)cc1)Nc1ccc(-c2nc(N3C4CCC3COC4)nc(N3C4CCC3COC4)n2)cc1,9.05,1,655.804,3.544,120.45,2,11,9,8,0.543,0.3524
CHEMBL1091349,NDLMLALBYLJOIH-UHFFFAOYSA-N,CN1CCN(c2ccc(NC(=O)Nc3ccc(-c4nc(C5=CCOCC5)nc(N5C6CCC5COC6)n4)cc3)cc2)CC1,O=C(Nc1ccc(-c2nc(C3=CCOCC3)nc(N3C4CCC3COC4)n2)cc1)Nc1ccc(N2CCNCC2)cc1,9.15,1,582.709,4.106,107.98,2,9,6,7,0.438,0.4441
CHEMBL429577,NFAZGJGXBSQDSG-XYOXHLLKSA-N,CCN(/C=C1/C(=O)O[C@H](COC)[C@@]2(C)C1=C(O)C(=O)C1=C2[C@H](OC(C)=O)C[C@]2(C)[C@@H](O)CC[C@@H]12)CCN(CC)CC,C=C1C(=O)OCC2C1=CC(=O)C1=C2CCC2CCCC12,5.83,0,574.715,2.916,125.84,2,10,10,4,0.71,0.2971
CHEMBL1092841,NFGMKGKKDCYXPD-UHFFFAOYSA-N,CN(C)CCn1ccc2c(N3CCOCC3)nc(-c3ccc(NC(=O)Nc4ccncc4)cc3)nc21,O=C(Nc1ccncc1)Nc1ccc(-c2nc(N3CCOCC3)c3cc[nH]c3n2)cc1,8.7,1,486.58,3.536,100.44,2,7,7,5,0.308,0.4121
CHEMBL1095945,NFSCWDJYPSGUKY-UHFFFAOYSA-N,CONC(=O)Nc1ccc(-c2nc(N3CCOCC3)c3cnn(C4CCN(Cc5ccccc5)CC4)c3n2)cc1,c1ccc(CN2CCC(n3ncc4c(N5CCOCC5)nc(-c5ccccc5)nc43)CC2)cc1,7.8,1,542.644,3.85,109.67,2,8,7,6,0.379,0.3392
CHEMBL578645,NGJVDJJMXFCUOB-UHFFFAOYSA-N,CCNC(=O)Nc1ccc(-c2nc(N3CCOCC3)c3cnn(C4CCN(C(=O)OCC)CC4)c3n2)cc1,c1ccc(-c2nc(N3CCOCC3)c3cnn(C4CCNCC4)c3n2)cc1,9.77,1,522.61,3.265,126.74,2,8,6,5,0.5,0.5052
CHEMBL1097901,NHQOSODHGLNYEK-UHFFFAOYSA-N,O=C(Nc1ccc(-c2nc(N3CCOCC3)c3cnn(C4CCN(Cc5ccccc5)CC4)c3n2)cc1)Nc1cccnc1,O=C(Nc1ccc(-c2nc(N3CCOCC3)c3cnn(C4CCN(Cc5ccccc5)CC4)c3n2)cc1)Nc1cccnc1,9.1,1,589.704,5.206,113.33,2,8,7,7,0.303,0.2662
CHEMBL1091351,NHZTZOWHFHJNQD-UHFFFAOYSA-N,O=C(Nc1ccc(-c2nc(C3CCOCC3)nc(N3C4CCC3COC4)n2)cc1)Nc1ccc(N2CCNCC2)cc1,O=C(Nc1ccc(-c2nc(C3CCOCC3)nc(N3C4CCC3COC4)n2)cc1)Nc1ccc(N2CCNCC2)cc1,9.27,1,570.698,3.854,116.77,3,9,6,7,0.484,0.4063
CHEMBL565808,NIHHQWZEUOCDGK-UHFFFAOYSA-N,CN(C)CCn1ncc2c(N3CC4CCC(C3)O4)nc(-c3ccc(NC(=O)Nc4cccnc4)cc3)nc21,O=C(Nc1ccc(-c2nc(N3CC4CCC(C3)O4)c3cn[nH]c3n2)cc1)Nc1cccnc1,8.57,1,513.606,3.462,113.33,2,8,7,6,0.37,0.3864
CHEMBL1088746,NIZRMSMNHMOGRS-BKUYFWCQSA-N,CN(C)C(=O)c1cccc(-c2ccnc3c2c(/C=C2\Oc4cccc(O)c4C2=O)cn3C)c1,O=C1C(=Cc2c[nH]c3nccc(-c4ccccc4)c23)Oc2ccccc21,7.75,1,439.471,4.264,84.66,1,5,3,5,0.115,0.4823
CHEMBL576506,NKBGMLOQTKRJCU-UHFFFAOYSA-N,O=C(Nc1ccc(-c2nc(N3CC4CCC(C3)O4)c3cnn(CC(F)(F)F)c3n2)cc1)Nc1ccc(N2CCNCC2)cc1,O=C(Nc1ccc(-c2nc(N3CC4CCC(C3)O4)c3cn[nH]c3n2)cc1)Nc1ccc(N2CCNCC2)cc1,9.7,1,607.641,4.477,112.47,3,8,6,7,0.4,0.2944
CHEMBL1092071,NLKBXYZEDAMSSX-UHFFFAOYSA-N,O=C(Nc1ccncc1)Nc1ccc(-c2nc(N3CCOCC3)c3ccn(CCO)c3n2)cc1,O=C(Nc1ccncc1)Nc1ccc(-c2nc(N3CCOCC3)c3cc[nH]c3n2)cc1,8.7,1,459.51,2.966,117.43,3,7,6,5,0.25,0.4058
CHEMBL594244,NLNIZBXJXWGGBP-UHFFFAOYSA-N,CS(=O)(=O)N1CCN(Cc2cc3nc(-c4ccc(NC(=O)NC5CC5)cc4)nc(N4CC5CCC(C4)O5)c3s2)CC1,O=C(Nc1ccc(-c2nc(N3CC4CCC(C3)O4)c3sc(CN4CCNCC4)cc3n2)cc1)NC1CC1,9.0,1,597.767,3.087,120.0,2,9,7,7,0.536,0.4266
CHEMBL1098305,NNBQPBRMABHXMF-UHFFFAOYSA-N,NC(=O)Nc1ccc(-c2nc(N3CCOCC3)c3cnn(C4CCN(Cc5ccccc5)CC4)c3n2)cc1,c1ccc(CN2CCC(n3ncc4c(N5CCOCC5)nc(-c5ccccc5)nc43)CC2)cc1,8.57,1,512.618,3.658,114.43,2,7,6,6,0.357,0.4052
CHEMBL592619,NNTLLIDAXIUUPO-UHFFFAOYSA-N,O=C(Nc1ccc(C(=O)N2CCC(N3CCCCC3)CC2)cc1)Nc1ccc(-c2nc(N3CCOCC3)nc(N3CCOCC3)n2)cc1,O=C(Nc1ccc(C(=O)N2CCC(N3CCCCC3)CC2)cc1)Nc1ccc(-c2nc(N3CCOCC3)nc(N3CCOCC3)n2)cc1,9.15,1,655.804,3.946,128.29,2,10,7,7,0.514,0.3864
CHEMBL562365,NNYPLMSOAFZNTE-UHFFFAOYSA-N,CNC(=O)Nc1ccc(-c2nc(N3CCOCC3)c3cnn(C4CCN(C(C)=O)CC4)c3n2)cc1,c1ccc(-c2nc(N3CCOCC3)c3cnn(C4CCNCC4)c3n2)cc1,8.68,1,478.557,2.265,117.51,2,7,4,5,0.458,0.5906
CHEMBL1082620,NPQPJCWZDJSQHJ-UXHLAJHPSA-N,COc1cc(F)c2[nH]c(-c3c(C)nn(C)c3C)c(/C=C3/Oc4ccc(NC(=O)Nc5ccc(C(=O)N6CCOCC6)cc5)cc4C3=O)c2c1,O=C(Nc1ccc(C(=O)N2CCOCC2)cc1)Nc1ccc2c(c1)C(=O)C(=Cc1c(-c3cn[nH]c3)[nH]c3ccccc13)O2,8.6,1,664.694,6.066,139.81,3,7,6,7,0.222,0.1875
CHEMBL1091347,NPYFLTXFUHLLOO-UHFFFAOYSA-N,CN1CCN(c2ccc(NC(=O)Nc3ccc(-c4nc(N5CCSCC5)nc(N5C6CCC5COC6)n4)cc3)cc2)CC1,O=C(Nc1ccc(-c2nc(N3CCSCC3)nc(N3C4CCC3COC4)n2)cc1)Nc1ccc(N2CCNCC2)cc1,8.06,1,601.781,3.855,101.99,2,10,6,7,0.484,0.4333
CHEMBL562999,NQNFBVOZVJAWSQ-UHFFFAOYSA-N,COC(=O)N1CCC(n2ncc3c(N4CCOCC4)nc(-c4ccc(NC(=O)NC5CC5)cc4)nc32)CC1,O=C(Nc1ccc(-c2nc(N3CCOCC3)c3cnn(C4CCNCC4)c3n2)cc1)NC1CC1,9.325,1,520.594,3.017,126.74,2,8,5,6,0.5,0.5258
CHEMBL596994,NRYFQFHSRDGWAS-UHFFFAOYSA-N,CNC(=O)Nc1ccc(-c2nc(N3CCOCC3)nc(N3CCOCC3)n2)cc1,c1ccc(-c2nc(N3CCOCC3)nc(N3CCOCC3)n2)cc1,7.95,1,399.455,0.963,104.74,2,8,4,4,0.474,0.7835
CHEMBL566882,NUOZXQZTJBLQNW-HZHRSRAPSA-N,COc1cc(/C=N/Nc2nc(N3CCCCC3)nc(N3CCCCC3)n2)cc(OC)c1O,C(=NNc1nc(N2CCCCC2)nc(N2CCCCC2)n1)c1ccccc1,5.23,0,441.536,3.021,108.23,2,10,7,4,0.545,0.4949
CHEMBL1091715,NUUSKGDTQXETAP-ZUOMXFFYSA-N,C[C@@H]1COCCN1c1nc(-c2ccc(NC(=O)Nc3ccc(OCCN(C)C)cc3)cc2)nc(N2C3CCC2COC3)n1,O=C(Nc1ccccc1)Nc1ccc(-c2nc(N3CCOCC3)nc(N3C4CCC3COC4)n2)cc1,8.77,1,588.713,3.716,117.21,2,10,9,6,0.484,0.3831
CHEMBL1241579,NVHKWMBHTXQWRP-SSDOTTSWSA-N,C[C@H](CN)n1nc(-c2ccc(Cl)c(O)c2)c2c(N)ncnc21,c1ccc(-c2n[nH]c3ncncc23)cc1,5.7,0,318.768,1.954,115.87,3,6,3,3,0.214,0.6794
CHEMBL1240544,NVHKWMBHTXQWRP-ZETCQYMHSA-N,C[C@@H](CN)n1nc(-c2ccc(Cl)c(O)c2)c2c(N)ncnc21,c1ccc(-c2n[nH]c3ncncc23)cc1,6.06,1,318.768,1.954,115.87,3,6,3,3,0.214,0.6794
CHEMBL1081312,NVRXTLZYXZNATH-UHFFFAOYSA-N,Nc1ncnc2c1c(-c1cnc3[nH]ccc3c1)nn2C1CCCC1,c1ncc2c(-c3cnc4[nH]ccc4c3)nn(C3CCCC3)c2n1,8.0,1,319.372,3.067,98.3,2,5,2,5,0.294,0.5914
CHEMBL1083912,NVVYGAOHSAGFRS-WSDLNYQXSA-N,CNC(=O)Nc1ccc2c(c1)C(=O)/C(=C\c1c(-c3c(C)nn(C)c3C)[nH]c3ccc(OC)cc13)O2,O=C1C(=Cc2c(-c3cn[nH]c3)[nH]c3ccccc23)Oc2ccccc21,8.89,1,471.517,4.561,110.27,3,5,4,5,0.192,0.3781
CHEMBL1089823,NWKUBQMZZLURDS-UCQKPKSFSA-N,COc1ccc2c(c1)c(/C=C1\Oc3cc(O)cc(O)c3C1=O)c(C)n2CCN1CCOCC1,O=C1C(=Cc2cn(CCN3CCOCC3)c3ccccc23)Oc2ccccc21,8.05,1,450.491,3.318,93.39,2,7,5,5,0.32,0.5762
CHEMBL589142,NXFHEWHRZWCTEI-UHFFFAOYSA-N,OCc1cccc(-c2nc(N3CCOCC3)c3ncn(C4CCN(Cc5ccccc5)CC4)c3n2)c1,c1ccc(CN2CCC(n3cnc4c(N5CCOCC5)nc(-c5ccccc5)nc43)CC2)cc1,6.14,1,484.604,3.659,79.54,1,7,6,6,0.393,0.4474
CHEMBL566044,NZRNXBWRAOQQBN-UHFFFAOYSA-N,OCc1ccc(-c2ccc(-c3cc(N4CCOCC4)nc(N4CCOCC4)n3)o2)cc1,c1ccc(-c2ccc(-c3cc(N4CCOCC4)nc(N4CCOCC4)n3)o2)cc1,5.26,0,422.485,2.569,84.09,1,8,5,5,0.391,0.6718
CHEMBL594844,OCVPDJPZJKVHFR-UHFFFAOYSA-N,Nc1ncc(-c2nc(N3CCOCC3)c3sccc3n2)cn1,c1ncc(-c2nc(N3CCOCC3)c3sccc3n2)cn1,7.21,1,314.374,1.567,90.05,1,8,2,4,0.286,0.7674
CHEMBL1092781,ODKUJMMJYPRCMG-UQQQWYQISA-N,Cn1cc(/C=C2\Oc3cccc(O)c3C2=O)c2c(-c3ccc(C(=O)N4CCN(CCO)CC4)cc3)ccnc21,O=C1C(=Cc2c[nH]c3nccc(-c4ccc(C(=O)N5CCNCC5)cc4)c23)Oc2ccccc21,9.41,1,524.577,3.312,108.13,2,7,5,6,0.233,0.3858
CHEMBL565583,ODSKIIXTBSXLGG-UHFFFAOYSA-N,CCn1ncc2c(N3CC4CCC(C3)O4)nc(-c3ccc(NC(=O)Nc4ccc(CN)cc4)cc3)nc21,O=C(Nc1ccccc1)Nc1ccc(-c2nc(N3CC4CCC(C3)O4)c3cn[nH]c3n2)cc1,9.7,1,498.591,3.984,123.22,3,7,6,6,0.333,0.3673
CHEMBL591807,OEKPVDAQJATZGK-UHFFFAOYSA-N,COc1ccc(CN2CCC(n3cnc4c(N5CCOCC5)nc(-c5cccc(O)c5)nc43)CC2)cn1,c1ccc(-c2nc(N3CCOCC3)c3ncn(C4CCN(Cc5cccnc5)CC4)c3n2)cc1,7.29,1,501.591,3.276,101.66,1,9,6,6,0.407,0.4264
CHEMBL1095626,OFIHBQUKIUHAHV-UHFFFAOYSA-N,COC(=O)N1CCC(n2ncc3c(N4CCOCC4)nc(-c4ccc(N)cc4)nc32)CC1,c1ccc(-c2nc(N3CCOCC3)c3cnn(C4CCNCC4)c3n2)cc1,8.34,1,437.504,2.315,111.63,1,8,3,5,0.455,0.6216
CHEMBL1091130,OGAYOZJQEPKLSG-UHFFFAOYSA-N,O=CCn1ccc2c(N3CCOCC3)nc(-c3ccc(NC(=O)Nc4ccncc4)cc3)nc21,O=C(Nc1ccncc1)Nc1ccc(-c2nc(N3CCOCC3)c3cc[nH]c3n2)cc1,8.52,1,457.494,3.173,114.27,2,7,6,5,0.208,0.4275
CHEMBL1091708,OGXPPOYMNJGVMW-LQNQUEJISA-N,CN(C(=O)C1CCN(c2ccnc3c2c(/C=C2\Oc4ccc(NC(=O)Nc5cccnc5)cc4C2=O)cn3C)CC1)c1cccnc1,O=C(Nc1cccnc1)Nc1ccc2c(c1)C(=O)C(=Cc1c[nH]c3nccc(N4CCC(C(=O)Nc5cccnc5)CC4)c13)O2,7.89,1,628.693,5.503,134.58,2,8,6,7,0.2,0.2355
CHEMBL1095627,OHKRUKRKVNWNNT-UHFFFAOYSA-N,CC(C)(C)OC(=O)N1CCC(n2ncc3c(N4CCOCC4)nc(-c4ccc(N)cc4)nc32)CC1,c1ccc(-c2nc(N3CCOCC3)c3cnn(C4CCNCC4)c3n2)cc1,9.4,1,479.585,3.484,111.63,1,8,3,5,0.52,0.5685
CHEMBL1093368,OHMRIQYVXASDES-MOSHPQCFSA-N,CNC(=O)Nc1cccc2c1C(=O)/C(=C/c1cn(C)c3nccc(-c4ccccc4)c13)O2,O=C1C(=Cc2c[nH]c3nccc(-c4ccccc4)c23)Oc2ccccc21,5.46,0,424.46,4.608,85.25,2,4,3,5,0.08,0.4706
CHEMBL1098243,OLGUTDPLQANPCD-UHFFFAOYSA-N,CC(C)(C)OC(=O)N1CCC(n2ncc3c(N4CCOCC4)nc(-c4ccc(NC(=O)NC5CC5)cc4)nc32)CC1,O=C(Nc1ccc(-c2nc(N3CCOCC3)c3cnn(C4CCNCC4)c3n2)cc1)NC1CC1,9.22,1,562.675,4.186,126.74,2,8,5,6,0.552,0.4742
CHEMBL1092391,OLSXUWDWUPKCRO-UHFFFAOYSA-N,O=C(Nc1ccc(-c2nc(N3C4CCC3COC4)nc(N3C4CCC3COC4)n2)cc1)Nc1ccc(N2CCNCC2)cc1,O=C(Nc1ccc(-c2nc(N3C4CCC3COC4)nc(N3C4CCC3COC4)n2)cc1)Nc1ccc(N2CCNCC2)cc1,9.24,1,597.724,3.327,120.01,3,10,6,8,0.5,0.3904
CHEMBL592747,OMHJCIKDJWLJRR-UHFFFAOYSA-N,OCc1cccc(-c2nc(N3CCOCC3)c3ncn(CC4CCN(Cc5ccccc5)CC4)c3n2)c1,c1ccc(CN2CCC(Cn3cnc4c(N5CCOCC5)nc(-c5ccccc5)nc43)CC2)cc1,4.98,0,498.631,3.734,79.54,1,7,7,6,0.414,0.4159
CHEMBL405230,OOJBUNAJTSWSMJ-XBMOYTETSA-N,COC[C@H]1OC(=O)/C(=C/N2CCC(N3CCCCC3)CC2)C2=C(O)C(=O)C3=C([C@H](OC(C)=O)C[C@]4(C)[C@@H](O)CC[C@@H]34)[C@]21C,O=C1C=C2C(=CN3CCC(N4CCCCC4)CC3)C(=O)OCC2C2=C1C1CCCC1CC2,6.25,1,598.737,3.203,125.84,2,10,5,6,0.727,0.36
CHEMBL1082617,OPSZTODLQOKVPE-ZCTHSVRISA-N,COc1ccc2[nH]c(-c3c(C)nn(C)c3C)c(/C=C3/Oc4ccc(NC(=O)Nc5ccc(C(=O)N6CCOCC6)cc5)cc4C3=O)c2c1,O=C(Nc1ccc(C(=O)N2CCOCC2)cc1)Nc1ccc2c(c1)C(=O)C(=Cc1c(-c3cn[nH]c3)[nH]c3ccccc13)O2,8.38,1,646.704,5.926,139.81,3,7,6,7,0.222,0.1945
CHEMBL6367,OQAHHWOPVDDWHD-INIZCTEOSA-N,CCC(C)(C)C(=O)C(=O)N1CCC[C@H]1C(=O)OCCCc1cccnc1,O=C(OCCCc1cccnc1)C1CCCN1,4.68,0,360.454,2.554,76.57,0,5,8,2,0.6,0.4045
CHEMBL1098310,ORUXQZROMHNKDA-UHFFFAOYSA-N,Nc1cccc(-c2nc(N3CCOCC3)c3cnn(-c4ccccc4)c3n2)n1,c1ccc(-n2ncc3c(N4CCOCC4)nc(-c4ccccn4)nc32)cc1,6.95,1,373.42,2.296,94.98,1,7,3,5,0.2,0.5886
CHEMBL273038,ORVMTYASJRFINM-WAVMTNIYSA-N,COC[C@H]1OC(=O)/C(=C/N2CCC(C(=O)OC)CC2)C2=C(O)C(=O)C3=C([C@H](OC(C)=O)C[C@]4(C)[C@@H](O)CC[C@@H]34)[C@]21C,O=C1C=C2C(=CN3CCCCC3)C(=O)OCC2C2=C1C1CCCC1CC2,5.77,0,573.639,2.137,148.9,2,11,5,5,0.667,0.283
CHEMBL1090505,OSMLKVXABIPDHD-ONUIUJJFSA-N,COc1ccc2c(c1)c(/C=C1\Oc3cc(O)cc(O)c3C1=O)c(C)n2CCN1CCN(CCCO)CC1,O=C1C(=Cc2cn(CCN3CCNCC3)c3ccccc23)Oc2ccccc21,8.15,1,507.587,2.986,107.63,3,8,8,5,0.393,0.3997
CHEMBL1097942,OTEZFXTVGGVQLS-UHFFFAOYSA-N,CC(C)OC(=O)N1CCC(n2ncc3c(N4CCOCC4)nc(-c4ccc(NC(=O)NC5CC5)cc4)nc32)CC1,O=C(Nc1ccc(-c2nc(N3CCOCC3)c3cnn(C4CCNCC4)c3n2)cc1)NC1CC1,9.3,1,548.648,3.796,126.74,2,8,6,6,0.536,0.4765
CHEMBL583874,OUSDGHINODPQOK-UHFFFAOYSA-N,COC(=O)N1CCC(n2ncc3c(N4CC5CCC(C4)O5)nc(-c4ccc(NC(=O)NC5CC5)cc4)nc32)CC1,O=C(Nc1ccc(-c2nc(N3CC4CCC(C3)O4)c3cnn(C4CCNCC4)c3n2)cc1)NC1CC1,9.21,1,546.632,3.548,126.74,2,8,5,7,0.536,0.4976
CHEMBL576507,OVJNWPYSQKFXRB-UHFFFAOYSA-N,CCn1ncc2c(N3CC4CCC(C3)O4)nc(-c3ccc(NC(=O)Nc4ccc(NCCN(C)C)cc4)cc3)nc21,O=C(Nc1ccccc1)Nc1ccc(-c2nc(N3CC4CCC(C3)O4)c3cn[nH]c3n2)cc1,8.77,1,555.687,4.498,112.47,3,8,9,6,0.4,0.2769
CHEMBL601462,OVMBAIROGFJDTQ-UHFFFAOYSA-N,O=C(Nc1ccc(-c2nc(N3CCOCC3)c3nnn(C4CC4)c3n2)cc1)Nc1cccnc1,O=C(Nc1ccc(-c2nc(N3CCOCC3)c3nnn(C4CC4)c3n2)cc1)Nc1cccnc1,9.24,1,457.498,3.099,122.98,2,8,5,6,0.304,0.4687
CHEMBL1091353,OWVAIPMROIYIPC-UHFFFAOYSA-N,CC(C)N1CCN(c2ccc(NC(=O)Nc3ccc(-c4nc(C5CCOCC5)nc(N5C6CCC5COC6)n4)cc3)cc2)CC1,O=C(Nc1ccc(-c2nc(C3CCOCC3)nc(N3C4CCC3COC4)n2)cc1)Nc1ccc(N2CCNCC2)cc1,9.06,1,612.779,4.975,107.98,2,9,7,7,0.529,0.3823
CHEMBL1092389,OWVQWEHJNRKTSY-YJIDBOMVSA-N,C[C@@H]1COCCN1c1nc(-c2ccc(NC(=O)Nc3ccc(C(=O)N4CCC(N(C)C)CC4)cc3)cc2)nc(N2C3CCC2COC3)n1,O=C(Nc1ccc(C(=O)N2CCCCC2)cc1)Nc1ccc(-c2nc(N3CCOCC3)nc(N3C4CCC3COC4)n2)cc1,9.6,1,655.804,3.942,128.29,2,10,7,7,0.514,0.3865
CHEMBL572830,OYYLCADNQLXODI-UHFFFAOYSA-N,c1ccc(CN2CCC(n3ncc4c(N5CCOCC5)nc(-c5ccc6[nH]ccc6c5)nc43)CC2)cc1,c1ccc(CN2CCC(n3ncc4c(N5CCOCC5)nc(-c5ccc6[nH]ccc6c5)nc43)CC2)cc1,7.06,1,493.615,4.648,75.1,1,6,5,7,0.345,0.3843
CHEMBL1092486,OZSMHSFVPXRVBD-KQWNVCNZSA-N,CN1CCN(C(=O)C2CCN(c3ccnc4c3c(/C=C3\Oc5cccc(O)c5C3=O)cn4C)CC2)CC1,O=C1C(=Cc2c[nH]c3nccc(N4CCC(C(=O)N5CCNCC5)CC4)c23)Oc2ccccc21,8.51,1,501.587,2.886,91.14,1,7,3,6,0.393,0.5521
CHEMBL1090506,PDXVQHBVPYDVOW-NKVSQWTQSA-N,COc1ccc2c(c1)c(/C=C1\Oc3cc(O)cc(O)c3C1=O)cn2CCCN(C)C,O=C1C(=Cc2c[nH]c3ccccc23)Oc2ccccc21,5.67,0,408.454,3.629,84.16,2,6,6,4,0.261,0.6062
CHEMBL604988,PFXAZSDLGHSWGB-UHFFFAOYSA-N,OCc1cccc(-c2nc(N3CCOCC3)c3ncn(C4CCN(Cc5ccccc5F)CC4)c3n2)c1,c1ccc(CN2CCC(n3cnc4c(N5CCOCC5)nc(-c5ccccc5)nc43)CC2)cc1,6.8,1,502.594,3.798,79.54,1,7,6,6,0.393,0.4297
CHEMBL272281,PGPKURMRXHXCLQ-XXMWCZBZSA-N,COC[C@H]1OC(=O)/C(=C/N(C)CC(=O)OC(C)(C)C)C2=C(O)C(=O)C3=C([C@H](OC(C)=O)C[C@]4(C)[C@@H](O)CC[C@@H]34)[C@]21C,C=C1C(=O)OCC2C1=CC(=O)C1=C2CCC2CCCC12,4.86,0,575.655,2.526,148.9,2,11,6,4,0.667,0.2733
CHEMBL1091491,PGXJHBPGPCVGNZ-MOSHPQCFSA-N,CN(C)C(=O)C1CCN(c2ccnc3c2c(/C=C2\Oc4cccc(O)c4C2=O)cn3C)CC1,O=C1C(=Cc2c[nH]c3nccc(N4CCCCC4)c23)Oc2ccccc21,9.17,1,446.507,3.2,87.9,1,6,3,5,0.32,0.622
CHEMBL1092402,PIBYKCQZEFWRSQ-UHFFFAOYSA-N,CCn1ccc2c(N3CCOCC3)nc(-c3ccc(NC(=O)Nc4ccc(C(=O)NCCN(C)C)cc4)cc3)nc21,O=C(Nc1ccccc1)Nc1ccc(-c2nc(N3CCOCC3)c3cc[nH]c3n2)cc1,9.3,1,556.671,3.89,116.65,3,7,9,5,0.333,0.2864
CHEMBL1091962,PJNNGEPEBZKRBF-UHFFFAOYSA-N,CN1CCN(CCn2ccc3c(N4CCOCC4)nc(-c4ccc(NC(=O)Nc5ccncc5)cc4)nc32)CC1,O=C(Nc1ccncc1)Nc1ccc(-c2nc(N3CCOCC3)c3ccn(CCN4CCNCC4)c3n2)cc1,7.62,1,541.66,3.221,103.68,2,8,7,6,0.379,0.3677
CHEMBL1097900,PLQOKDSGXCSTPR-UHFFFAOYSA-N,O=C(Nc1ccccc1)Nc1ccc(-c2nc(N3CCOCC3)c3cnn(C4CCN(Cc5ccccc5)CC4)c3n2)cc1,O=C(Nc1ccccc1)Nc1ccc(-c2nc(N3CCOCC3)c3cnn(C4CCN(Cc5ccccc5)CC4)c3n2)cc1,8.62,1,588.716,5.811,100.44,2,7,7,7,0.294,0.2475
CHEMBL568156,PLRKVVDKXWZQDW-UHFFFAOYSA-N,COc1cc(-c2cn(-c3nccc(N4CCOCC4)n3)cn2)cc(OC)c1O,c1ccc(-c2cn(-c3nccc(N4CCOCC4)n3)cn2)cc1,6.24,1,383.408,1.889,94.76,1,8,5,4,0.316,0.7138
CHEMBL574012,PMAPHSJLODNDBF-UHFFFAOYSA-N,CNC(=O)Nc1ccc(-c2nc(N3C4CCC3COC4)c3cnn(C4CCN(C(=O)OC)CC4)c3n2)cc1,c1ccc(-c2nc(N3C4CCC3COC4)c3cnn(C4CCNCC4)c3n2)cc1,9.66,1,520.594,3.016,126.74,2,8,4,6,0.5,0.5377
CHEMBL557963,PNVCJWPREJZASR-UHFFFAOYSA-N,COC(=O)N1CCC(n2ncc3c(N4CCOCC4)nc(-c4ccc(NC(=O)Nc5ccncc5)cc4)nc32)CC1,O=C(Nc1ccncc1)Nc1ccc(-c2nc(N3CCOCC3)c3cnn(C4CCNCC4)c3n2)cc1,9.52,1,557.615,3.772,139.63,2,9,5,6,0.357,0.3752
CHEMBL1091344,POFONHKXJBWUGT-IQSWHWFKSA-N,CN1CCN(c2ccc(NC(=O)Nc3ccc(-c4nc(N5C6CCC5COC6)nc(N5[C@H](CO)CC[C@@H]5CO)n4)cc3)cc2)CC1,O=C(Nc1ccc(-c2nc(N3CCCC3)nc(N3C4CCC3COC4)n2)cc1)Nc1ccc(N2CCNCC2)cc1,9.15,1,629.766,2.624,142.45,4,11,8,7,0.515,0.2922
CHEMBL371029,POOXLZWOEPOPHO-RCWXEYQLSA-N,CO[C@H]1C[C@@H]2CC[C@@H](C)[C@@](O)(O2)C(=O)C(=O)N2CCCC[C@H]2C(=O)N[C@H](CCc2ccccc2)C(=O)NCC(=O)N(C)CC(=O)O[C@H]1C,O=C1CNC(=O)C(CCc2ccccc2)NC(=O)C2CCCCN2C(=O)C(=O)C2CCCC(CCCOC(=O)CN1)O2,8.02,1,672.776,0.483,180.88,3,10,4,4,0.647,0.3009
CHEMBL600213,PPTXHISAVZQIPE-UHFFFAOYSA-N,O=C(Nc1ccc(-c2nc(N3CC4CCC(C3)O4)c3cnn(C4CCC5(CC4)OCCO5)c3n2)cc1)NC1CC1,O=C(Nc1ccc(-c2nc(N3CC4CCC(C3)O4)c3cnn(C4CCC5(CC4)OCCO5)c3n2)cc1)NC1CC1,9.66,1,545.644,4.003,115.66,2,8,5,8,0.586,0.4944
CHEMBL1242568,PQRFMBAACAPZPP-UHFFFAOYSA-N,Nc1ncnc2c1c(-c1ccc(F)c(O)c1)nn2C1CCCC1,c1ccc(-c2nn(C3CCCC3)c3ncncc23)cc1,5.75,0,313.336,3.035,89.85,2,5,2,4,0.312,0.7587
CHEMBL589612,PRNOUMSQOOBTIW-UHFFFAOYSA-N,CCn1nnc2c(N3CCOCC3)nc(-c3ccc(NC(=O)Nc4ccc(C(=O)NCCN5CCN(C)CC5)cc4)cc3)nc21,O=C(Nc1ccc(C(=O)NCCN2CCNCC2)cc1)Nc1ccc(-c2nc(N3CCOCC3)c3nn[nH]c3n2)cc1,8.96,1,613.727,2.366,145.67,3,10,9,6,0.419,0.2572
CHEMBL592263,PSGSPCJHCOUEEU-UHFFFAOYSA-N,Oc1ccc(-c2nc(N3CCOCC3)c3nc[nH]c3n2)cc1,c1ccc(-c2nc(N3CCOCC3)c3nc[nH]c3n2)cc1,6.35,1,297.318,1.562,87.16,2,6,2,4,0.267,0.7462
CHEMBL525042,PSLNMAUXUJLNBW-OUPLBGLBSA-N,CO[C@H]1[C@@H](O)[C@H](C)C[C@H](C)/C=C/C=C/C=C(\C)[C@@H](c2c[nH]c3c(C)cccc23)C[C@@H]2CC[C@@H](C)[C@@](O)(O2)C(=O)C(=O)N2CCCC[C@H]2C(=O)O[C@H]([C@H](C)C[C@@H]2CC[C@@H](O)[C@H](OC)C2)C[C@H](O)[C@H](C)/C=C(\C)[C@H]1O,O=C1C(=O)N2CCCCC2C(=O)OC(CCC2CCCCC2)CCCC=CCCCCCCC=CC=CC=CC(c2c[nH]c3ccccc23)CC2CCCC1O2,8.0,1,1017.355,8.323,208.31,6,12,6,6,0.678,0.0918
CHEMBL582922,PVAUGYXKAQYNAV-UHFFFAOYSA-N,c1ccc(CN2CCC(n3ncc4c(N5CCOCC5)nc(-c5cccc6cc[nH]c56)nc43)CC2)cc1,c1ccc(CN2CCC(n3ncc4c(N5CCOCC5)nc(-c5cccc6cc[nH]c56)nc43)CC2)cc1,6.42,1,493.615,4.648,75.1,1,6,5,7,0.345,0.3843
CHEMBL1090434,PVSQHIZSVDWRED-MTJSOVHGSA-N,CNC(=O)Nc1ccc2c(c1)C(=O)/C(=C/c1cn(C)c3nccc(-c4ccccc4)c13)O2,O=C1C(=Cc2c[nH]c3nccc(-c4ccccc4)c23)Oc2ccccc21,7.43,1,424.46,4.608,85.25,2,4,3,5,0.08,0.4706
CHEMBL271257,PWZHDQUGLBFEJE-SBHFYECFSA-N,COC[C@H]1OC(=O)/C(=C/N(CCN(C)C)Cc2ccccc2)C2=C(O)C(=O)C3=C([C@H](OC(C)=O)C[C@]4(C)[C@@H](O)CC[C@@H]34)[C@]21C,O=C1C=C2C(=CNCc3ccccc3)C(=O)OCC2C2=C1C1CCCC1CC2,5.25,0,608.732,3.316,125.84,2,10,9,5,0.559,0.3186
CHEMBL271184,PYIDSIPCQXSXQX-XBMOYTETSA-N,COC[C@H]1OC(=O)/C(=C/N2CCN(c3ccccc3)CC2)C2=C(O)C(=O)C3=C([C@H](OC(C)=O)C[C@]4(C)[C@@H](O)CC[C@@H]34)[C@]21C,O=C1C=C2C(=CN3CCN(c4ccccc4)CC3)C(=O)OCC2C2=C1C1CCCC1CC2,6.16,1,592.689,3.075,125.84,2,10,5,6,0.545,0.3893
CHEMBL570635,PZMZFBMKDSXMES-UHFFFAOYSA-N,CCn1ncc2c(N3CC4CCC(C3)O4)nc(-c3ccc(NC(=O)Nc4ccc(OCCN(C)C)cc4)cc3)nc21,O=C(Nc1ccccc1)Nc1ccc(-c2nc(N3CC4CCC(C3)O4)c3cn[nH]c3n2)cc1,9.1,1,556.671,4.465,109.67,2,8,9,6,0.4,0.311
CHEMBL604123,QAQUVBOSSUCOMU-UHFFFAOYSA-N,CNC(=O)Nc1ccc(-c2nc(N3CC4CCC(C3)O4)c3cnn(C(C)C)c3n2)cc1,c1ccc(-c2nc(N3CC4CCC(C3)O4)c3cn[nH]c3n2)cc1,9.92,1,421.505,3.193,97.2,2,6,4,5,0.455,0.6715
CHEMBL1092554,QCZLVMRYXDKNES-UHFFFAOYSA-N,Cc1cccc(-c2nc(N3CCOCC3)c3[nH]ccc3n2)c1,c1ccc(-c2nc(N3CCOCC3)c3[nH]ccc3n2)cc1,5.3,0,294.358,2.77,54.04,1,4,2,4,0.294,0.7894
CHEMBL428496,QDLHCMPXEPAAMD-QAIWCSMKSA-N,COC[C@H]1OC(=O)c2coc3c2[C@@]1(C)C1=C(C3=O)[C@@H]2CCC(=O)[C@@]2(C)C[C@H]1OC(C)=O,O=C1OCC2C3=C(C(=O)c4occ1c42)C1CCC(=O)C1CC3,7.4,1,428.437,2.536,109.11,0,8,3,5,0.565,0.6759
CHEMBL592615,QDYDLDKGDBEEOL-UHFFFAOYSA-N,CN(C)CCNC(=O)c1ccc(NC(=O)Nc2ccc(-c3nc(N4CCOCC4)nc(N4CCOCC4)n3)cc2)cc1,O=C(Nc1ccccc1)Nc1ccc(-c2nc(N3CCOCC3)nc(N3CCOCC3)n2)cc1,9.3,1,575.674,2.147,137.08,3,10,9,5,0.414,0.3481
CHEMBL601876,QEZCXGHWXXLBFJ-UHFFFAOYSA-N,CNC(=O)Nc1ccc(-c2nc(N3CC4CCC(C3)O4)c3cnn(C4CCC5(CC4)OCCCO5)c3n2)cc1,c1ccc(-c2nc(N3CC4CCC(C3)O4)c3cnn(C4CCC5(CC4)OCCCO5)c3n2)cc1,8.92,1,533.633,3.861,115.66,2,8,4,7,0.571,0.5196
CHEMBL1091702,QEZWCJGAMDEIKI-MWLSYYOVSA-N,COC1CCN(C(=O)C2CCN(c3ccnc4c3c(/C=C3\Oc5ccc(NC(=O)Nc6cccnc6)cc5C3=O)cn4C)CC2)C1,O=C(Nc1cccnc1)Nc1ccc2c(c1)C(=O)C(=Cc1c[nH]c3nccc(N4CCC(C(=O)N5CCCC5)CC4)c13)O2,8.09,1,621.698,4.692,130.92,2,8,6,7,0.324,0.2967
CHEMBL413,QFJCIRLUMZQUOT-HPLJOQBZSA-N,CO[C@H]1C[C@@H]2CC[C@@H](C)[C@@](O)(O2)C(=O)C(=O)N2CCCC[C@H]2C(=O)O[C@H]([C@H](C)C[C@@H]2CC[C@@H](O)[C@H](OC)C2)CC(=O)[C@H](C)/C=C(\C)[C@@H](O)[C@@H](OC)C(=O)[C@H](C)C[C@H](C)/C=C/C=C/C=C/1C,O=C1CCC=CCC(=O)CC(CCC2CCCCC2)OC(=O)C2CCCCN2C(=O)C(=O)C2CCCC(CCC=CC=CC=CCCC1)O2,9.152,1,914.187,6.181,195.43,3,13,6,4,0.745,0.1555
CHEMBL1097898,QFYNLFVPUYVLEM-UHFFFAOYSA-N,CN(C)CCNC(=O)Nc1ccc(-c2nc(N3CCOCC3)c3cnn(C4CCN(Cc5ccccc5)CC4)c3n2)cc1,c1ccc(CN2CCC(n3ncc4c(N5CCOCC5)nc(-c5ccccc5)nc43)CC2)cc1,7.19,1,583.741,3.85,103.68,2,8,9,6,0.438,0.3064
CHEMBL411907,QIUASFSNWYMDFS-NILGECQDSA-N,C=CCN(/C=C1/C(=O)O[C@H](COC)[C@@]2(C)C1=C(O)C(=O)C1=C2[C@H](OC(C)=O)C[C@]2(C)C(=O)CC[C@@H]12)CC=C,C=C1C(=O)OCC2C1=CC(=O)C1=C2CCC2C(=O)CCC12,5.51,0,525.598,3.135,119.44,1,9,8,4,0.517,0.2895
CHEMBL1092394,QIXLGRGBODTYKP-UHFFFAOYSA-N,CNCc1ccc(NC(=O)Nc2ccc(-c3nc(N4C5CCC4COC5)nc(N4C5CCC4COC5)n3)cc2)cc1,O=C(Nc1ccccc1)Nc1ccc(-c2nc(N3C4CCC3COC4)nc(N3C4CCC3COC4)n2)cc1,9.05,1,556.671,3.637,116.77,3,9,7,7,0.467,0.4011
CHEMBL269732,QJJXYPPXXYFBGM-LFZNUXCKSA-N,C=CC[C@@H]1/C=C(\C)C[C@H](C)C[C@H](OC)[C@H]2O[C@@](O)(C(=O)C(=O)N3CCCC[C@H]3C(=O)O[C@H](/C(C)=C/[C@@H]3CC[C@@H](O)[C@H](OC)C3)[C@H](C)[C@@H](O)CC1=O)[C@H](C)C[C@@H]2OC,O=C1CC=CCCCCC2CCCC(O2)C(=O)C(=O)N2CCCCC2C(=O)OC(C=CC2CCCCC2)CCC1,8.76,1,804.031,4.639,178.36,3,12,7,4,0.773,0.185
CHEMBL1091855,QKTYRYRUZVAODN-XKZIYDEJSA-N,COc1ccc2c(c1)c(/C=C1\Oc3cc(O)cc(O)c3C1=O)c(C)n2CCCN(C)C,O=C1C(=Cc2c[nH]c3ccccc23)Oc2ccccc21,6.93,1,422.481,3.937,84.16,2,6,6,4,0.292,0.5857
CHEMBL601661,QLHHRYZMBGPBJG-UHFFFAOYSA-N,CNC(=O)Nc1ccc(-c2nc(N3CC4CCC(C3)O4)c3cnn(C4CCC5(CC4)OCCO5)c3n2)cc1,c1ccc(-c2nc(N3CC4CCC(C3)O4)c3cnn(C4CCC5(CC4)OCCO5)c3n2)cc1,9.68,1,519.606,3.47,115.66,2,8,4,7,0.556,0.5385
CHEMBL1092110,QLZLMKFQCVKBLY-MSXFZWOLSA-N,CN(C)CCNC(=O)Nc1ccc2c(c1)C(=O)/C(=C/c1cn(C)c3nccc(N4CC5CCC(C4)O5)c13)O2,O=C1C(=Cc2c[nH]c3nccc(N4CC5CCC(C4)O5)c23)Oc2ccccc21,8.25,1,516.602,3.24,100.96,2,7,6,6,0.393,0.4853
CHEMBL1092403,QOPDQIJAEIICJK-UHFFFAOYSA-N,CCn1ccc2c(N3CCOCC3)nc(-c3ccc(NC(=O)Nc4ccc(C(=O)N5CCN(C)CC5)cc4)cc3)nc21,O=C(Nc1ccc(C(=O)N2CCNCC2)cc1)Nc1ccc(-c2nc(N3CCOCC3)c3cc[nH]c3n2)cc1,8.85,1,568.682,3.986,107.86,2,7,6,6,0.355,0.3623
CHEMBL1092401,QRQHRPXNUZROOQ-UHFFFAOYSA-N,CN(C)C1CCN(C(=O)c2ccc(NC(=O)Nc3ccc(-c4nc(N5CCOCC5)c5ccn(CC(F)(F)F)c5n4)cc3)cc2)CC1,O=C(Nc1ccc(C(=O)N2CCCCC2)cc1)Nc1ccc(-c2nc(N3CCOCC3)c3cc[nH]c3n2)cc1,8.77,1,650.706,5.307,107.86,2,7,7,6,0.394,0.2794
CHEMBL589412,QRYDPOHAXNITJN-UHFFFAOYSA-N,CCCCNC(=O)c1ccc(NC(=O)Nc2ccc(-c3nc(N4CCOCC4)c4nnn(CC)c4n3)cc2)cc1,O=C(Nc1ccccc1)Nc1ccc(-c2nc(N3CCOCC3)c3nn[nH]c3n2)cc1,8.57,1,543.632,3.919,139.19,3,8,9,5,0.357,0.2701
CHEMBL1091356,QUBPQLLMMSZSGD-UHFFFAOYSA-N,CC(C)N1CCN(C(=O)c2ccc(NC(=O)Nc3ccc(-c4nc(C5CCOCC5)nc(N5C6CCC5COC6)n4)cc3)cc2)CC1,O=C(Nc1ccc(C(=O)N2CCNCC2)cc1)Nc1ccc(-c2nc(C3CCOCC3)nc(N3C4CCC3COC4)n2)cc1,9.34,1,640.789,4.61,125.05,2,9,7,7,0.514,0.381
CHEMBL1083305,QVKXSOFEMBBXIZ-SRZZPIQSSA-N,CNC(=O)Nc1ccc2c(c1)C(=O)/C(=C\c1c(-c3c(C)nn(C)c3C)[nH]c3c(F)cc(OC)cc13)O2,O=C1C(=Cc2c(-c3cn[nH]c3)[nH]c3ccccc23)Oc2ccccc21,8.62,1,489.507,4.7,110.27,3,5,4,5,0.192,0.3601
CHEMBL595288,QVNZNYAMDUBKRR-UHFFFAOYSA-N,Oc1ccc(-c2nc(N3CC4CCC(C3)O4)c3sccc3n2)cc1,c1ccc(-c2nc(N3CC4CCC(C3)O4)c3sccc3n2)cc1,7.5,1,339.42,3.432,58.48,1,6,2,5,0.333,0.775
CHEMBL591761,QWRBSSZTFVEFQM-UHFFFAOYSA-N,CC(C)n1nnc2c(N3CCOCC3)nc(-c3ccc(NC(=O)Nc4ccc(N5CCOCC5)cc4)cc3)nc21,O=C(Nc1ccc(-c2nc(N3CCOCC3)c3nn[nH]c3n2)cc1)Nc1ccc(N2CCOCC2)cc1,9.46,1,543.632,3.786,122.56,2,9,6,6,0.393,0.374
CHEMBL576090,QWUNRYMMAGVRMS-UHFFFAOYSA-N,CCn1ncc2c(N3CC4CCC(C3)O4)nc(-c3ccc(NC(=O)Nc4ccc(C(=O)NN5CCCC5)cc4)cc3)nc21,O=C(Nc1ccc(C(=O)NN2CCCC2)cc1)Nc1ccc(-c2nc(N3CC4CCC(C3)O4)c3cn[nH]c3n2)cc1,9.7,1,581.681,4.265,129.54,3,8,7,7,0.387,0.2953
CHEMBL605529,QYBNTJVELFYLOM-UHFFFAOYSA-N,CNC(=O)Nc1ccc(-c2nc(N3CC4CCC(C3)O4)c3sc(CN4CCN(C)CC4)cc3n2)cc1,c1ccc(-c2nc(N3CC4CCC(C3)O4)c3sc(CN4CCNCC4)cc3n2)cc1,7.7,1,507.664,3.225,85.86,2,8,5,6,0.5,0.5485
CHEMBL600368,QYCBARGBDSITAT-UHFFFAOYSA-N,O=C(Nc1ccc(-c2nc(N3CC4CCC(C3)O4)c3cnn(C4CCC5(CC4)OCCO5)c3n2)cc1)Nc1cccnc1,O=C(Nc1ccc(-c2nc(N3CC4CCC(C3)O4)c3cnn(C4CCC5(CC4)OCCO5)c3n2)cc1)Nc1cccnc1,9.92,1,582.665,4.758,128.55,2,9,5,8,0.452,0.3423
CHEMBL1242285,QYPSALIXKCRYNZ-UHFFFAOYSA-N,CC(C)n1nc(-c2cc(O)cc(Br)c2)c2c(N)ncnc21,c1ccc(-c2n[nH]c3ncncc23)cc1,4.52,0,348.204,3.125,89.85,2,5,2,3,0.214,0.7427
CHEMBL575976,QYRNAZNHSSTFBK-UHFFFAOYSA-N,O=C(Nc1ccc(-c2nc(N3CC4CCC(C3)O4)c3cnn(CC(F)(F)F)c3n2)cc1)Nc1cccnc1,O=C(Nc1ccc(-c2nc(N3CC4CCC(C3)O4)c3cn[nH]c3n2)cc1)Nc1cccnc1,9.72,1,524.507,4.462,110.09,2,7,5,6,0.32,0.3967
CHEMBL1091696,RAIUVLIYFAHFOT-MNDYBZJGSA-N,Cn1cc(/C=C2\Oc3ccc(NC(=O)Nc4cccnc4)cc3C2=O)c2c(N3CCC(C(=O)N4CC5CCC(C4)O5)CC3)ccnc21,O=C(Nc1cccnc1)Nc1ccc2c(c1)C(=O)C(=Cc1c[nH]c3nccc(N4CCC(C(=O)N5CC6CCC(C5)O6)CC4)c13)O2,7.77,1,633.709,4.835,130.92,2,8,5,8,0.343,0.299
CHEMBL597814,RAOFVTJVOVNPMR-UHFFFAOYSA-N,Cc1ccc(NC(=O)Nc2ccc(-c3nc(N4CCOCC4)nc(N4CCOCC4)n3)cc2)cc1,O=C(Nc1ccccc1)Nc1ccc(-c2nc(N3CCOCC3)nc(N3CCOCC3)n2)cc1,8.2,1,475.553,3.164,104.74,2,8,5,5,0.36,0.58
CHEMBL1089424,RBDLBRJWMFPRHT-JAIQZWGSSA-N,O=C1/C(=C/c2c(-c3ccc(F)cc3)[nH]c3ccccc23)Oc2cc(O)cc(O)c21,O=C1C(=Cc2c(-c3ccccc3)[nH]c3ccccc23)Oc2ccccc21,6.91,1,387.366,5.001,82.55,3,4,2,5,0.0,0.4228
CHEMBL1091698,RCAXJYSRJFGCEJ-MIXAMLLLSA-N,CN1CCN(C(=O)C2CCN(c3ccnc4c3c(/C=C3\Oc5ccc(NC(=O)Nc6cccnc6)cc5C3=O)cn4C)CC2)CC1,O=C(Nc1cccnc1)Nc1ccc2c(c1)C(=O)C(=Cc1c[nH]c3nccc(N4CCC(C(=O)N5CCNCC5)CC4)c13)O2,7.16,1,620.714,4.219,124.93,2,8,5,7,0.324,0.3181
CHEMBL576304,RCWCYHYCUNPFSO-UHFFFAOYSA-N,CCn1ncc2c(N3CC4CCC(C3)O4)nc(-c3ccc(NC(=O)Nc4ccc(N5CCOCC5)nc4)cc3)nc21,O=C(Nc1ccc(-c2nc(N3CC4CCC(C3)O4)c3cn[nH]c3n2)cc1)Nc1ccc(N2CCOCC2)nc1,9.52,1,555.643,3.756,122.56,2,9,6,7,0.414,0.3662
CHEMBL407215,REEDYMUWVHJJRM-XYOXHLLKSA-N,COC[C@H]1OC(=O)/C(=C/N(C)CCCN2CCOCC2)C2=C(O)C(=O)C3=C([C@H](OC(C)=O)C[C@]4(C)[C@@H](O)CC[C@@H]34)[C@]21C,O=C1C=C2C(=CNCCCN3CCOCC3)C(=O)OCC2C2=C1C1CCCC1CC2,5.64,0,588.698,1.907,135.07,2,11,8,5,0.71,0.318
CHEMBL1078983,RFSMUFRPPYDYRD-CALCHBBNSA-N,COc1ccc(-c2ccc3c(N4CCOCC4)nc(N4C[C@@H](C)O[C@@H](C)C4)nc3n2)cc1CO,c1ccc(-c2ccc3c(N4CCOCC4)nc(N4CCOCC4)nc3n2)cc1,7.447,1,465.554,2.643,93.07,1,9,5,5,0.48,0.6103
CHEMBL435507,RFWCIJWQGHFULK-UHFFFAOYSA-N,CC1CN(c2cc(=O)c3ccc4ccccc4c3o2)CCO1,O=c1cc(N2CCOCC2)oc2c1ccc1ccccc12,5.32,0,295.338,3.171,42.68,0,4,1,4,0.278,0.6467
CHEMBL605121,RGVKBHWXKPSTNQ-UHFFFAOYSA-N,O=C(Nc1ccc(CCO)cc1)Nc1ccc(-c2nc(N3CCOCC3)nc(N3CCOCC3)n2)cc1,O=C(Nc1ccccc1)Nc1ccc(-c2nc(N3CCOCC3)nc(N3CCOCC3)n2)cc1,8.74,1,505.579,2.391,124.97,3,9,7,5,0.385,0.4438
CHEMBL575130,RJGLKNSJUHURHU-QZTJIDSGSA-N,O=C(Nc1ccc(-c2nc(N3C[C@H]4C[C@@H]3CO4)c3cnn(CC(F)(F)F)c3n2)cc1)Nc1cccnc1,O=C(Nc1ccc(-c2nc(N3CC4CC3CO4)c3cn[nH]c3n2)cc1)Nc1cccnc1,7.77,1,510.48,4.072,110.09,2,7,5,6,0.292,0.4165
CHEMBL575989,RJGLKNSJUHURHU-ROUUACIJSA-N,O=C(Nc1ccc(-c2nc(N3C[C@@H]4C[C@H]3CO4)c3cnn(CC(F)(F)F)c3n2)cc1)Nc1cccnc1,O=C(Nc1ccc(-c2nc(N3CC4CC3CO4)c3cn[nH]c3n2)cc1)Nc1cccnc1,8.92,1,510.48,4.072,110.09,2,7,5,6,0.292,0.4165
CHEMBL591759,RLHVVFZFOUAZRI-UHFFFAOYSA-N,CCn1nnc2c(N3CCOCC3)nc(-c3ccc(NC(=O)Nc4ccc(C(N)=O)cc4)cc3)nc21,O=C(Nc1ccccc1)Nc1ccc(-c2nc(N3CCOCC3)c3nn[nH]c3n2)cc1,9.41,1,487.524,2.488,153.18,3,8,6,5,0.25,0.3749
CHEMBL1094017,RLZIWQDVHJTWEF-NVMNQCDNSA-N,CN1CCN(c2ccnc3c2c(/C=C2\Oc4cc(O)cc(O)c4C2=O)cn3C)CC1,O=C1C(=Cc2c[nH]c3nccc(N4CCNCC4)c23)Oc2ccccc21,9.03,1,406.442,2.353,91.06,2,7,2,5,0.273,0.6315
CHEMBL1089818,RNXFZDQFMQZDFM-UHFFFAOYSA-N,Oc1cccc(-c2nc(N3CCOCC3)c3cc[nH]c3n2)c1,c1ccc(-c2nc(N3CCOCC3)c3cc[nH]c3n2)cc1,7.19,1,296.33,2.167,74.27,2,5,2,4,0.25,0.7578
CHEMBL1093449,RQCSBIVSTZKQFC-ONUIUJJFSA-N,COc1ccc2c(c1)c(/C=C1\Oc3cc(O)cc(O)c3C1=O)c(C)n2CCCN1CCN(CCO)CC1,O=C1C(=Cc2cn(CCCN3CCNCC3)c3ccccc23)Oc2ccccc21,6.97,1,507.587,2.986,107.63,3,8,8,5,0.393,0.3997
CHEMBL603212,RQUSSQSOEJOAEP-UHFFFAOYSA-N,Nc1ncc(-c2nc(N3CC4CCC(C3)O4)c3sccc3n2)cn1,c1ncc(-c2nc(N3CC4CCC(C3)O4)c3sccc3n2)cn1,7.24,1,340.412,2.098,90.05,1,8,2,5,0.375,0.7637
CHEMBL595287,RRNFUKFNHGBQEF-UHFFFAOYSA-N,O=C(NCCF)Nc1ccc(-c2nc(N3CC4CCC(C3)O4)c3sccc3n2)cc1,c1ccc(-c2nc(N3CC4CCC(C3)O4)c3sccc3n2)cc1,9.15,1,427.505,3.817,79.38,2,6,5,5,0.381,0.6473
CHEMBL606423,RVLKZQZKANYURC-UHFFFAOYSA-N,CNC(=O)Nc1ccc(-c2nc(N3CC4CCC(C3)O4)c3cnn(C4CCN(C(=O)OC(C)C)CC4)c3n2)cc1,c1ccc(-c2nc(N3CC4CCC(C3)O4)c3cnn(C4CCNCC4)c3n2)cc1,9.72,1,548.648,3.794,126.74,2,8,5,6,0.536,0.4932
CHEMBL409251,RWJMVOYUFSPBIF-BNNBOEQISA-N,CCCCN(C)/C=C1/C(=O)O[C@H](COC)[C@@]2(C)C1=C(O)C(=O)C1=C2[C@H](OC(C)=O)C[C@]2(C)[C@@H](O)CC[C@@H]12,C=C1C(=O)OCC2C1=CC(=O)C1=C2CCC2CCCC12,5.06,0,517.619,2.984,122.6,2,9,7,4,0.679,0.3875
CHEMBL601660,RZERWDKPRCXFKM-UHFFFAOYSA-N,CNC(=O)Nc1ccc(-c2nc(N3CC4CCC(C3)O4)c3cnn(C4CCC(OC)(OC)CC4)c3n2)cc1,c1ccc(-c2nc(N3CC4CCC(C3)O4)c3cnn(C4CCCCC4)c3n2)cc1,9.13,1,521.622,3.716,115.66,2,8,6,6,0.556,0.4719
CHEMBL1091355,SDAKRJNIGMBAAY-UHFFFAOYSA-N,CN1CCN(C(=O)c2ccc(NC(=O)Nc3ccc(-c4nc(C5CCOCC5)nc(N5C6CCC5COC6)n4)cc3)cc2)CC1,O=C(Nc1ccc(C(=O)N2CCNCC2)cc1)Nc1ccc(-c2nc(C3CCOCC3)nc(N3C4CCC3COC4)n2)cc1,9.09,1,612.735,3.832,125.05,2,9,6,7,0.485,0.4274
CHEMBL411735,SFLMZABVVKLVDW-VAEOUCICSA-N,C=CC[C@@H]1/C=C(\C)C[C@H](C)C[C@H](OC)C2C[C@@](O)(C(=O)C(=O)N3CCCCC3C(=O)O[C@H](C(C)C[C@@H]3CC[C@@H](CC(=O)Nc4ccc(CCCC(=O)OC)cc4)C(OC)C3)[C@H](C)[C@@H](O)CC1=O)[C@H](C)C[C@@H]2OC,O=C1CC=CCCCCC2CCCC(C2)C(=O)C(=O)N2CCCCC2C(=O)OC(CCC2CCC(CC(=O)Nc3ccccc3)CC2)CCC1,8.84,1,1021.343,8.162,204.3,3,13,15,5,0.724,0.0863
CHEMBL1085178,SFWTVVNNVHWDEE-UHFFFAOYSA-N,Cc1nc(N)ncc1-c1nc(N2CCOCC2)c2sc(C(C)(C)O)cc2n1,c1ncc(-c2nc(N3CCOCC3)c3sccc3n2)cn1,6.12,1,386.481,2.103,110.28,2,9,3,4,0.444,0.7041
CHEMBL1098242,SIZCWNYHKIDIFT-UHFFFAOYSA-N,CC(C)(C)OC(=O)N1CCC(n2ncc3c(N4CCOCC4)nc(-c4ccc(NC(=O)NCCF)cc4)nc32)CC1,c1ccc(-c2nc(N3CCOCC3)c3cnn(C4CCNCC4)c3n2)cc1,9.3,1,568.654,3.993,126.74,2,8,6,5,0.536,0.4572
CHEMBL564404,SLESJLZOADSRKF-UHFFFAOYSA-N,COC(=O)N1CCC(n2ncc3c(N4CCOCC4)nc(-c4ccc(NC(=O)OCCO)cc4)nc32)CC1,c1ccc(-c2nc(N3CCOCC3)c3cnn(C4CCNCC4)c3n2)cc1,9.0,1,525.566,2.274,144.17,2,10,6,5,0.48,0.4917
CHEMBL1204014,SLOKNOUVIOWJAP-UHFFFAOYSA-N,CN1CCN(C(=O)c2ccc(NC(=O)Nc3ccc(-c4nc(N5CCOCC5)nc(N5CCOCC5)n4)cc3)cc2)CC1.Cl,O=C(Nc1ccc(C(=O)N2CCNCC2)cc1)Nc1ccc(-c2nc(N3CCOCC3)nc(N3CCOCC3)n2)cc1,8.85,1,624.146,2.665,128.29,2,10,6,6,0.433,0.4229
CHEMBL575935,SMFYFQKNPZPFGE-UHFFFAOYSA-N,c1ccc(CN2CCC(n3ncc4c(N5CCOCC5)nc(-c5cccnc5)nc43)CC2)cc1,c1ccc(CN2CCC(n3ncc4c(N5CCOCC5)nc(-c5cccnc5)nc43)CC2)cc1,6.16,1,455.566,3.562,72.2,0,7,5,6,0.385,0.4556
CHEMBL608095,SQTGJTBXJLFTBF-UHFFFAOYSA-N,c1nc2c(N3CCOCC3)nc(-c3ccsc3)nc2[nH]1,c1nc2c(N3CCOCC3)nc(-c3ccsc3)nc2[nH]1,5.41,0,287.348,1.918,66.93,1,6,2,4,0.308,0.7797
CHEMBL1093069,SWAWWPBWXKGURA-NKVSQWTQSA-N,CNC(=O)Nc1ccc2c(c1)C(=O)/C(=C/c1cn(C)c3nccc(N4CC5CCC(C4)O5)c13)O2,O=C1C(=Cc2c[nH]c3nccc(N4CC5CCC(C4)O5)c23)Oc2ccccc21,8.02,1,459.506,3.308,97.72,2,6,3,6,0.32,0.5836
CHEMBL601895,SWBBUJJFFCMXKV-UHFFFAOYSA-N,O=C(Nc1ccc(-c2nc(C3=CCOCC3)c3sccc3n2)cc1)Nc1cccnc1,O=C(Nc1ccc(-c2nc(C3=CCOCC3)c3sccc3n2)cc1)Nc1cccnc1,8.96,1,429.505,5.201,89.03,2,6,4,5,0.13,0.4654
CHEMBL1092555,SWHURECMIKRYCE-UHFFFAOYSA-N,Oc1cccc(-c2nc(N3CCOCC3)c3[nH]ccc3n2)c1,c1ccc(-c2nc(N3CCOCC3)c3[nH]ccc3n2)cc1,6.45,1,296.33,2.167,74.27,2,5,2,4,0.25,0.7578
CHEMBL585400,SWYYAXGUDZLFKO-UHFFFAOYSA-N,Oc1ccccc1-c1nc(N2CCOCC2)c2nc[nH]c2n1,c1ccc(-c2nc(N3CCOCC3)c3nc[nH]c3n2)cc1,5.6,0,297.318,1.562,87.16,2,6,2,4,0.267,0.7462
CHEMBL1097603,SYONYYWDEUIWEP-UHFFFAOYSA-N,CN(C)C(=O)Nc1ccc(-c2nc(N3CCOCC3)c3cnn(C4CCN(Cc5ccccc5)CC4)c3n2)cc1,c1ccc(CN2CCC(n3ncc4c(N5CCOCC5)nc(-c5ccccc5)nc43)CC2)cc1,7.12,1,540.672,4.261,91.65,1,7,6,6,0.4,0.3908
CHEMBL1091359,SZQLHKIRUFFCBS-UHFFFAOYSA-N,CN(C)CCOc1ccc(NC(=O)Nc2ccc(-c3nc(C4CCOCC4)nc(N4C5CCC4COC5)n3)cc2)cc1,O=C(Nc1ccccc1)Nc1ccc(-c2nc(C3CCOCC3)nc(N3C4CCC3COC4)n2)cc1,9.15,1,573.698,4.385,113.97,2,9,9,6,0.484,0.3849
CHEMBL597012,TWCCZQFICQQJLA-UHFFFAOYSA-N,O=C(Nc1ccc(-c2nc(N3CCOCC3)nc(N3CCOCC3)n2)cc1)NN1CCCCC1,O=C(Nc1ccc(-c2nc(N3CCOCC3)nc(N3CCOCC3)n2)cc1)NN1CCCCC1,6.34,1,468.562,1.734,107.98,2,9,5,5,0.565,0.6782
CHEMBL1089784,TYADEPBNPOAIRO-OYKKKHCWSA-N,O=C1/C(=C/c2c(-c3ccc4ccccc4c3)[nH]c3ccccc23)Oc2cc(O)cc(O)c21,O=C1C(=Cc2c(-c3ccc4ccccc4c3)[nH]c3ccccc23)Oc2ccccc21,6.55,1,419.436,6.016,82.55,3,4,2,6,0.0,0.3059
CHEMBL411950,TZBFSVORPHJWBW-DROVPKGLSA-N,COC[C@H]1OC(=O)/C(=C/N2CCOCC2)C2=C(O)C(=O)C3=C([C@H](OC(C)=O)C[C@]4(C)[C@@H](O)CC[C@@H]34)[C@]21C,O=C1C=C2C(=CN3CCOCC3)C(=O)OCC2C2=C1C1CCCC1CC2,6.08,1,517.575,1.585,131.83,2,10,4,5,0.667,0.4185
CHEMBL565389,UCGFKGIOOUVIOP-UHFFFAOYSA-N,CCn1ncc2c(N3CC4CCC(C3)O4)nc(-c3ccc(NC(=O)NCCN(C)C)cc3)nc21,c1ccc(-c2nc(N3CC4CCC(C3)O4)c3cn[nH]c3n2)cc1,7.29,1,464.574,2.564,100.44,2,7,7,5,0.5,0.5543
CHEMBL1091354,UCQPCEDBBQGRHO-UHFFFAOYSA-N,CN(C)C1CCN(c2ccc(NC(=O)Nc3ccc(-c4nc(C5CCOCC5)nc(N5C6CCC5COC6)n4)cc3)cc2)CC1,O=C(Nc1ccc(-c2nc(C3CCOCC3)nc(N3C4CCC3COC4)n2)cc1)Nc1ccc(N2CCCCC2)cc1,9.25,1,612.779,4.975,107.98,2,9,7,7,0.529,0.3823
CHEMBL577967,UDAWZLGMHSEQAG-UHFFFAOYSA-N,CCn1ncc2c(N3CC4CCC(C3)O4)nc(-c3ccc(NC(=O)Nc4ccc(C(=O)NN(C)C)cc4)cc3)nc21,O=C(Nc1ccccc1)Nc1ccc(-c2nc(N3CC4CCC(C3)O4)c3cn[nH]c3n2)cc1,9.52,1,555.643,3.731,129.54,3,8,7,6,0.345,0.2943
CHEMBL271780,UDHPBLMQLLIOEJ-BXQOSRMJSA-N,COC[C@H]1OC(=O)/C(=C/N2CCN(CCCN(C)C)CC2)C2=C(O)C(=O)C3=C([C@H](OC(C)=O)C[C@]4(C)[C@@H](O)CC[C@@H]34)[C@]21C,O=C1C=C2C(=CN3CCNCC3)C(=O)OCC2C2=C1C1CCCC1CC2,6.6,1,601.741,1.822,129.08,2,11,8,5,0.719,0.3123
CHEMBL594350,UDLFOGHOIIYABT-UHFFFAOYSA-N,Nc1ccc(-c2nc(N3CC4CCC(C3)O4)c3sccc3n2)cc1,c1ccc(-c2nc(N3CC4CCC(C3)O4)c3sccc3n2)cc1,7.0,1,338.436,3.308,64.27,1,6,2,5,0.333,0.7264
CHEMBL556947,UDRFVTDJBQKEAH-UHFFFAOYSA-N,COC(=O)N1CCC(n2ncc3c(N4CCOCC4)nc(-c4ccc(NC(=O)Nc5ccc(N6CCN(C)CC6)cc5)cc4)nc32)CC1,O=C(Nc1ccc(-c2nc(N3CCOCC3)c3cnn(C4CCNCC4)c3n2)cc1)Nc1ccc(N2CCNCC2)cc1,9.495,1,654.776,4.129,133.22,2,10,6,7,0.441,0.3128
CHEMBL1076864,UEDDKSHVEFFQBG-XPCYEKABSA-N,CCN1CCN(c2ccc(NC(=O)Nc3ccc(-c4nc(N5C6CCC5COC6)nc(N5CCOC[C@H]5C)n4)cc3)cc2)CC1,O=C(Nc1ccc(-c2nc(N3CCOCC3)nc(N3C4CCC3COC4)n2)cc1)Nc1ccc(N2CCNCC2)cc1,8.92,1,613.767,3.917,111.22,2,10,7,7,0.515,0.4069
CHEMBL578453,UHCGAHYSUYCMSS-UHFFFAOYSA-N,c1ccc(CN2CCC(n3ncc4c(N5CCOCC5)nc(-c5cccc6[nH]ccc56)nc43)CC2)cc1,c1ccc(CN2CCC(n3ncc4c(N5CCOCC5)nc(-c5cccc6[nH]ccc56)nc43)CC2)cc1,6.84,1,493.615,4.648,75.1,1,6,5,7,0.345,0.3843
CHEMBL1094015,UIILWXMACMFYIS-WQRHYEAKSA-N,Cn1cc(/C=C2\Oc3cccc(O)c3C2=O)c2c(N3CCC(C(N)=O)CC3)ccnc21,O=C1C(=Cc2c[nH]c3nccc(N4CCCCC4)c23)Oc2ccccc21,9.14,1,418.453,2.597,110.68,2,6,3,5,0.261,0.6328
CHEMBL271544,ULLYDNVXDPYQCG-XBMOYTETSA-N,COC[C@H]1OC(=O)/C(=C/N2CCN(C3CCCCC3)CC2)C2=C(O)C(=O)C3=C([C@H](OC(C)=O)C[C@]4(C)[C@@H](O)CC[C@@H]34)[C@]21C,O=C1C=C2C(=CN3CCN(C4CCCCC4)CC3)C(=O)OCC2C2=C1C1CCCC1CC2,6.09,1,598.737,3.203,125.84,2,10,5,6,0.727,0.36
CHEMBL1092074,UMANUGUGHDROEQ-UHFFFAOYSA-N,CN1CCN(C(=O)c2ccc(NC(=O)Nc3ccc(-c4nc(N5CCOCC5)c5ccn(CC(F)(F)F)c5n4)cc3)cc2)CC1,O=C(Nc1ccc(C(=O)N2CCNCC2)cc1)Nc1ccc(-c2nc(N3CCOCC3)c3cc[nH]c3n2)cc1,8.77,1,622.652,4.529,107.86,2,7,6,6,0.355,0.3256
CHEMBL1234815,UOKGZPYGRJDACN-UHFFFAOYSA-N,Cn1nc(-c2ccc3ccccc3c2)c2c(N)ncnc21,c1ccc2cc(-c3n[nH]c4ncncc34)ccc2c1,4.0,0,275.315,2.766,69.62,1,4,1,4,0.062,0.5796
CHEMBL1090153,UOLWAWYOIVYEAT-IWIPYMOSSA-N,COc1ccc2c(c1)c(/C=C1\Oc3cc(O)cc(O)c3C1=O)c(C)n2CCN1CCN(C)CC1,O=C1C(=Cc2cn(CCN3CCNCC3)c3ccccc23)Oc2ccccc21,7.96,1,463.534,3.233,87.4,2,7,5,5,0.346,0.562
CHEMBL589103,UOXOWFBZFQTLKZ-UHFFFAOYSA-N,CCn1nnc2c(N3CCOCC3)nc(-c3ccc(NC(=O)Nc4cccnc4)cc3)nc21,O=C(Nc1ccc(-c2nc(N3CCOCC3)c3nn[nH]c3n2)cc1)Nc1cccnc1,9.05,1,445.487,2.784,122.98,2,8,5,5,0.273,0.4807
CHEMBL576937,UPQRSQYXPGPCQM-UHFFFAOYSA-N,CCNC(=O)Nc1ccc(-c2nc(N3CCOC(C)C3)c3cnn(C4CCN(C(=O)OC)CC4)c3n2)cc1,c1ccc(-c2nc(N3CCOCC3)c3cnn(C4CCNCC4)c3n2)cc1,8.72,1,522.61,3.263,126.74,2,8,5,5,0.5,0.5229
CHEMBL1098306,UQBDVXGNVUOMQH-UHFFFAOYSA-N,CCNC(=O)Nc1ccc(-c2nc(N3CCOCC3)c3cnn(C4CCN(Cc5ccccc5)CC4)c3n2)cc1,c1ccc(CN2CCC(n3ncc4c(N5CCOCC5)nc(-c5ccccc5)nc43)CC2)cc1,9.1,1,540.672,4.308,100.44,2,7,7,6,0.4,0.3604
CHEMBL591358,URYMFNIQUUIFIY-UHFFFAOYSA-N,CCn1nnc2c(N3CCOCC3)nc(-c3ccc(NC(=O)Nc4ccc(C(=O)N(C)C)cc4)cc3)nc21,O=C(Nc1ccccc1)Nc1ccc(-c2nc(N3CCOCC3)c3nn[nH]c3n2)cc1,9.12,1,515.578,3.091,130.4,2,8,6,5,0.308,0.4007
CHEMBL1091316,USHQLFYWHWDLTR-MUXKCCDJSA-N,Cn1cc(/C=C2\Oc3ccc(NC(=O)Nc4ccc(N5CCOCC5)nc4)cc3C2=O)c2c(N3CC4CCC(C3)O4)ccnc21,O=C(Nc1ccc(N2CCOCC2)nc1)Nc1ccc2c(c1)C(=O)C(=Cc1c[nH]c3nccc(N4CC5CCC(C4)O5)c13)O2,7.54,1,607.671,4.433,123.08,2,9,5,8,0.333,0.3173
CHEMBL1089767,USNLHAADIFKHJE-UHFFFAOYSA-N,OCc1cccc(-c2nc(N3CCOCC3)c3[nH]ccc3n2)c1,c1ccc(-c2nc(N3CCOCC3)c3[nH]ccc3n2)cc1,5.79,0,310.357,1.954,74.27,2,5,3,4,0.294,0.7733
CHEMBL1091711,UTPMWUPXMZXWPP-URCVZGBWSA-N,CC(C)N1CCN(c2ccc(NC(=O)Nc3ccc(-c4nc(N5C6CCC5COC6)nc(N5CCOC[C@H]5C)n4)cc3)cc2)CC1,O=C(Nc1ccc(-c2nc(N3CCOCC3)nc(N3C4CCC3COC4)n2)cc1)Nc1ccc(N2CCNCC2)cc1,8.9,1,627.794,4.306,111.22,2,10,7,7,0.529,0.3934
CHEMBL1242844,UUXPLQHZTQRNPY-UHFFFAOYSA-N,Nc1ncnc2c1c(-c1ccc(F)c(O)c1)nn2CC1CCNCC1,c1ccc(-c2nn(CC3CCNCC3)c3ncncc23)cc1,4.0,0,342.378,1.92,101.88,3,6,3,4,0.353,0.672
CHEMBL591101,UVWTVDFYOPDZJA-UHFFFAOYSA-N,CC(=O)N1CCC(n2cnc3c(N4CCOCC4)nc(-c4cccc(CO)c4)nc32)CC1,c1ccc(-c2nc(N3CCOCC3)c3ncn(C4CCNCC4)c3n2)cc1,5.68,0,436.516,2.006,96.61,1,7,4,5,0.478,0.6682
CHEMBL567304,UWALXXDIVYDBPB-UHFFFAOYSA-N,COc1cc(-c2ccc(-c3cc(N4CCOCC4)nc(N4CCOCC4)n3)o2)cc(OC)c1O,c1ccc(-c2ccc(-c3cc(N4CCOCC4)nc(N4CCOCC4)n3)o2)cc1,7.64,1,468.51,2.8,102.55,1,10,6,5,0.417,0.5809
CHEMBL585292,UWAZUBOXSUDFIR-UHFFFAOYSA-N,Oc1ccc(-c2ccc(-c3cc(N4CCOCC4)nc(N4CCOCC4)n3)o2)cc1,c1ccc(-c2ccc(-c3cc(N4CCOCC4)nc(N4CCOCC4)n3)o2)cc1,6.26,1,408.458,2.782,84.09,1,8,4,5,0.364,0.7056
CHEMBL591576,UXNMHXVQYCSDTB-UHFFFAOYSA-N,OCc1cccc(-c2nc(N3CCOCC3)c3ncn(C4CCN(c5ccc(F)cc5F)CC4)c3n2)c1,c1ccc(-c2nc(N3CCOCC3)c3ncn(C4CCN(c5ccccc5)CC4)c3n2)cc1,5.69,0,506.557,3.942,79.54,1,7,5,6,0.37,0.4393
CHEMBL1090043,UZKSZCHJTSIAEZ-UNOMPAQXSA-N,Cn1cc(/C=C2\Oc3cccc(O)c3C2=O)c2c(-c3ccccc3)ccnc21,O=C1C(=Cc2c[nH]c3nccc(-c4ccccc4)c23)Oc2ccccc21,8.46,1,368.392,4.562,64.35,1,4,2,5,0.043,0.5269
CHEMBL550286,VAOSXQKPRPFALK-UHFFFAOYSA-N,Oc1cccc(-c2nc(N3CCOCC3)c3cnn(C4CCN(Cc5cccnc5)CC4)c3n2)c1,c1ccc(-c2nc(N3CCOCC3)c3cnn(C4CCN(Cc5cccnc5)CC4)c3n2)cc1,8.01,1,471.565,3.268,92.43,1,8,5,6,0.385,0.4742
CHEMBL1091707,VBEXWQUBGCPURE-MZFJOGFUSA-N,CN(Cc1ccccc1)C(=O)C1CCN(c2ccnc3c2c(/C=C2\Oc4ccc(NC(=O)Nc5cccnc5)cc4C2=O)cn3C)CC1,O=C(Nc1cccnc1)Nc1ccc2c(c1)C(=O)C(=Cc1c[nH]c3nccc(N4CCC(C(=O)NCc5ccccc5)CC4)c13)O2,6.99,1,641.732,6.104,121.69,2,7,7,7,0.216,0.206
CHEMBL600366,VBYNNESGSHUXND-UHFFFAOYSA-N,O=C(Nc1ccccc1)Nc1ccc(-c2nc(N3CC4CCC(C3)O4)c3cnn(C4CCC5(CC4)OCCO5)c3n2)cc1,O=C(Nc1ccccc1)Nc1ccc(-c2nc(N3CC4CCC(C3)O4)c3cnn(C4CCC5(CC4)OCCO5)c3n2)cc1,9.8,1,581.677,5.363,115.66,2,8,5,8,0.438,0.3236
CHEMBL574193,VCVGIBMHLBEHEP-UHFFFAOYSA-N,Oc1ccc(-c2nc(N3CCOCC3)c3cnn(C4CCN(Cc5ccccc5)CC4)c3n2)cc1,c1ccc(CN2CCC(n3ncc4c(N5CCOCC5)nc(-c5ccccc5)nc43)CC2)cc1,6.77,1,470.577,3.873,79.54,1,7,5,6,0.37,0.4743
CHEMBL561103,VDOCQQKGPJENHJ-UHFFFAOYSA-N,COC(=O)Nc1ccc(-c2nc(N3CCOCC3)c3cnn(C4CCN(Cc5cccnc5)CC4)c3n2)cc1,c1ccc(-c2nc(N3CCOCC3)c3cnn(C4CCN(Cc5cccnc5)CC4)c3n2)cc1,8.34,1,528.617,3.74,110.53,1,9,6,6,0.393,0.4001
CHEMBL565428,VEEBKEZYGPCSNG-UHFFFAOYSA-N,COc1cc(-c2cccc(-c3ccnc(N4CCOCC4)n3)n2)cc(OC)c1O,c1ccc(-c2cccc(-c3ccnc(N4CCOCC4)n3)n2)cc1,6.26,1,394.431,2.765,89.83,1,8,5,4,0.286,0.7066
CHEMBL272197,VEFNHRBALMOEDS-DROVPKGLSA-N,CCN(/C=C1/C(=O)O[C@H](COC)[C@@]2(C)C1=C(O)C(=O)C1=C2[C@H](OC(C)=O)C[C@]2(C)[C@@H](O)CC[C@@H]12)CC,C=C1C(=O)OCC2C1=CC(=O)C1=C2CCC2CCCC12,4.85,0,503.592,2.594,122.6,2,9,6,4,0.667,0.4159
CHEMBL1241580,VEORWCZDRQSGJH-UHFFFAOYSA-N,Nc1ncnc2c1c(-c1ccc(Cl)c(O)c1)nn2C1CCC1,c1ccc(-c2nn(C3CCC3)c3ncncc23)cc1,6.64,1,315.764,3.16,89.85,2,5,2,4,0.267,0.7578
CHEMBL562165,VFFFBCOSXJNTAY-UHFFFAOYSA-N,CCOC(=O)Nc1ccc(-c2nc(N3CCOCC3)c3cnn(C4CCN(Cc5ccccc5)CC4)c3n2)cc1,c1ccc(CN2CCC(n3ncc4c(N5CCOCC5)nc(-c5ccccc5)nc43)CC2)cc1,7.34,1,541.656,4.735,97.64,1,8,7,6,0.4,0.3586
CHEMBL562439,VGMKYCYGESGMRO-UHFFFAOYSA-N,CNC(=O)Nc1ccc(-c2nc(N3CCOCC3)c3cnn(C4CCN(C(=O)N(C)C)CC4)c3n2)cc1,c1ccc(-c2nc(N3CCOCC3)c3cnn(C4CCNCC4)c3n2)cc1,8.96,1,507.599,2.4,120.75,2,7,4,5,0.48,0.5563
CHEMBL1088834,VICGFJBKQKFBTD-APSNUPSMSA-N,Cc1[nH]c2ccc(Br)cc2c1/C=C1\Oc2cc(O)cc(O)c2C1=O,O=C1C(=Cc2c[nH]c3ccccc23)Oc2ccccc21,6.72,1,386.201,4.266,82.55,3,4,1,4,0.056,0.5459
CHEMBL1090478,VKRBDQQFCUECCR-MTJSOVHGSA-N,COc1ccc2c(c1)c(/C=C1\Oc3cc(O)cc(O)c3C1=O)c(C)n2CCN(C)C,O=C1C(=Cc2c[nH]c3ccccc23)Oc2ccccc21,7.75,1,408.454,3.547,84.16,2,6,5,4,0.261,0.6284
CHEMBL577966,VKSCSFHLPAAEGS-UHFFFAOYSA-N,CCn1ncc2c(N3CC4CCC(C3)O4)nc(-c3ccc(NC(=O)Nc4ccc(N5CCN(C)CC5)nc4)cc3)nc21,O=C(Nc1ccc(-c2nc(N3CC4CCC(C3)O4)c3cn[nH]c3n2)cc1)Nc1ccc(N2CCNCC2)nc1,9.15,1,568.686,3.672,116.57,2,9,6,7,0.433,0.3594
CHEMBL590619,VLNLIVDYHRPHDN-UHFFFAOYSA-N,Oc1cncc(-c2nc(N3CCOCC3)c3ncn(C4CCNCC4)c3n2)c1,c1cncc(-c2nc(N3CCOCC3)c3ncn(C4CCNCC4)c3n2)c1,6.01,1,381.44,1.355,101.22,2,8,3,5,0.474,0.7012
CHEMBL271413,VMVBIIWTAIKIMP-IOLZJUMPSA-N,COC[C@H]1OC(=O)/C(=C/N(C)C2CCN(C)C2)C2=C(O)C(=O)C3=C([C@H](OC(C)=O)C[C@]4(C)[C@@H](O)CC[C@@H]34)[C@]21C,O=C1C=C2C(=CNC3CCNC3)C(=O)OCC2C2=C1C1CCCC1CC2,5.92,0,544.645,1.888,125.84,2,10,5,5,0.69,0.3915
CHEMBL1089653,VNPYFCSEKVNGCJ-NVMNQCDNSA-N,COc1ccc2c(c1)c(/C=C1\Oc3cc(O)cc(O)c3C1=O)c(C)n2C,O=C1C(=Cc2c[nH]c3ccccc23)Oc2ccccc21,8.4,1,351.358,3.523,80.92,2,5,2,4,0.15,0.6906
CHEMBL574905,VNRJYXRJFNRQRD-UHFFFAOYSA-N,O=C(NCCF)Nc1ccc(-c2nc(N3CC4CCC(C3)O4)c3cnn(CC(F)(F)F)c3n2)cc1,c1ccc(-c2nc(N3CC4CCC(C3)O4)c3cn[nH]c3n2)cc1,9.64,1,493.465,3.514,97.2,2,6,6,5,0.455,0.5105
CHEMBL590073,VPLAAHHOBJVHMP-UHFFFAOYSA-N,CCn1nnc2c(N3CCOCC3)nc(-c3ccc(NC(=O)Nc4ccncc4)cc3)nc21,O=C(Nc1ccncc1)Nc1ccc(-c2nc(N3CCOCC3)c3nn[nH]c3n2)cc1,9.2,1,445.487,2.784,122.98,2,8,5,5,0.273,0.4807
CHEMBL270039,VPMYZHYMFWSGAZ-BNNBOEQISA-N,COC[C@H]1OC(=O)/C(=C/N2CCCCC2)C2=C(O)C(=O)C3=C([C@H](OC(C)=O)C[C@]4(C)[C@@H](O)CC[C@@H]34)[C@]21C,O=C1C=C2C(=CN3CCCCC3)C(=O)OCC2C2=C1C1CCCC1CC2,5.75,0,515.603,2.738,122.6,2,9,4,5,0.679,0.4297
CHEMBL1242567,VPSLBUMYCILBRD-UHFFFAOYSA-N,Nc1ncnc2c1c(-c1ccc(F)c(O)c1)nn2C1CNC1,c1ccc(-c2nn(C3CNC3)c3ncncc23)cc1,4.52,0,300.297,1.064,101.88,3,6,2,4,0.214,0.654
CHEMBL572932,VPYQLUBFHONSEW-UHFFFAOYSA-N,CNC(=O)Nc1ccc(-c2nc(N3CCOCC3)c3cnn(CC(F)(F)F)c3n2)cc1,c1ccc(-c2nc(N3CCOCC3)c3cn[nH]c3n2)cc1,9.0,1,435.41,2.644,97.2,2,6,4,4,0.368,0.6541
CHEMBL1090382,VQRJMTKYCCPCRG-OCKHKDLRSA-N,Cn1cc(/C=C2\Oc3cccc(O)c3C2=O)c2c(N3C4CCC3COC4)ccnc21,O=C1C(=Cc2c[nH]c3nccc(N4C5CCC4COC5)c23)Oc2ccccc21,8.68,1,403.438,3.263,76.82,1,6,2,6,0.304,0.6622
CHEMBL1095618,VREXRLSVTLIYBI-UHFFFAOYSA-N,Nc1ccc(-c2nc(N3CCOCC3)c3cnn(-c4ccccc4)c3n2)cn1,c1ccc(-n2ncc3c(N4CCOCC4)nc(-c4cccnc4)nc32)cc1,8.02,1,373.42,2.296,94.98,1,7,3,5,0.2,0.5886
CHEMBL594571,VROHDVQPMGULKN-UHFFFAOYSA-N,O=C(Nc1ccccc1)Nc1ccc(-c2nc(N3CC4CCC(C3)O4)c3sccc3n2)cc1,O=C(Nc1ccccc1)Nc1ccc(-c2nc(N3CC4CCC(C3)O4)c3sccc3n2)cc1,8.9,1,457.559,5.37,79.38,2,6,4,6,0.24,0.4307
CHEMBL557895,VRRXJIFGRFWALI-UHFFFAOYSA-N,CC(=O)Nc1cccc(-c2nc(N3CCOCC3)c3cnn(C4CCN(Cc5ccccc5)CC4)c3n2)c1,c1ccc(CN2CCC(n3ncc4c(N5CCOCC5)nc(-c5ccccc5)nc43)CC2)cc1,5.61,0,511.63,4.125,88.41,1,7,6,6,0.379,0.4165
CHEMBL1089141,VTFLALQGBLPAOI-UHFFFAOYSA-N,O=C(Nc1ccncc1)Nc1ccc(-c2nc(N3CCOCC3)c3cc[nH]c3n2)cc1,O=C(Nc1ccncc1)Nc1ccc(-c2nc(N3CCOCC3)c3cc[nH]c3n2)cc1,9.0,1,415.457,3.501,108.06,3,6,4,5,0.182,0.4708
CHEMBL1091882,VTGCEJAFMCDJOI-XRVIQIRUSA-N,COc1ccc2[nH]cc(/C=C3\Oc4cc(O)cc(O)c4C3=O)c2c1,O=C1C(=Cc2c[nH]c3ccccc23)Oc2ccccc21,6.58,1,323.304,3.204,91.78,3,5,2,4,0.056,0.6299
CHEMBL1097897,VTPBQPROVPRKLB-UHFFFAOYSA-N,COCCNC(=O)Nc1ccc(-c2nc(N3CCOCC3)c3cnn(C4CCN(Cc5ccccc5)CC4)c3n2)cc1,c1ccc(CN2CCC(n3ncc4c(N5CCOCC5)nc(-c5ccccc5)nc43)CC2)cc1,7.64,1,570.698,3.935,109.67,2,8,9,6,0.419,0.2915
CHEMBL593157,VTZPAZFULIFFPW-UHFFFAOYSA-N,O=C(NCCO)Nc1ccc(-c2nc(N3CC4CCC(C3)O4)c3sccc3n2)cc1,c1ccc(-c2nc(N3CC4CCC(C3)O4)c3sccc3n2)cc1,9.47,1,425.514,2.84,99.61,3,7,5,5,0.381,0.5814
CHEMBL1088789,VXQJPJHEAPEQTG-UHFFFAOYSA-N,CN(C)Cc1c[nH]c2c(N3CCOCC3)nc(-c3cccc(CO)c3)nc12,c1ccc(-c2nc(N3CCOCC3)c3[nH]ccc3n2)cc1,6.97,1,367.453,2.015,77.51,2,6,5,4,0.4,0.7184
CHEMBL1093437,WAHFJOKEKUPLAO-KSEXSDGBSA-N,COc1ccc2c(c1)c(/C=C1\Oc3cc(O)cc(O)c3C1=O)cn2CCCN1CCOCC1,O=C1C(=Cc2cn(CCCN3CCOCC3)c3ccccc23)Oc2ccccc21,6.37,1,450.491,3.4,93.39,2,7,6,5,0.32,0.5562
CHEMBL1091694,WARFAAVACUFFOT-QRQIAZFYSA-N,CCN(CC)C(=O)C1CCN(c2ccnc3c2c(/C=C2\Oc4ccc(NC(=O)Nc5cccnc5)cc4C2=O)cn3C)CC1,O=C(Nc1cccnc1)Nc1ccc2c(c1)C(=O)C(=Cc1c[nH]c3nccc(N4CCCCC4)c13)O2,6.94,1,593.688,5.313,121.69,2,7,7,6,0.303,0.2785
CHEMBL589858,WARHZMCNVITGFR-UHFFFAOYSA-N,CNC(=O)Nc1ccc(-c2nc(C3=CCOCC3)c3cnn(CC(F)(F)F)c3n2)cc1,C1=C(c2nc(-c3ccccc3)nc3[nH]ncc23)CCOC1,8.7,1,432.406,3.611,93.96,2,5,4,4,0.3,0.657
CHEMBL584362,WCZSBHYATWRXOI-UHFFFAOYSA-N,Oc1cccc(-c2nc(N3CCOCC3)c3cnn(C4CCNCC4)c3n2)c1,c1ccc(-c2nc(N3CCOCC3)c3cnn(C4CCNCC4)c3n2)cc1,6.67,1,380.452,1.96,88.33,2,7,3,5,0.45,0.718
CHEMBL1241767,WFSLJOPRIJSOJR-UHFFFAOYSA-N,Cc1ccccc1-n1c(Cn2nc(-c3cccc(O)c3)c3c(N)ncnc32)nc2cccc(C)c2c1=O,O=c1c2ccccc2nc(Cn2nc(-c3ccccc3)c3cncnc32)n1-c1ccccc1,4.3,0,489.539,4.145,124.74,2,7,4,6,0.107,0.3811
CHEMBL1098246,WGJCAXDRPIQKGH-UHFFFAOYSA-N,COC(=O)N1CCC(n2ncc3c(N4CCOCC4)nc(-c4ccc(NC(=O)Nc5ccc(CCN6CCCC6)cc5)cc4)nc32)CC1,O=C(Nc1ccc(CCN2CCCC2)cc1)Nc1ccc(-c2nc(N3CCOCC3)c3cnn(C4CCNCC4)c3n2)cc1,9.15,1,653.788,5.016,129.98,2,9,8,7,0.457,0.2695
CHEMBL1092547,WGUCCSGXIHCOJQ-UHFFFAOYSA-N,CN(C)CCn1ccc2c(N3CCOCC3)nc(-c3ccc(NC(=O)Nc4cccnc4)cc3)nc21,O=C(Nc1ccc(-c2nc(N3CCOCC3)c3cc[nH]c3n2)cc1)Nc1cccnc1,8.52,1,486.58,3.536,100.44,2,7,7,5,0.308,0.4121
CHEMBL590386,WJXACEILBUSAPK-UHFFFAOYSA-N,Oc1cncc(-c2nc(N3CCOCC3)c3nc[nH]c3n2)c1,c1cncc(-c2nc(N3CCOCC3)c3nc[nH]c3n2)c1,6.21,1,298.306,0.957,100.05,2,7,2,4,0.286,0.7263
CHEMBL604876,WKJDCMFOOMWIQG-UHFFFAOYSA-N,c1csc(-c2nc(N3CCOCC3)c3nc[nH]c3n2)c1,c1csc(-c2nc(N3CCOCC3)c3nc[nH]c3n2)c1,5.55,0,287.348,1.918,66.93,1,6,2,4,0.308,0.7797
CHEMBL585397,WLTGGZJCDZMNBZ-UHFFFAOYSA-N,CCn1ncc2c(N3CC4CCC(C3)O4)nc(-c3ccc(NC(=O)Nc4ccc(N5CCCC5)cc4)cc3)nc21,O=C(Nc1ccc(-c2nc(N3CC4CCC(C3)O4)c3cn[nH]c3n2)cc1)Nc1ccc(N2CCCC2)cc1,8.22,1,538.656,5.125,100.44,2,7,6,7,0.4,0.3512
CHEMBL1095623,WLZGENRVUAPESL-UHFFFAOYSA-N,CNC(=O)Cc1ccc(-c2nc(N3CCOCC3)c3cnn(C4CCN(Cc5ccccc5)CC4)c3n2)cc1,c1ccc(CN2CCC(n3ncc4c(N5CCOCC5)nc(-c5ccccc5)nc43)CC2)cc1,6.77,1,525.657,3.456,88.41,1,7,7,6,0.4,0.3954
CHEMBL1091348,WMKLUVRZTYMYLT-BQEUZBSESA-N,C[C@@H]1COCCN1c1nc(-c2ccc(NC(=O)Nc3ccc(N4CCN(C)CC4)cc3)cc2)nc(N2C3CCC2COC3)n1,O=C(Nc1ccc(-c2nc(N3CCOCC3)nc(N3C4CCC3COC4)n2)cc1)Nc1ccc(N2CCNCC2)cc1,8.92,1,599.74,3.527,111.22,2,10,6,7,0.5,0.4367
CHEMBL580212,WOZYVVSCKUPLTE-UHFFFAOYSA-N,CNC(=O)Nc1ccc(-c2nc(N3CC4CCC(C3)O4)c3cnn(C4CCN(Cc5cccnc5)CC4)c3n2)cc1,c1ccc(-c2nc(N3CC4CCC(C3)O4)c3cnn(C4CCN(Cc5cccnc5)CC4)c3n2)cc1,9.32,1,553.671,3.844,113.33,2,8,6,7,0.433,0.3704
CHEMBL1092120,WPNCPKGXCPBKKQ-MXAYSNPKSA-N,Cn1cc(/C=C2\Oc3cccc(O)c3C2=O)c2c(-c3ccc(C(=O)N4CC5CCC(C4)O5)cc3)ccnc21,O=C1C(=Cc2c[nH]c3nccc(-c4ccc(C(=O)N5CC6CCC(C5)O6)cc4)c23)Oc2ccccc21,9.25,1,507.546,4.566,93.89,1,6,3,7,0.233,0.4087
CHEMBL265123,WQBUAHYPIRIKLH-CEZHGMQKSA-N,C=CC[C@@H]1/C=C(\C)C[C@H](C)C[C@H](OC)C2C[C@@](O)(C(=O)C(=O)N3CCCCC3C(=O)O[C@H](C(C)C[C@@H]3CC[C@@H](CC(=O)Nc4ccc(CCCC(=O)O)cc4)C(OC)C3)[C@H](C)[C@@H](O)CC1=O)[C@H](C)C[C@@H]2OC,O=C1CC=CCCCCC2CCCC(C2)C(=O)C(=O)N2CCCCC2C(=O)OC(CCC2CCC(CC(=O)Nc3ccccc3)CC2)CCC1,8.73,1,1007.316,8.074,215.3,4,12,15,5,0.719,0.0744
CHEMBL1095625,WQGKKKXVLJUOHD-UHFFFAOYSA-N,Nc1ccc(-c2nc(N3CCOCC3)c3cnn(C4CCN(Cc5ccccc5)CC4)c3n2)cc1,c1ccc(CN2CCC(n3ncc4c(N5CCOCC5)nc(-c5ccccc5)nc43)CC2)cc1,6.7,1,469.593,3.749,85.33,1,7,5,6,0.37,0.4457
CHEMBL1094981,WQJYOLLPRXNMCU-UHFFFAOYSA-N,CC(C)OC(=O)N1CCC(n2ncc3c(N4CCOCC4)nc(-c4ccc(NC(=O)NCCF)cc4)nc32)CC1,c1ccc(-c2nc(N3CCOCC3)c3cnn(C4CCNCC4)c3n2)cc1,9.52,1,554.627,3.603,126.74,2,8,7,5,0.519,0.4537
CHEMBL1091158,WQRRUNWBRWNYJW-UHFFFAOYSA-N,CN(C)CCn1ccc2c(N3CCOCC3)nc(-c3ccc(NC(=O)Nc4ccc(F)cc4)cc3)nc21,O=C(Nc1ccccc1)Nc1ccc(-c2nc(N3CCOCC3)c3cc[nH]c3n2)cc1,8.1,1,503.582,4.28,87.55,2,6,7,5,0.296,0.3916
CHEMBL603498,WRCVEGVPVQBJJW-UHFFFAOYSA-N,CNC(=O)Nc1ccc(-c2nc(N3CC4CCC(C3)O4)c3cnn(C4CCC(=O)CC4)c3n2)cc1,O=C1CCC(n2ncc3c(N4CC5CCC(C4)O5)nc(-c4ccccc4)nc32)CC1,9.66,1,475.553,3.296,114.27,2,7,4,6,0.48,0.595
CHEMBL602841,WRDKHOAPBRCYSS-UHFFFAOYSA-N,OCc1cccc(-c2nc(N3CCOCC3)c3ncn(C4CCNCC4)c3n2)c1,c1ccc(-c2nc(N3CCOCC3)c3ncn(C4CCNCC4)c3n2)cc1,5.14,0,394.479,1.747,88.33,2,7,4,5,0.476,0.6969
CHEMBL1090781,WTSKLBVBUJRZSO-UHFFFAOYSA-N,COC(Cn1ccc2c(N3CCOCC3)nc(-c3ccc(NC(=O)Nc4ccncc4)cc3)nc21)OC,O=C(Nc1ccncc1)Nc1ccc(-c2nc(N3CCOCC3)c3cc[nH]c3n2)cc1,9.0,1,503.563,3.593,115.66,2,8,8,5,0.308,0.3507
CHEMBL599246,WTWXJMUDRHOZFG-UHFFFAOYSA-N,O=C(Nc1ccc(F)cc1)Nc1ccc(-c2nc(N3CCOCC3)nc(N3CCOCC3)n2)cc1,O=C(Nc1ccccc1)Nc1ccc(-c2nc(N3CCOCC3)nc(N3CCOCC3)n2)cc1,8.41,1,479.516,2.995,104.74,2,8,5,5,0.333,0.5757
CHEMBL593063,WUPWZRMJIIYLMA-UHFFFAOYSA-N,Oc1cccc(-c2nc(N3CCOCC3)c3ncn(C4CCN(Cc5cccnc5)CC4)c3n2)c1,c1ccc(-c2nc(N3CCOCC3)c3ncn(C4CCN(Cc5cccnc5)CC4)c3n2)cc1,6.77,1,471.565,3.268,92.43,1,8,5,6,0.385,0.4742
CHEMBL271982,WUWRIAFFRISJBW-IHIZDZNISA-N,COC[C@H]1OC(=O)/C(=C/N2CCN(CCN3CCOCC3)CC2)C2=C(O)C(=O)C3=C([C@H](OC(C)=O)C[C@]4(C)[C@@H](O)CC[C@@H]34)[C@]21C,O=C1C=C2C(=CN3CCN(CCN4CCOCC4)CC3)C(=O)OCC2C2=C1C1CCCC1CC2,6.21,1,629.751,1.202,138.31,2,12,7,6,0.727,0.3092
CHEMBL1093445,WXXQJPCZRLPSPS-JMIUGGIZSA-N,COc1ccc2[nH]c(-c3cccnc3)c(/C=C3\Oc4cc(O)cc(O)c4C3=O)c2c1,O=C1C(=Cc2c(-c3cccnc3)[nH]c3ccccc23)Oc2ccccc21,9.0,1,400.39,4.266,104.67,3,6,3,5,0.043,0.4439
CHEMBL575929,WZQAKCHUPLEAER-UHFFFAOYSA-N,c1ccc(CN2CCC(n3ncc4c(N5CCOCC5)nc(-c5ccc6ncccc6c5)nc43)CC2)cc1,c1ccc(CN2CCC(n3ncc4c(N5CCOCC5)nc(-c5ccc6ncccc6c5)nc43)CC2)cc1,5.22,0,505.626,4.715,72.2,0,7,5,7,0.333,0.3424
CHEMBL590357,XAANLSVGMMQAAB-UHFFFAOYSA-N,CCn1nnc2c(N3CCOCC3)nc(-c3ccc(NC(=O)Nc4ccc(C(=O)NCCc5ccccn5)cc4)cc3)nc21,O=C(Nc1ccc(C(=O)NCCc2ccccn2)cc1)Nc1ccc(-c2nc(N3CCOCC3)c3nn[nH]c3n2)cc1,8.92,1,592.664,3.756,152.08,3,9,9,6,0.258,0.2323
CHEMBL1085177,XAZDYPNMXGDMSA-UHFFFAOYSA-N,Cc1nc(N)ncc1-c1nc(N2CCOCC2)c2sc(CN3CCN(S(C)(=O)=O)CC3)cc2n1,c1ncc(-c2nc(N3CCOCC3)c3sc(CN4CCNCC4)cc3n2)cn1,6.06,1,504.642,0.953,130.67,1,11,5,5,0.524,0.5358
CHEMBL272816,XBBHCNMUMLCMNO-LYLYLSJDSA-N,COC[C@H]1OC(=O)/C(=C/N(CCCN(C)C)C(C)(C)C)C2=C(O)C(=O)C3=C([C@H](OC(C)=O)C[C@]4(C)[C@@H](O)CC[C@@H]34)[C@]21C,C=C1C(=O)OCC2C1=CC(=O)C1=C2CCC2CCCC12,6.09,1,588.742,3.305,125.84,2,10,8,4,0.719,0.3222
CHEMBL589599,XBGGERTXBDEQIK-UHFFFAOYSA-N,Cn1nnc2c(N3CCOCC3)nc(-c3ccc(NC(=O)Nc4cccnc4)cc3)nc21,O=C(Nc1ccc(-c2nc(N3CCOCC3)c3nn[nH]c3n2)cc1)Nc1cccnc1,8.53,1,431.46,2.301,122.98,2,8,4,5,0.238,0.5046
CHEMBL590084,XEGNSLLNQAWKBA-UHFFFAOYSA-N,CCn1nnc2c(N3CCOCC3)nc(-c3ccc(NC(=O)Nc4cccs4)cc3)nc21,O=C(Nc1ccc(-c2nc(N3CCOCC3)c3nn[nH]c3n2)cc1)Nc1cccs1,8.52,1,450.528,3.45,110.09,2,8,5,5,0.286,0.4791
CHEMBL593186,XGYOLCHTMBWRGA-UHFFFAOYSA-N,c1cc2cc(-c3nc(N4CC5CCC(C4)O5)c4sccc4n3)ccc2[nH]1,c1cc2cc(-c3nc(N4CC5CCC(C4)O5)c4sccc4n3)ccc2[nH]1,7.66,1,362.458,4.207,54.04,1,5,2,6,0.3,0.5804
CHEMBL585206,XHNJXQFICQUYRG-UHFFFAOYSA-N,CCn1ncc2c(N3CC4CCC(C3)O4)nc(-c3ccc(NC(=O)Nc4ccc(CN(C)C)cc4)cc3)nc21,O=C(Nc1ccccc1)Nc1ccc(-c2nc(N3CC4CCC(C3)O4)c3cn[nH]c3n2)cc1,8.96,1,526.645,4.586,100.44,2,7,7,6,0.379,0.3634
CHEMBL1090383,XKPJYTLNNLDKQP-PDGQHHTCSA-N,CN1CCN(c2ccnc3c2c(/C=C2\Oc4cccc(O)c4C2=O)cn3C)CC1,O=C1C(=Cc2c[nH]c3nccc(N4CCNCC4)c23)Oc2ccccc21,8.56,1,390.443,2.647,70.83,1,6,2,5,0.273,0.6787
CHEMBL273832,XLJORQYAOTYVQS-OGCOKEDGSA-N,COC[C@H]1OC(=O)c2coc3c2[C@@]1(C)C1=C(C3=O)[C@@H]2CC[C@H](O)[C@@]2(C)C[C@H]1OC(C)=O,O=C1OCC2C3=C(C(=O)c4occ1c42)C1CCCC1CC3,6.71,1,430.453,2.328,112.27,1,8,3,5,0.609,0.7274
CHEMBL409671,XLQIJCZSMNRDNB-CFSRXDOHSA-N,CCN(CC)CCN(C)/C=C1/C(=O)O[C@H](COC)[C@@]2(C)C1=C(O)C(=O)C1=C2[C@H](OC(C)=O)C[C@]2(C)[C@@H](O)CC[C@@H]12,C=C1C(=O)OCC2C1=CC(=O)C1=C2CCC2CCCC12,6.12,1,560.688,2.526,125.84,2,10,9,4,0.7,0.3209
CHEMBL1088835,XMUQISMCKNWEHC-IUXPMGMMSA-N,COc1ccc2[nH]c(C)c(/C=C3\Oc4cc(O)cc(O)c4C3=O)c2c1,O=C1C(=Cc2c[nH]c3ccccc23)Oc2ccccc21,8.52,1,337.331,3.512,91.78,3,5,2,4,0.105,0.6225
CHEMBL1242750,XNODQMMIMXSTMX-UHFFFAOYSA-N,Nc1ncnc2c1c(-c1ccc(F)c(O)c1)nn2C1CCCCCC1,c1ccc(-c2nn(C3CCCCCC3)c3ncncc23)cc1,5.96,0,341.39,3.816,89.85,2,5,2,4,0.389,0.6917
CHEMBL589622,XODBIHJLJPZWEL-UHFFFAOYSA-N,O=C(Nc1ccccc1)Nc1ccc(-c2nc(C3=CCOCC3)c3sccc3n2)cc1,O=C(Nc1ccccc1)Nc1ccc(-c2nc(C3=CCOCC3)c3sccc3n2)cc1,8.14,1,428.517,5.806,76.14,2,5,4,5,0.125,0.4303
CHEMBL590578,XPMHSWIMONQOGG-UHFFFAOYSA-N,CC(C)n1nnc2c(N3CCOCC3)nc(-c3ccc(NC(=O)Nc4ccc(N(C)C)cc4)cc3)nc21,O=C(Nc1ccccc1)Nc1ccc(-c2nc(N3CCOCC3)c3nn[nH]c3n2)cc1,8.8,1,501.595,4.016,113.33,2,8,6,5,0.346,0.4074
CHEMBL1091357,XPSDBVZHYGJDST-UHFFFAOYSA-N,CN(C)C1CCN(C(=O)c2ccc(NC(=O)Nc3ccc(-c4nc(C5CCOCC5)nc(N5C6CCC5COC6)n4)cc3)cc2)CC1,O=C(Nc1ccc(C(=O)N2CCCCC2)cc1)Nc1ccc(-c2nc(C3CCOCC3)nc(N3C4CCC3COC4)n2)cc1,9.47,1,640.789,4.61,125.05,2,9,7,7,0.514,0.381
CHEMBL1091699,XQQTVKVOXZGWRV-QRQIAZFYSA-N,Cn1cc(/C=C2\Oc3ccc(NC(=O)Nc4cccnc4)cc3C2=O)c2c(N3CCC(C(=O)N4CCCC4)CC3)ccnc21,O=C(Nc1cccnc1)Nc1ccc2c(c1)C(=O)C(=Cc1c[nH]c3nccc(N4CCC(C(=O)N5CCCC5)CC4)c13)O2,8.09,1,591.672,5.067,121.69,2,7,5,7,0.303,0.311
CHEMBL595053,XQXVCGDWWAHZSJ-UHFFFAOYSA-N,CCNC(=O)Nc1ccc(-c2nc(N3CC4CCC(C3)O4)c3sccc3n2)cc1,c1ccc(-c2nc(N3CC4CCC(C3)O4)c3sccc3n2)cc1,9.15,1,409.515,3.867,79.38,2,6,4,5,0.381,0.6839
CHEMBL592522,XRNPOAWCERFOHE-UHFFFAOYSA-N,Oc1cncc(-c2nc(N3CCOCC3)c3ncn(C4CCN(Cc5ccc(F)nc5)CC4)c3n2)c1,c1cncc(CN2CCC(n3cnc4c(N5CCOCC5)nc(-c5cccnc5)nc43)CC2)c1,6.24,1,490.543,2.802,105.32,1,9,5,6,0.4,0.4229
CHEMBL574211,XTCASNBTSQVTFE-UHFFFAOYSA-N,c1ccc(CN2CCC(n3ncc4c(N5CCOCC5)nc(-c5cnc6ccccc6c5)nc43)CC2)cc1,c1ccc(CN2CCC(n3ncc4c(N5CCOCC5)nc(-c5cnc6ccccc6c5)nc43)CC2)cc1,6.92,1,505.626,4.715,72.2,0,7,5,7,0.333,0.3424
CHEMBL604167,XUYPPKAYBHIWJO-UHFFFAOYSA-N,CNC(=O)Nc1ccc(-c2nc(N3CC4CCC(C3)O4)c3sc(CN4CCN(S(C)(=O)=O)CC4)cc3n2)cc1,c1ccc(-c2nc(N3CC4CCC(C3)O4)c3sc(CN4CCNCC4)cc3n2)cc1,8.85,1,571.729,2.554,120.0,2,9,6,6,0.5,0.4634
CHEMBL1091534,XVRBIFJEWVZYBQ-CQPUUCJISA-N,O=C1/C(=C/c2c[nH]c3ccc(Cl)cc23)Oc2cc(O)cc(O)c21,O=C1C(=Cc2c[nH]c3ccccc23)Oc2ccccc21,4.96,0,327.723,3.849,82.55,3,4,1,4,0.0,0.5928
CHEMBL1242469,XVTLRUAQTJKQLQ-UHFFFAOYSA-N,N#CCCCn1nc(-c2ccc(F)c(O)c2)c2c(N)ncnc21,c1ccc(-c2n[nH]c3ncncc23)cc1,5.66,0,312.308,2.224,113.64,2,6,4,3,0.2,0.714
CHEMBL1088833,XVXQABBPJCCJQM-UHFFFAOYSA-N,OCc1cccc(-c2nc(N3CCOCC3)c3cc[nH]c3n2)c1,c1ccc(-c2nc(N3CCOCC3)c3cc[nH]c3n2)cc1,6.69,1,310.357,1.954,74.27,2,5,3,4,0.294,0.7733
CHEMBL510164,XXLAEKOWCYJOKK-UHFFFAOYSA-N,Oc1cccc(-c2nc(N3CCOCC3)c3sccc3n2)c1,c1ccc(-c2nc(N3CCOCC3)c3sccc3n2)cc1,7.31,1,313.382,2.901,58.48,1,6,2,4,0.25,0.7881
CHEMBL585699,XYCSUHCWBVIYOT-FYJGNVAPSA-N,COc1cc(/C=N/Nc2nc(N3CCOCC3)nc(N3CCOCC3)n2)cc(OC)c1O,C(=NNc1nc(N2CCOCC2)nc(N2CCOCC2)n1)c1ccccc1,6.57,1,445.48,0.714,126.69,2,12,7,4,0.5,0.4621
CHEMBL1082619,XYPJLNXIABOGTO-UZWMFBFFSA-N,COc1ccc2[nH]c(-c3c(C)nn(C)c3C)c(/C=C3/Oc4ccc(NC(=O)Nc5ccc(C(=O)N(C)CCN(C)C)cc5)cc4C3=O)c2c1,O=C(Nc1ccccc1)Nc1ccc2c(c1)C(=O)C(=Cc1c(-c3cn[nH]c3)[nH]c3ccccc13)O2,8.96,1,661.763,6.088,133.82,3,7,9,6,0.243,0.163
CHEMBL1091854,XZLMDULFAHJEDT-MXAYSNPKSA-N,COc1ccc2c(c1)c(/C=C1\Oc3cc(O)cc(O)c3C1=O)cn2CCCN1CCN(CCO)CC1,O=C1C(=Cc2cn(CCCN3CCNCC3)c3ccccc23)Oc2ccccc21,5.78,0,493.56,2.677,107.63,3,8,8,5,0.37,0.4114
CHEMBL1091071,YBGVHKWNMWSUMT-FBHDLOMBSA-N,Cn1cc(/C=C2\Oc3cc(O)cc(O)c3C2=O)c2c(-c3ccccc3)cccc21,O=C1C(=Cc2c[nH]c3cccc(-c4ccccc4)c23)Oc2ccccc21,7.48,1,383.403,4.873,71.69,2,4,2,5,0.042,0.4845
CHEMBL600825,YCAGJYZYGLPLRL-UHFFFAOYSA-N,CCNC(=O)Nc1ccc(-c2nc(N3CC4CCC(C3)O4)c3cnn(C4CCC5(CC4)OCCO5)c3n2)cc1,c1ccc(-c2nc(N3CC4CCC(C3)O4)c3cnn(C4CCC5(CC4)OCCO5)c3n2)cc1,9.59,1,533.633,3.861,115.66,2,8,5,7,0.571,0.5081
CHEMBL573202,YCSUYVMGFIAGHE-UHFFFAOYSA-N,COC(=O)N1CCC(n2ncc3c(N4C5CCC4COC5)nc(-c4ccc(NC(=O)Nc5cccnc5)cc4)nc32)CC1,O=C(Nc1ccc(-c2nc(N3C4CCC3COC4)c3cnn(C4CCNCC4)c3n2)cc1)Nc1cccnc1,9.8,1,583.653,4.303,139.63,2,9,5,7,0.4,0.3519
CHEMBL410643,YDFKITVDFUHUQY-DATHZOKXSA-N,COC[C@H]1OC(=O)/C(=C/N(C)CCCN(C)C)C2=C(O)C(=O)C3=C([C@H](OC(C)=O)C[C@]4(C)[C@@H](O)CC[C@@H]34)[C@]21C,C=C1C(=O)OCC2C1=CC(=O)C1=C2CCC2CCCC12,5.54,0,546.661,2.136,125.84,2,10,8,4,0.69,0.3454
CHEMBL270746,YDFVIIKHTIIABF-MNORPUJZSA-N,COC[C@H]1OC(=O)/C(=C/N(C)C(C)(C)C)C2=C(O)C(=O)C3=C([C@H](OC(C)=O)C[C@]4(C)[C@@H](O)CC[C@@H]34)[C@]21C,C=C1C(=O)OCC2C1=CC(=O)C1=C2CCC2CCCC12,5.19,0,517.619,2.983,122.6,2,9,4,4,0.679,0.4279
CHEMBL405258,YEYVXHYGKVILFJ-FONYHGRDSA-N,COC[C@H]1OC(=O)/C(=C/N(C)CCCN2CCN(c3ccc(OC)cc3)CC2)C2=C(O)C(=O)C3=C([C@H](OC(C)=O)C[C@]4(C)[C@@H](O)CC[C@@H]34)[C@]21C,O=C1C=C2C(=CNCCCN3CCN(c4ccccc4)CC3)C(=O)OCC2C2=C1C1CCCC1CC2,5.87,0,693.838,3.405,138.31,2,12,10,6,0.605,0.2745
CHEMBL1091693,YJGFZFHIDUDCNH-YSMPRRRNSA-N,CN(C)C(=O)C1CCN(c2ccnc3c2c(/C=C2\Oc4ccc(NC(=O)Nc5cccnc5)cc4C2=O)cn3C)CC1,O=C(Nc1cccnc1)Nc1ccc2c(c1)C(=O)C(=Cc1c[nH]c3nccc(N4CCCCC4)c13)O2,7.98,1,565.634,4.533,121.69,2,7,5,6,0.258,0.3411
CHEMBL567822,YKHJGTINLIVMSH-UHFFFAOYSA-N,CNC(=O)Nc1ccc(-c2nc(N3C4CCC3COC4)c3cnn(CC(F)(F)F)c3n2)cc1,c1ccc(-c2nc(N3C4CCC3COC4)c3cn[nH]c3n2)cc1,9.25,1,461.448,3.175,97.2,2,6,4,5,0.429,0.6197
CHEMBL1082621,YKPMNBJYASHWAN-ZCTHSVRISA-N,COc1cc(F)c2[nH]c(-c3c(C)nn(C)c3C)c(/C=C3/Oc4ccc(NC(=O)Nc5ccc(C(=O)N(C)CCN(C)C)cc5)cc4C3=O)c2c1,O=C(Nc1ccccc1)Nc1ccc2c(c1)C(=O)C(=Cc1c(-c3cn[nH]c3)[nH]c3ccccc13)O2,9.52,1,679.753,6.227,133.82,3,7,9,6,0.243,0.1575
CHEMBL1091712,YKVNJQGTRMCVSV-YJIDBOMVSA-N,C[C@@H]1COCCN1c1nc(-c2ccc(NC(=O)Nc3ccc(N4CCC(N(C)C)CC4)cc3)cc2)nc(N2C3CCC2COC3)n1,O=C(Nc1ccc(-c2nc(N3CCOCC3)nc(N3C4CCC3COC4)n2)cc1)Nc1ccc(N2CCCCC2)cc1,9.05,1,627.794,4.306,111.22,2,10,7,7,0.529,0.3934
CHEMBL408074,YLAAOBXDUSJAMK-LALVPESZSA-N,COC[C@H]1OC(=O)/C(=C/N2CCN(CCCN3CCOCC3)CC2)C2=C(O)C(=O)C3=C([C@H](OC(C)=O)C[C@]4(C)[C@@H](O)CC[C@@H]34)[C@]21C,O=C1C=C2C(=CN3CCN(CCCN4CCOCC4)CC3)C(=O)OCC2C2=C1C1CCCC1CC2,5.92,0,643.778,1.592,138.31,2,12,8,6,0.735,0.2935
CHEMBL573424,YLMYIJABZJMHCX-OYRHEFFESA-N,CNC(=O)Nc1ccc(-c2nc(N3C[C@@H](C)O[C@@H](C)C3)c3cnn(C4CCN(Cc5cccnc5)CC4)c3n2)cc1,c1ccc(-c2nc(N3CCOCC3)c3cnn(C4CCN(Cc5cccnc5)CC4)c3n2)cc1,7.08,1,555.687,4.09,113.33,2,8,6,6,0.433,0.3659
CHEMBL1092818,YSAPSCRBNQMVMG-BKUYFWCQSA-N,CN(C)C(=O)c1ccccc1-c1ccnc2c1c(/C=C1\Oc3cccc(O)c3C1=O)cn2C,O=C1C(=Cc2c[nH]c3nccc(-c4ccccc4)c23)Oc2ccccc21,6.75,1,439.471,4.264,84.66,1,5,3,5,0.115,0.4823
CHEMBL595743,YTNADJDHKAORBK-UHFFFAOYSA-N,Nc1ccc(-c2nc(N3CC4CCC(C3)O4)c3sccc3n2)cn1,c1cncc(-c2nc(N3CC4CCC(C3)O4)c3sccc3n2)c1,7.46,1,339.424,2.703,77.16,1,7,2,5,0.353,0.7734
CHEMBL1092392,YVBGWYMZUVOVAI-UHFFFAOYSA-N,CN1CCN(Cc2ccc(NC(=O)Nc3ccc(-c4nc(N5C6CCC5COC6)nc(N5C6CCC5COC6)n4)cc3)cc2)CC1,O=C(Nc1ccc(CN2CCNCC2)cc1)Nc1ccc(-c2nc(N3C4CCC3COC4)nc(N3C4CCC3COC4)n2)cc1,9.0,1,625.778,3.665,111.22,2,10,7,8,0.529,0.4037
CHEMBL550972,YWWJGAYIUGBLMJ-UHFFFAOYSA-N,CNC(=O)Nc1ccc(-c2nc(N3CCOCC3)c3cnn(C4CCN(Cc5ccccc5)CC4)c3n2)cc1,c1ccc(CN2CCC(n3ncc4c(N5CCOCC5)nc(-c5ccccc5)nc43)CC2)cc1,9.29,1,526.645,3.918,100.44,2,7,6,6,0.379,0.3928
CHEMBL551440,YWWSGKYAMVMIMB-UHFFFAOYSA-N,CNC(=O)Nc1ccc(-c2nc(N3CCOCC3)c3cnn(C4CCN(Cc5cccnc5)CC4)c3n2)cc1,c1ccc(-c2nc(N3CCOCC3)c3cnn(C4CCN(Cc5cccnc5)CC4)c3n2)cc1,9.413,1,527.633,3.313,113.33,2,8,6,6,0.393,0.3928
CHEMBL602884,YXXWYUPQBRBNLU-UHFFFAOYSA-N,CNC(=O)Nc1ccc(-c2nc(N3CC4CCC(C3)O4)c3cnn(CCN(C)C)c3n2)cc1,c1ccc(-c2nc(N3CC4CCC(C3)O4)c3cn[nH]c3n2)cc1,7.84,1,450.547,2.174,100.44,2,7,6,5,0.478,0.5936
CHEMBL1098247,YYIGVVUQYWUSKX-UHFFFAOYSA-N,COC(=O)N1CCC(n2ncc3c(N4CCOCC4)nc(-c4ccc(NC(=O)Nc5ccc(CCN6CCN(C)CC6)cc5)cc4)nc32)CC1,O=C(Nc1ccc(CCN2CCNCC2)cc1)Nc1ccc(-c2nc(N3CCOCC3)c3cnn(C4CCNCC4)c3n2)cc1,9.1,1,682.83,4.167,133.22,2,10,8,7,0.472,0.2792
CHEMBL590325,YZAXUUNTFHQIHS-UHFFFAOYSA-N,O=C(Nc1ccncc1)Nc1ccc(-c2nc(N3CCOCC3)c3nnn(C4CC4)c3n2)cc1,O=C(Nc1ccncc1)Nc1ccc(-c2nc(N3CCOCC3)c3nnn(C4CC4)c3n2)cc1,9.08,1,457.498,3.099,122.98,2,8,5,6,0.304,0.4687
CHEMBL574234,ZAEPCTWTCFBKRF-UHFFFAOYSA-N,O=C(NCCF)Nc1ccc(-c2nc(N3CCOCC3)c3cnn(CC(F)(F)F)c3n2)cc1,c1ccc(-c2nc(N3CCOCC3)c3cn[nH]c3n2)cc1,9.22,1,467.427,2.983,97.2,2,6,6,4,0.4,0.5414
CHEMBL589258,ZAXFYGBKZSQBIV-UHFFFAOYSA-N,CCn1nnc2c(N3CCOCC3)nc(-c3ccc(NC(=O)Nc4ccc(C(=O)N5CCN(C)CC5)cc4)cc3)nc21,O=C(Nc1ccc(C(=O)N2CCNCC2)cc1)Nc1ccc(-c2nc(N3CCOCC3)c3nn[nH]c3n2)cc1,8.77,1,570.658,2.776,133.64,2,9,6,6,0.379,0.359
CHEMBL1241484,ZBTLTVIYBHYEHL-UHFFFAOYSA-N,CC(C)n1nc(-c2ccc(Cl)c(O)c2)c2c(N)ncnc21,c1ccc(-c2n[nH]c3ncncc23)cc1,6.89,1,303.753,3.015,89.85,2,5,2,3,0.214,0.7592
CHEMBL1092814,ZCVNAABGRHZZCS-JAIQZWGSSA-N,Cn1cc(/C=C2\Oc3cc(O)ccc3C2=O)c2c(-c3ccccc3)ccnc21,O=C1C(=Cc2c[nH]c3nccc(-c4ccccc4)c23)Oc2ccccc21,7.72,1,368.392,4.562,64.35,1,4,2,5,0.043,0.5269
CHEMBL602276,ZDYYEIJLRMPBFE-GOHCJOFJSA-N,CNC(=O)Nc1ccc(-c2nc(N3CC4CCC(C3)O4)c3cnn([C@H]4CC[C@H](OC)CC4)c3n2)cc1,c1ccc(-c2nc(N3CC4CCC(C3)O4)c3cnn(C4CCCCC4)c3n2)cc1,9.42,1,491.596,3.742,106.43,2,7,5,6,0.538,0.5599
CHEMBL601445,ZDYYEIJLRMPBFE-WHSGIHJSSA-N,CNC(=O)Nc1ccc(-c2nc(N3CC4CCC(C3)O4)c3cnn([C@H]4CC[C@@H](OC)CC4)c3n2)cc1,c1ccc(-c2nc(N3CC4CCC(C3)O4)c3cnn(C4CCCCC4)c3n2)cc1,9.48,1,491.596,3.742,106.43,2,7,5,6,0.538,0.5599
CHEMBL1091700,ZEAJNMSPEUCLGQ-MIXAMLLLSA-N,Cn1cc(/C=C2\Oc3ccc(NC(=O)Nc4cccnc4)cc3C2=O)c2c(N3CCC(C(=O)N4CCCCC4)CC3)ccnc21,O=C(Nc1cccnc1)Nc1ccc2c(c1)C(=O)C(=Cc1c[nH]c3nccc(N4CCC(C(=O)N5CCCCC5)CC4)c13)O2,7.32,1,605.699,5.457,121.69,2,7,5,7,0.324,0.29
CHEMBL1097561,ZEPNWILVDWGDCG-UHFFFAOYSA-N,CN(C)NC(=O)Nc1ccc(-c2nc(N3CCOCC3)c3cnn(C4CCN(Cc5ccccc5)CC4)c3n2)cc1,c1ccc(CN2CCC(n3ncc4c(N5CCOCC5)nc(-c5ccccc5)nc43)CC2)cc1,7.08,1,555.687,3.765,103.68,2,8,7,6,0.4,0.3325
CHEMBL567607,ZJGZMIKREDOSOI-GOSISDBHSA-N,CCNC(=O)Nc1ccc(-c2nc(N3CCOC[C@H]3C)c3cnn(C4CCN(C(=O)OCC)CC4)c3n2)cc1,c1ccc(-c2nc(N3CCOCC3)c3cnn(C4CCNCC4)c3n2)cc1,9.06,1,536.637,3.653,126.74,2,8,6,5,0.519,0.4889
CHEMBL572500,ZJGZMIKREDOSOI-SFHVURJKSA-N,CCNC(=O)Nc1ccc(-c2nc(N3CCOC[C@@H]3C)c3cnn(C4CCN(C(=O)OCC)CC4)c3n2)cc1,c1ccc(-c2nc(N3CCOCC3)c3cnn(C4CCNCC4)c3n2)cc1,8.74,1,536.637,3.653,126.74,2,8,6,5,0.519,0.4889
CHEMBL1241578,ZLMVXCGWUJXFNP-UHFFFAOYSA-N,CC(C)n1nc(-c2ccc(Br)c(O)c2)c2c(N)ncnc21,c1ccc(-c2n[nH]c3ncncc23)cc1,7.14,1,348.204,3.125,89.85,2,5,2,3,0.214,0.7427
CHEMBL593768,ZNNJFEULXHWOFQ-UHFFFAOYSA-N,Oc1cccc(-c2nc(N3CCOCC3)c3ncn(C4CCNCC4)c3n2)c1,c1ccc(-c2nc(N3CCOCC3)c3ncn(C4CCNCC4)c3n2)cc1,6.04,1,380.452,1.96,88.33,2,7,3,5,0.45,0.718
CHEMBL1091705,ZOQVYJSVLWGTGV-MNBJERMJSA-N,CN(Cc1ccncc1)C(=O)C1CCN(c2ccnc3c2c(/C=C2\Oc4ccc(NC(=O)Nc5cccnc5)cc4C2=O)cn3C)CC1,O=C(Nc1cccnc1)Nc1ccc2c(c1)C(=O)C(=Cc1c[nH]c3nccc(N4CCC(C(=O)NCc5ccncc5)CC4)c13)O2,8.03,1,642.72,5.499,134.58,2,8,7,7,0.222,0.2225
CHEMBL1089428,ZPRALLKVXGZIAY-UHFFFAOYSA-N,O=C(Nc1ccncc1)Nc1ccc(-c2nc(N3CCOCC3)c3ccn(CCN4CCCC4)c3n2)cc1,O=C(Nc1ccncc1)Nc1ccc(-c2nc(N3CCOCC3)c3ccn(CCN4CCCC4)c3n2)cc1,8.15,1,512.618,4.07,100.44,2,7,7,6,0.357,0.385
CHEMBL1091345,ZQNIPFMWTKDZHF-UHFFFAOYSA-N,CC(C)Nc1nc(-c2ccc(NC(=O)Nc3ccc(N4CCN(C)CC4)cc3)cc2)nc(N2C3CCC2COC3)n1,O=C(Nc1ccc(-c2ncnc(N3C4CCC3COC4)n2)cc1)Nc1ccc(N2CCNCC2)cc1,8.27,1,557.703,4.122,110.78,3,9,7,6,0.467,0.3951
CHEMBL565987,ZRLCNRCZZGRZFX-UHFFFAOYSA-N,CCn1ncc2c(N3CC4CCC(C3)O4)nc(-c3ccc(NC(=O)Nc4ccc(N(C)C)nc4)cc3)nc21,O=C(Nc1ccc(-c2nc(N3CC4CCC(C3)O4)c3cn[nH]c3n2)cc1)Nc1cccnc1,8.82,1,513.606,3.986,113.33,2,8,6,6,0.37,0.398
CHEMBL574680,ZUUDJPWGLNVXOA-UHFFFAOYSA-N,O=C(Nc1ccc(-c2nc(N3CCOCC3)c3cnn(CC(F)(F)F)c3n2)cc1)Nc1cccnc1,O=C(Nc1ccc(-c2nc(N3CCOCC3)c3cn[nH]c3n2)cc1)Nc1cccnc1,9.67,1,498.469,3.931,110.09,2,7,5,5,0.261,0.4291
CHEMBL1092404,ZUZKIBPSJJPLFM-UHFFFAOYSA-N,CCn1ccc2c(N3CCOCC3)nc(-c3ccc(NC(=O)Nc4ccc(C(=O)N5CCNCC5)cc4)cc3)nc21,O=C(Nc1ccc(C(=O)N2CCNCC2)cc1)Nc1ccc(-c2nc(N3CCOCC3)c3cc[nH]c3n2)cc1,9.05,1,554.655,3.644,116.65,3,7,6,6,0.333,0.3332
CHEMBL591357,ZXGQCEYIWIQYRV-UHFFFAOYSA-N,CCNC(=O)c1ccc(NC(=O)Nc2ccc(-c3nc(N4CCOCC4)c4nnn(CC)c4n3)cc2)cc1,O=C(Nc1ccccc1)Nc1ccc(-c2nc(N3CCOCC3)c3nn[nH]c3n2)cc1,9.25,1,515.578,3.139,139.19,3,8,7,5,0.308,0.3412
CHEMBL597824,ZXONVJJRRBXWDX-UHFFFAOYSA-N,O=C(Nc1ccc(C(=O)O)cc1)Nc1ccc(-c2nc(N3CCOCC3)nc(N3CCOCC3)n2)cc1,O=C(Nc1ccccc1)Nc1ccc(-c2nc(N3CCOCC3)nc(N3CCOCC3)n2)cc1,8.82,1,505.535,2.554,142.04,3,9,6,5,0.32,0.4574
CHEMBL1097896,ZZCOJCXQAHQFAH-UHFFFAOYSA-N,O=C(NCCO)Nc1ccc(-c2nc(N3CCOCC3)c3cnn(C4CCN(Cc5ccccc5)CC4)c3n2)cc1,c1ccc(CN2CCC(n3ncc4c(N5CCOCC5)nc(-c5ccccc5)nc43)CC2)cc1,9.52,1,556.671,3.281,120.67,3,8,8,6,0.4,0.3025
