compound_name,inchikey,molecule_chembl_id,activity_id,assay_chembl_id,assay_type,assay_description,target_chembl_id,target_pref_name,standard_type,standard_relation,standard_value,standard_units,pchembl_value,document_chembl_id
Rapamycin,QFJCIRLUMZQUOT-HPLJOQBZSA-N,CHEMBL413,64601,CHEMBL678159,B,Compound was tested in vitro for its ability to compete with immobilized FK506 for binding to biotinylated FK506 binding protein 12 in a competitive binding assay,CHEMBL1902,Peptidyl-prolyl cis-trans isomerase FKBP1A,IC50,=,0.6,nM,9.22,CHEMBL1131933
Rapamycin,QFJCIRLUMZQUOT-HPLJOQBZSA-N,CHEMBL413,64602,CHEMBL699874,F,Compound was tested in vitro for its ability to inhibit the proliferation of the IL-6-dependent hybridoma clone B13-29-15,CHEMBL612545,Unchecked,IC50,=,1.0,nM,9.00,CHEMBL1131933
Rapamycin,QFJCIRLUMZQUOT-HPLJOQBZSA-N,CHEMBL413,64603,CHEMBL708367,F,Compound was tested in vitro for inhibitory activity in the mixed lymphocyte reaction (MLR) assay,CHEMBL612545,Unchecked,IC50,=,1.0,nM,9.00,CHEMBL1131933
Rapamycin,QFJCIRLUMZQUOT-HPLJOQBZSA-N,CHEMBL413,402676,CHEMBL635244,A,Half life was determined,CHEMBL612558,ADMET,T1/2,=,13.0,hr,,CHEMBL1132513
Rapamycin,QFJCIRLUMZQUOT-HPLJOQBZSA-N,CHEMBL413,402677,CHEMBL677253,B,Ability to bind to FK506 binding protein via its inhibition of peptidyl prolyl cis-trans isomerase activity (PPIase) inherent to FKBP,CHEMBL612545,Unchecked,IC50,=,15.0,nM,7.82,CHEMBL1132513
Rapamycin,QFJCIRLUMZQUOT-HPLJOQBZSA-N,CHEMBL413,402678,CHEMBL740139,F,In vitro ability to inhibit lymphoproliferation (LAF) in vitro using cells from the thymus of normal BALB/c mice,CHEMBL375,Mus musculus,IC50,=,3.0,nM,8.52,CHEMBL1132513
Rapamycin,QFJCIRLUMZQUOT-HPLJOQBZSA-N,CHEMBL413,402679,CHEMBL848335,F,The activity in the LAF assay is best expressed as a ratio of the rapamycin IC50 (1-9 nM) /analogue IC50 (R/A),CHEMBL612545,Unchecked,Ratio,=,3.0,,,CHEMBL1132513
Rapamycin,QFJCIRLUMZQUOT-HPLJOQBZSA-N,CHEMBL413,402680,CHEMBL740706,F,Ability to prevent transplantation rejection in vivo in mouse skin graft model,CHEMBL375,Mus musculus,Skin Graft Survival,=,12.0,,,CHEMBL1132513
Rapamycin,QFJCIRLUMZQUOT-HPLJOQBZSA-N,CHEMBL413,447616,CHEMBL810607,F,Tested for inhibition of T cell proliferation in the co-mitogen stimulated proliferation assay,CHEMBL614309,T-cell,IC50,=,9.8,nM,8.01,CHEMBL1128753
Rapamycin,QFJCIRLUMZQUOT-HPLJOQBZSA-N,CHEMBL413,447617,CHEMBL721295,F,Mean Survival time of the graft was evaluated in murine skin allograft transplantation assay upon intraperitoneal administration of 4 mg/kg dose,CHEMBL375,Mus musculus,MST,=,12.01,day,,CHEMBL1128753
Rapamycin,QFJCIRLUMZQUOT-HPLJOQBZSA-N,CHEMBL413,483670,CHEMBL811523,F,Immunosuppressive activity was evaluated by the inhibition of human T-lymphocyte proliferation,CHEMBL372,Homo sapiens,IC50,=,0.5,nM,9.30,CHEMBL1131397
Rapamycin,QFJCIRLUMZQUOT-HPLJOQBZSA-N,CHEMBL413,644962,CHEMBL762182,B,Inhibition constant against peptidyl prolyl isomerase,CHEMBL612545,Unchecked,Ki,=,1000.0,nM,6.00,CHEMBL1127989
Rapamycin,QFJCIRLUMZQUOT-HPLJOQBZSA-N,CHEMBL413,719989,CHEMBL678141,B,Inhibitory binding activity against human Immunophilin-FK-506 binding protein 12,CHEMBL1902,Peptidyl-prolyl cis-trans isomerase FKBP1A,IC50,=,1.1,nM,8.96,CHEMBL1131619
Rapamycin,QFJCIRLUMZQUOT-HPLJOQBZSA-N,CHEMBL413,719990,CHEMBL701818,F,Inhibition of human mixed lymphocyte response (MLR),CHEMBL372,Homo sapiens,IC50,=,1.27,nM,8.90,CHEMBL1131619
Rapamycin,QFJCIRLUMZQUOT-HPLJOQBZSA-N,CHEMBL413,719991,CHEMBL781393,F,Inhibition of rat popliteal lymph node (PLN) hyperplasia when given ip,CHEMBL376,Rattus norvegicus,ED50,=,2.1,mpk/d,,CHEMBL1131619
Rapamycin,QFJCIRLUMZQUOT-HPLJOQBZSA-N,CHEMBL413,719992,CHEMBL678147,F,Inhibitory selectivity for human FK506 binding protein 12 and human mixed lymphocyte response(MLR),CHEMBL1902,Peptidyl-prolyl cis-trans isomerase FKBP1A,Selectivity,=,0.9,,,CHEMBL1131619
Rapamycin,QFJCIRLUMZQUOT-HPLJOQBZSA-N,CHEMBL413,727468,CHEMBL857515,B,Binding affinity for FK506 binding protein,CHEMBL612545,Unchecked,Ki,=,0.5,nM,9.30,CHEMBL1152083
Rapamycin,QFJCIRLUMZQUOT-HPLJOQBZSA-N,CHEMBL413,727469,CHEMBL740141,F,In vitro immunosuppressive activity by splenocyte mitogenesis assay in spleen cells from BDF1 female mice at 1 pM to 10 uM concentration,CHEMBL375,Mus musculus,IC50,=,1.0,nM,9.00,CHEMBL1152083
Rapamycin,QFJCIRLUMZQUOT-HPLJOQBZSA-N,CHEMBL413,881846,CHEMBL677281,B,The inhibitory activity by using FK506 binding protein 12 SPA binding assay,CHEMBL2842,Serine/threonine-protein kinase mTOR,IC50,=,3.467,nM,8.46,CHEMBL1132865
Rapamycin,QFJCIRLUMZQUOT-HPLJOQBZSA-N,CHEMBL413,937955,CHEMBL653950,F,In vitro antifungal activity against Candida albicans (CA 10231),CHEMBL366,Candida albicans,MIC,=,0.2,ug.mL-1,,CHEMBL1133206
Rapamycin,QFJCIRLUMZQUOT-HPLJOQBZSA-N,CHEMBL413,937956,CHEMBL657529,F,In vitro for antifungal activity against Candida albicans (CA 579a),CHEMBL366,Candida albicans,MIC,=,0.2,ug.mL-1,,CHEMBL1133206
Rapamycin,QFJCIRLUMZQUOT-HPLJOQBZSA-N,CHEMBL413,937957,CHEMBL659400,F,Compound was screened in vitro for antifungal activity against Candida albicans (CA 62376),CHEMBL366,Candida albicans,MIC,=,0.2,ug.mL-1,,CHEMBL1133206
Rapamycin,QFJCIRLUMZQUOT-HPLJOQBZSA-N,CHEMBL413,937958,CHEMBL657526,F,Compound was screened in vitro for antifungal activity against Candida albicans (CA 442),CHEMBL366,Candida albicans,MIC,=,0.2,ug.mL-1,,CHEMBL1133206
Rapamycin,QFJCIRLUMZQUOT-HPLJOQBZSA-N,CHEMBL413,937959,CHEMBL657523,F,Compound was screened in vitro for antifungal activity against Candida albicans (CA 38247),CHEMBL366,Candida albicans,MIC,=,0.2,ug.mL-1,,CHEMBL1133206
Rapamycin,QFJCIRLUMZQUOT-HPLJOQBZSA-N,CHEMBL413,937960,CHEMBL659403,F,Compound was screened in vitro for antifungal activity against Candida tropicalis (CT 750),CHEMBL366,Candida albicans,MIC,=,0.2,ug.mL-1,,CHEMBL1133206
Rapamycin,QFJCIRLUMZQUOT-HPLJOQBZSA-N,CHEMBL413,937961,CHEMBL656901,F,In vitro antifungal activity against Candida krusei (CK 28838),CHEMBL612841,Pichia kudriavzevii,MIC,=,0.78,ug.mL-1,,CHEMBL1133206
Rapamycin,QFJCIRLUMZQUOT-HPLJOQBZSA-N,CHEMBL413,937962,CHEMBL809392,F,In vitro antifungal activity against Torulopsis glabrata (TG 15545),CHEMBL612647,Nakaseomyces glabratus,MIC,<,0.1,ug.mL-1,,CHEMBL1133206
Rapamycin,QFJCIRLUMZQUOT-HPLJOQBZSA-N,CHEMBL413,937963,CHEMBL695826,F,Inhibitory activity against human concanavalin-A proliferation assay,CHEMBL372,Homo sapiens,IC50,=,1.0,nM,9.00,CHEMBL1133206
Rapamycin,QFJCIRLUMZQUOT-HPLJOQBZSA-N,CHEMBL413,937964,CHEMBL677106,B,The compound was tested for binding affinity to FK506 binding protein 12 with an ascomycin conjugate of alkaline phosphatase in a competition binding assay,CHEMBL1902,Peptidyl-prolyl cis-trans isomerase FKBP1A,IC50,=,1.6,nM,8.80,CHEMBL1133206
Rapamycin,QFJCIRLUMZQUOT-HPLJOQBZSA-N,CHEMBL413,937965,CHEMBL657524,F,In vitro antifungal activity against Candida albicans (CA 38247); Weak,CHEMBL366,Candida albicans,MIC,,,ug.mL-1,,CHEMBL1133206
Rapamycin,QFJCIRLUMZQUOT-HPLJOQBZSA-N,CHEMBL413,937966,CHEMBL659401,F,In vitro antifungal activity against Candida albicans (CA 62376); Weak,CHEMBL366,Candida albicans,MIC,,,ug.mL-1,,CHEMBL1133206
Rapamycin,QFJCIRLUMZQUOT-HPLJOQBZSA-N,CHEMBL413,937967,CHEMBL657527,F,In vitro antifungal activity against Candida albicans (CA 442); Weak,CHEMBL366,Candida albicans,MIC,,,ug.mL-1,,CHEMBL1133206
Rapamycin,QFJCIRLUMZQUOT-HPLJOQBZSA-N,CHEMBL413,937968,CHEMBL659406,F,Compound was screened in vitro for antifungal activity at a minimum inhibitory concentration (~100 ug/mL) against Cr. albicans (CrA 34140); Not affected,CHEMBL366,Candida albicans,MIC,~,100.0,ug.mL-1,,CHEMBL1133206
Rapamycin,QFJCIRLUMZQUOT-HPLJOQBZSA-N,CHEMBL413,937969,CHEMBL648773,F,In vitro antifungal activity at a minimum inhibitory concentration (~100 ug/mL) against Aspergillus niger; Not affected,CHEMBL358,Aspergillus niger,MIC,~,100.0,ug.mL-1,,CHEMBL1133206
Rapamycin,QFJCIRLUMZQUOT-HPLJOQBZSA-N,CHEMBL413,992867,CHEMBL678143,B,Compound was tested for its ability to inhibit FK506 binding protein 12 rotamase activity,CHEMBL1902,Peptidyl-prolyl cis-trans isomerase FKBP1A,Ki,=,0.2,nM,9.70,CHEMBL1131428
Rapamycin,QFJCIRLUMZQUOT-HPLJOQBZSA-N,CHEMBL413,992868,CHEMBL657255,F,In Vitro neurotrophic effect was measured in cultured chick DRG sensory neurons.,CHEMBL613109,Gallus gallus,ED50,=,0.5,nM,9.30,CHEMBL1131428
Rapamycin,QFJCIRLUMZQUOT-HPLJOQBZSA-N,CHEMBL413,1478070,CHEMBL836230,A,log (1/Km) value for human liver microsome cytochrome P450 3A4,CHEMBL340,Cytochrome P450 3A4,Log 1/Km,=,-0.9069,,,CHEMBL1142817
Rapamycin,QFJCIRLUMZQUOT-HPLJOQBZSA-N,CHEMBL413,1605332,CHEMBL881779,B,Inhibitory concentration against binding to FKBP12,CHEMBL1902,Peptidyl-prolyl cis-trans isomerase FKBP1A,IC50,=,0.45,nM,9.35,CHEMBL1143652
Rapamycin,QFJCIRLUMZQUOT-HPLJOQBZSA-N,CHEMBL413,1615020,CHEMBL881403,B,Inhibitory concentration against FKBP12 receptor,CHEMBL2842,Serine/threonine-protein kinase mTOR,IC50,=,0.45,nM,9.35,CHEMBL1143652
Rapamycin,QFJCIRLUMZQUOT-HPLJOQBZSA-N,CHEMBL413,1659907,CHEMBL871328,B,Inhibitory activity against FKBP12,CHEMBL2842,Serine/threonine-protein kinase mTOR,IC50,=,1.6,nM,8.80,CHEMBL1141950
Rapamycin,QFJCIRLUMZQUOT-HPLJOQBZSA-N,CHEMBL413,1660096,CHEMBL862732,F,T-cell antiproliferative activity in human mixed lymphocyte reaction,CHEMBL614309,T-cell,IC50,=,1.6,nM,8.80,CHEMBL1141950
Rapamycin,QFJCIRLUMZQUOT-HPLJOQBZSA-N,CHEMBL413,1660105,CHEMBL871329,F,Antiproliferative activity in Lewis rat lymph node cells in rat mixed lymphocyte reaction,CHEMBL614309,T-cell,IC50,=,2600.0,nM,5.58,CHEMBL1141950
Rapamycin,QFJCIRLUMZQUOT-HPLJOQBZSA-N,CHEMBL413,1660117,CHEMBL854314,F,Efficacy in T-cell mediated inflammatory response by delayed type hypersensitivity model in Sprague-Dawley rat,CHEMBL376,Rattus norvegicus,ED50,=,0.5,mg.kg-1,,CHEMBL1141950
Rapamycin,QFJCIRLUMZQUOT-HPLJOQBZSA-N,CHEMBL413,1660118,CHEMBL854317,F,Efficacy in CD4+ T-cell mediated experimental autoimmune encephalomyelitis model in Lewis rat,CHEMBL376,Rattus norvegicus,ED50,=,0.3,mg.kg-1,,CHEMBL1141950
Rapamycin,QFJCIRLUMZQUOT-HPLJOQBZSA-N,CHEMBL413,1660119,CHEMBL854318,F,Efficacy in T-cell mediated adjuvant arthritis model in Lewis rat,CHEMBL376,Rattus norvegicus,ED50,=,0.2,mg.kg-1,,CHEMBL1141950
Rapamycin,QFJCIRLUMZQUOT-HPLJOQBZSA-N,CHEMBL413,1660129,CHEMBL854319,A,"Half life in male Sprague-Dawley rat administered with 2.5 mg/kg, po",CHEMBL376,Rattus norvegicus,T1/2,=,33.4,hr,,CHEMBL1141950
Rapamycin,QFJCIRLUMZQUOT-HPLJOQBZSA-N,CHEMBL413,1660130,CHEMBL862631,A,"Cmax in male Sprague-Dawley rat administered with 2.5 mg/kg, po",CHEMBL376,Rattus norvegicus,Cmax,=,55.57,nM,,CHEMBL1141950
Rapamycin,QFJCIRLUMZQUOT-HPLJOQBZSA-N,CHEMBL413,1660131,CHEMBL854315,A,"Tmax in male Sprague-Dawley rat administered with 2.5 mg/kg, po",CHEMBL376,Rattus norvegicus,Tmax,=,0.5,hr,,CHEMBL1141950
Rapamycin,QFJCIRLUMZQUOT-HPLJOQBZSA-N,CHEMBL413,1660132,CHEMBL862630,A,"AUC in male Sprague-Dawley rat administered with 2.5 mg/kg, po",CHEMBL376,Rattus norvegicus,AUC,=,559.0,ng.hr.mL-1,,CHEMBL1141950
Rapamycin,QFJCIRLUMZQUOT-HPLJOQBZSA-N,CHEMBL413,1660133,CHEMBL854320,A,"Oral bioavailability in male Sprague-Dawley rat administered with 2.5 mg/kg, po",CHEMBL376,Rattus norvegicus,F,=,43.2,%,,CHEMBL1141950
Dasatinib,ZBNZXTGUTAYRHI-UHFFFAOYSA-N,CHEMBL1421,25915209,CHEMBL5526315,F,Antiproliferative activity against human KOPT-K1 cells assessed as inhibition of cell growth at 100 nM measured for 18 hrs by celltiter glo assay,CHEMBL4483252,KOPTK1,Activity,,,,,CHEMBL5523741
Dasatinib,ZBNZXTGUTAYRHI-UHFFFAOYSA-N,CHEMBL1421,25915210,CHEMBL5526316,F,Antiproliferative activity against human KOPT-K1 cells assessed as inhibition of cell growth at 100 nM measured for 160 hrs by celltiter glo assay,CHEMBL4483252,KOPTK1,Activity,,,,,CHEMBL5523741
Dasatinib,ZBNZXTGUTAYRHI-UHFFFAOYSA-N,CHEMBL1421,25915216,CHEMBL5526321,F,Downregulation of CSK in human KOPT-K1 cells measured for 6 hrs by tandem mass tag proteomic assay,CHEMBL612545,Unchecked,Activity,,,,,CHEMBL5523741
Dasatinib,ZBNZXTGUTAYRHI-UHFFFAOYSA-N,CHEMBL1421,25915218,CHEMBL5526322,F,Downregulation of CISH in human KOPT-K1 cells measured for 6 hrs by tandem mass tag proteomic assay,CHEMBL612545,Unchecked,Activity,,,,,CHEMBL5523741
Dasatinib,ZBNZXTGUTAYRHI-UHFFFAOYSA-N,CHEMBL1421,25915220,CHEMBL5526323,F,Downregulation of EPHB1 in human KOPT-K1 cells measured for 6 hrs by tandem mass tag proteomic assay,CHEMBL612545,Unchecked,Activity,,,,,CHEMBL5523741
Dasatinib,ZBNZXTGUTAYRHI-UHFFFAOYSA-N,CHEMBL1421,25922171,CHEMBL5528787,B,Inhibition of N-terminal GST-tagged recombinant full length human c-Src kinase expressed in baculovirus-infected Sf9 cells at 10 nM preincubated for 30 mins followed by HTRF buffer addition and measured after 1 hr by HTRF KinEASE-TK assay,CHEMBL267,Proto-oncogene tyrosine-protein kinase Src,Inhibition,=,99.85,%,,CHEMBL5528017
Dasatinib,ZBNZXTGUTAYRHI-UHFFFAOYSA-N,CHEMBL1421,25922194,CHEMBL5528789,F,Antiproliferative activity against human MDA-MB-231 cells assessed as inhibition of cell viability incubated for 72 hrs by CCK8 assay,CHEMBL400,MDA-MB-231,IC50,=,157.0,nM,6.80,CHEMBL5528017
Dasatinib,ZBNZXTGUTAYRHI-UHFFFAOYSA-N,CHEMBL1421,25922198,CHEMBL5528790,F,Antiproliferative activity against human MCF7 cells assessed as inhibition of cell viability incubated for 3 to 4 days by CCK8 assay,CHEMBL387,MCF7,Activity,,,,,CHEMBL5528017
Dasatinib,ZBNZXTGUTAYRHI-UHFFFAOYSA-N,CHEMBL1421,25922200,CHEMBL5528791,F,Antiproliferative activity against human A549 cells assessed as inhibition of cell viability incubated for 3 to 4 days by CCK8 assay,CHEMBL392,A549,Activity,,,,,CHEMBL5528017
Dasatinib,ZBNZXTGUTAYRHI-UHFFFAOYSA-N,CHEMBL1421,25922202,CHEMBL5528792,F,Antiproliferative activity against human 22Rv1 cells assessed as inhibition of cell viability incubated for 3 to 4 days by CCK8 assay,CHEMBL612657,CWR22R,Activity,,,,,CHEMBL5528017
Dasatinib,ZBNZXTGUTAYRHI-UHFFFAOYSA-N,CHEMBL1421,25922204,CHEMBL5528793,B,Inhibition of SRC kinase in human MDA-MB-231 cells assessed as reduction in Src phosphorylation at Tyr416 residue at 0.1 uM measured after 4 hrs by western blot analysis,CHEMBL267,Proto-oncogene tyrosine-protein kinase Src,Inhibition,,,%,,CHEMBL5528017
Dasatinib,ZBNZXTGUTAYRHI-UHFFFAOYSA-N,CHEMBL1421,25922206,CHEMBL5528794,B,Inhibition of SRC kinase in human MDA-MB-231 cells assessed as reduction in FAK phosphorylation at Tyr925 residue at 0.1 uM measured after 4 hrs by western blot analysis,CHEMBL267,Proto-oncogene tyrosine-protein kinase Src,Inhibition,,,%,,CHEMBL5528017
Dasatinib,ZBNZXTGUTAYRHI-UHFFFAOYSA-N,CHEMBL1421,25922212,CHEMBL5528799,F,Induction of cell cycle arrest in human MDA-MB-231 cells assessed as proportion of cells at G1 phase at 0.1 uM incubated for 24 hrs by propidium iodide staining based flow cytometry (Rvb = 59.5%),CHEMBL400,MDA-MB-231,Activity,=,74.5,%,,CHEMBL5528017
Dasatinib,ZBNZXTGUTAYRHI-UHFFFAOYSA-N,CHEMBL1421,25922215,CHEMBL5528800,F,Induction of cell cycle arrest in human MDA-MB-231 cells assessed as proportion of cells at S phase at 0.1 uM incubated for 24 hrs by propidium iodide staining based flow cytometry (Rvb = 28.2%),CHEMBL400,MDA-MB-231,Activity,=,15.8,%,,CHEMBL5528017
Dasatinib,ZBNZXTGUTAYRHI-UHFFFAOYSA-N,CHEMBL1421,25922218,CHEMBL5528801,F,Induction of cell cycle arrest in human MDA-MB-231 cells assessed as proportion of cells at G2 phase at 0.1 uM incubated for 24 hrs by propidium iodide staining based flow cytometry (Rvb = 11.6%),CHEMBL400,MDA-MB-231,Activity,=,7.75,%,,CHEMBL5528017
Dasatinib,ZBNZXTGUTAYRHI-UHFFFAOYSA-N,CHEMBL1421,25922224,CHEMBL5528805,F,Induction of cell cycle arrest in human MDA-MB-231 cells assessed as downregulation of cyclin B1 expression at 0.1 uM incubated for 24 hrs by western blot analysis,CHEMBL400,MDA-MB-231,Activity,,,,,CHEMBL5528017
Dasatinib,ZBNZXTGUTAYRHI-UHFFFAOYSA-N,CHEMBL1421,25922227,CHEMBL5528807,F,Induction of cell cycle arrest in human MDA-MB-231 cells assessed as increase in p21 expression at 0.1 uM incubated for 24 hrs by western blot analysis,CHEMBL400,MDA-MB-231,Activity,,,,,CHEMBL5528017
Dasatinib,ZBNZXTGUTAYRHI-UHFFFAOYSA-N,CHEMBL1421,25922229,CHEMBL5528809,F,Induction of cell cycle arrest in human MDA-MB-231 cells assessed as decrease in cyclin D1 expression at 0.1 uM incubated for 24 hrs by western blot analysis,CHEMBL400,MDA-MB-231,Activity,,,,,CHEMBL5528017
Dasatinib,ZBNZXTGUTAYRHI-UHFFFAOYSA-N,CHEMBL1421,25922233,CHEMBL5528812,F,Induction of apoptosis in human MDA-MB-231 cells assessed as proportion of viable cells at 0.5 uM incubated for 36 hrs by AnnexinV-FITC/PI staining based flow cytometry (Rvb = 93.6%),CHEMBL400,MDA-MB-231,Activity,=,80.9,%,,CHEMBL5528017
Dasatinib,ZBNZXTGUTAYRHI-UHFFFAOYSA-N,CHEMBL1421,25922236,CHEMBL5528813,F,Induction of apoptosis in human MDA-MB-231 cells assessed as proportion of early apoptotic cells at 0.5 uM incubated for 36 hrs by AnnexinV-FITC/PI staining based flow cytometry (Rvb = 5.05%),CHEMBL400,MDA-MB-231,Activity,=,14.6,%,,CHEMBL5528017
Dasatinib,ZBNZXTGUTAYRHI-UHFFFAOYSA-N,CHEMBL1421,25922239,CHEMBL5528814,F,Induction of apoptosis in human MDA-MB-231 cells assessed as proportion of late apoptotic cells at 0.5 uM incubated for 36 hrs by AnnexinV-FITC/PI staining based flow cytometry (Rvb = 1.33%),CHEMBL400,MDA-MB-231,Activity,=,4.45,%,,CHEMBL5528017
Dasatinib,ZBNZXTGUTAYRHI-UHFFFAOYSA-N,CHEMBL1421,25922242,CHEMBL5528815,F,Induction of apoptosis in human MDA-MB-231 cells assessed as proportion of necrotic cells at 0.5 uM incubated for 36 hrs by AnnexinV-FITC/PI staining based flow cytometry (Rvb = 0%),CHEMBL400,MDA-MB-231,Activity,=,0.002,%,,CHEMBL5528017
Dasatinib,ZBNZXTGUTAYRHI-UHFFFAOYSA-N,CHEMBL1421,25922252,CHEMBL5528823,F,Inhibition of cell migration in human MDA-MB-231 cells at 0.05 uM incubated for 12 hrs by wound healing assay,CHEMBL400,MDA-MB-231,Inhibition,,,%,,CHEMBL5528017
Dasatinib,ZBNZXTGUTAYRHI-UHFFFAOYSA-N,CHEMBL1421,25922255,CHEMBL5528825,F,Inhibition of cell invasion in human MDA-MB-231 cells assessed as decrease in number of invading cells at 0.1 uM incubated for 16 hrs by matrigel coated transwell assay,CHEMBL400,MDA-MB-231,Inhibition,,,%,,CHEMBL5528017
Dasatinib,ZBNZXTGUTAYRHI-UHFFFAOYSA-N,CHEMBL1421,25922261,CHEMBL5528831,F,"Antitumor activity against human MDA-MB-231 cells xenografted in NOD-SCID mouse assessed as inhibition of tumor growth at 30 mg/kg, po administered 5 days per week for 27 days",CHEMBL400,MDA-MB-231,TGI,=,44.7,%,,CHEMBL5528017
Dasatinib,ZBNZXTGUTAYRHI-UHFFFAOYSA-N,CHEMBL1421,25922263,CHEMBL5528833,B,Inhibition of SRC kinase in human MDA-MB-231 cells assessed as reduction in EGFR phosphorylation at 0.1 uM measured after 4 hrs by western blot analysis,CHEMBL267,Proto-oncogene tyrosine-protein kinase Src,Inhibition,,,%,,CHEMBL5528017
Dasatinib,ZBNZXTGUTAYRHI-UHFFFAOYSA-N,CHEMBL1421,25924664,CHEMBL5529229,F,Inhibition of TGF-beta1 induced mouse NIH3T3 cells activation assessed as reduction in collagen-I accumulation at 5 uM preincubated with TGF-beta1 followed by compound addition by immunofluorescence staining based assay,CHEMBL614822,NIH3T3,Inhibition,,,%,,CHEMBL5528029
Dasatinib,ZBNZXTGUTAYRHI-UHFFFAOYSA-N,CHEMBL1421,25924870,CHEMBL5529235,B,Inhibition of DDR1 (unknown origin),CHEMBL5319,Epithelial discoidin domain-containing receptor 1,IC50,=,26.0,nM,7.58,CHEMBL5528029
Dasatinib,ZBNZXTGUTAYRHI-UHFFFAOYSA-N,CHEMBL1421,25924877,CHEMBL5529236,B,Inhibition of DDR2 (unknown origin),CHEMBL5122,Discoidin domain-containing receptor 2,IC50,=,54.0,nM,7.27,CHEMBL5528029
Dasatinib,ZBNZXTGUTAYRHI-UHFFFAOYSA-N,CHEMBL1421,25924883,CHEMBL5529237,F,Antiproliferative activity against human A549 cells incubated for 72 hrs by MTT assay,CHEMBL392,A549,IC50,=,2550.0,nM,5.59,CHEMBL5528029
Dasatinib,ZBNZXTGUTAYRHI-UHFFFAOYSA-N,CHEMBL1421,25924889,CHEMBL5529238,F,Antiproliferative activity against human SPCA1 cells incubated for 72 hrs by MTT assay,CHEMBL612545,Unchecked,IC50,=,2460.0,nM,5.61,CHEMBL5528029
Dasatinib,ZBNZXTGUTAYRHI-UHFFFAOYSA-N,CHEMBL1421,25924895,CHEMBL5529239,F,Antiproliferative activity against human NCI-H1975 cells incubated for 72 hrs by MTT assay,CHEMBL614348,NCI-H1975,IC50,=,1260.0,nM,5.90,CHEMBL5528029
Dasatinib,ZBNZXTGUTAYRHI-UHFFFAOYSA-N,CHEMBL1421,25924897,CHEMBL5529240,F,Effect on DDR1 level in human A549 cells at 50 to 200 nM by Western blotting analysis,CHEMBL612545,Unchecked,Activity,,,,,CHEMBL5528029
Dasatinib,ZBNZXTGUTAYRHI-UHFFFAOYSA-N,CHEMBL1421,25924899,CHEMBL5529241,F,Effect on ERK1/2 level in human A549 cells at 50 to 200 nM by Western blotting analysis,CHEMBL612545,Unchecked,Activity,,,,,CHEMBL5528029
Dasatinib,ZBNZXTGUTAYRHI-UHFFFAOYSA-N,CHEMBL1421,25924901,CHEMBL5529242,F,Effect on AKT1 level in human A549 cells at 50 to 200 nM by Western blotting analysis,CHEMBL612545,Unchecked,Activity,,,,,CHEMBL5528029
Dasatinib,ZBNZXTGUTAYRHI-UHFFFAOYSA-N,CHEMBL1421,25924907,CHEMBL5529247,F,Inhibition of epithelial-to-mesenchymal transition in human A549 cells assessed as upregulation of E-cadherin protein expression at 50 to 200 nM by Western blotting analysis,CHEMBL392,A549,Inhibition,,,%,,CHEMBL5528029
Dasatinib,ZBNZXTGUTAYRHI-UHFFFAOYSA-N,CHEMBL1421,25924909,CHEMBL5529248,F,Inhibition of epithelial-to-mesenchymal transition in human A549 cells assessed as downregulation of N-cadherin protein expression at 50 to 200 nM by Western blotting analysis,CHEMBL392,A549,Inhibition,,,%,,CHEMBL5528029
Dasatinib,ZBNZXTGUTAYRHI-UHFFFAOYSA-N,CHEMBL1421,25924914,CHEMBL5529252,F,"Antitumor activity against human A549 cells xenografted in SPF BALB/c nude mouse assessed as tumor growth inhibition at 30 mg/kg, ip administered for 14 days",CHEMBL392,A549,Activity,,,,,CHEMBL5528029
Dasatinib,ZBNZXTGUTAYRHI-UHFFFAOYSA-N,CHEMBL1421,25924919,CHEMBL5529257,F,Inhibition of TGF-beta1 induced mouse NIH3T3 cells activation assessed as reduction in alpha-SMA level at 5 uM preincubated with TGF-beta1 followed by compound addition by immunofluorescence staining based assay,CHEMBL614822,NIH3T3,Inhibition,,,%,,CHEMBL5528029
Dasatinib,ZBNZXTGUTAYRHI-UHFFFAOYSA-N,CHEMBL1421,25924924,CHEMBL5529261,F,"Antifibrotic activity against bleomycin-induced C57BL/6 mouse model of pulmonary fibrosis assessed as increase in animal survival at 30 mg/kg, ip administered once daily for 21 days",CHEMBL375,Mus musculus,Activity,,,,,CHEMBL5528029
Dasatinib,ZBNZXTGUTAYRHI-UHFFFAOYSA-N,CHEMBL1421,25942155,CHEMBL5534753,B,Inhibition of MYT1 (unknown origin),CHEMBL2331044,Myelin transcription factor 1,IC50,=,226.0,nM,6.65,CHEMBL5532670
Dasatinib,ZBNZXTGUTAYRHI-UHFFFAOYSA-N,CHEMBL1421,25948605,CHEMBL5536101,F,Cytotoxicity against human ASPC1 cells harboring KRAS G12D mutant assessed as inhibition of cell growth,CHEMBL612588,ASPC1,IC50,=,3300.0,nM,5.48,CHEMBL5532711
Dasatinib,ZBNZXTGUTAYRHI-UHFFFAOYSA-N,CHEMBL1421,25948616,CHEMBL5536102,F,Cytotoxicity against human SNU-449 cells assessed as inhibition of cell growth,CHEMBL1075585,SNU-449,IC50,,,,,CHEMBL5532711
Dasatinib,ZBNZXTGUTAYRHI-UHFFFAOYSA-N,CHEMBL1421,25948627,CHEMBL5536103,F,Cytotoxicity against human MCF7 cells assessed as inhibition of cell growth,CHEMBL387,MCF7,IC50,>,10000.0,nM,,CHEMBL5532711
Dasatinib,ZBNZXTGUTAYRHI-UHFFFAOYSA-N,CHEMBL1421,25951868,CHEMBL5537225,F,Antiviral activity against SARS-CoV-2 NRC-03-nhCoV infected in african green monkey Vero E6 cells assessed as inhibition of virus-induced cytopathic effect measured after 72 hrs by crystal violet staining based assay,CHEMBL4303835,SARS-CoV-2,EC50,=,2100.0,nM,5.68,CHEMBL5537108
Dasatinib,ZBNZXTGUTAYRHI-UHFFFAOYSA-N,CHEMBL1421,25951869,CHEMBL5537226,F,Antiviral activity against MERS-CoV infected in african green monkey Vero E6,CHEMBL4296578,Middle East respiratory syndrome-related coronavirus,EC50,=,5400.0,nM,5.27,CHEMBL5537108
Dasatinib,ZBNZXTGUTAYRHI-UHFFFAOYSA-N,CHEMBL1421,25969034,CHEMBL5541846,B,Inhibition of AKT phosphorylation in human Osimertinib-resistant NCI-H1975 cell (AZDR) at 1 uM incubated for 24 hrs by Western blot analysis,CHEMBL2111353,Serine/threonine-protein kinase AKT,Inhibition,,,%,,CHEMBL5537206
Dasatinib,ZBNZXTGUTAYRHI-UHFFFAOYSA-N,CHEMBL1421,25969037,CHEMBL5541848,F,Induction of apoptosis in human human Osimertinib-resistant NCI-H1975 cell (AZDR) assessed as early apoptotic cells at 1 uM incubated for 24 hrs by Annexin V and propidium iodide staining based flow cytometry analysis (Rvb = 3.38%),CHEMBL6066797,Osimertinib-resistant NCI-H1975 cell,Activity,=,10.2,%,,CHEMBL5537206
Dasatinib,ZBNZXTGUTAYRHI-UHFFFAOYSA-N,CHEMBL1421,25969042,CHEMBL5541851,F,Induction of apoptosis in human human Osimertinib-resistant NCI-H1975 cell (AZDR) assessed as late apoptotic cells at 1 uM incubated for 24 hrs by Annexin V and propidium iodide staining based flow cytometry analysis (Rvb = 1.06%),CHEMBL6066797,Osimertinib-resistant NCI-H1975 cell,Activity,=,7.4,%,,CHEMBL5537206
Dasatinib,ZBNZXTGUTAYRHI-UHFFFAOYSA-N,CHEMBL1421,25969045,CHEMBL5541853,F,Induction of apoptosis in human human Osimertinib-resistant NCI-H1975 cell (AZDR) assessed as early apoptotic cells at 1 uM incubated for 24 hrs in presence of osimertinib by Annexin V and propidium iodide staining based flow cytometry analysis (Rvb = 3.38%),CHEMBL6066797,Osimertinib-resistant NCI-H1975 cell,Activity,=,19.6,%,,CHEMBL5537206
Quercetin,REFJWTPEDVJJIY-UHFFFAOYSA-N,CHEMBL50,59656,CHEMBL647989,B,Inhibition of ALR2 (aldose reductase) of bovine lens,CHEMBL3081,Aldo-keto reductase family 1 member B1,IC50,=,32870.0,nM,4.48,CHEMBL1132271
Quercetin,REFJWTPEDVJJIY-UHFFFAOYSA-N,CHEMBL50,59657,CHEMBL647988,B,The compound was tested for Inhibitory effect against ALR1 in bovine kidneys,CHEMBL3081,Aldo-keto reductase family 1 member B1,IC50,=,10340.0,nM,4.99,CHEMBL1132271
Quercetin,REFJWTPEDVJJIY-UHFFFAOYSA-N,CHEMBL50,59658,CHEMBL848139,B,Compound was tested for Ratio of IC50(ALR1)/(ALR2),CHEMBL612545,Unchecked,Ratio,=,0.3,,,CHEMBL1132271
Quercetin,REFJWTPEDVJJIY-UHFFFAOYSA-N,CHEMBL50,99646,CHEMBL642975,B,In vitro inhibitory activity against aldose reductase (ALR2) from rat lens extraction.,CHEMBL2622,Aldo-keto reductase family 1 member B1,IC50,=,8320.0,nM,5.08,CHEMBL1136757
Quercetin,REFJWTPEDVJJIY-UHFFFAOYSA-N,CHEMBL50,99647,CHEMBL642975,B,In vitro inhibitory activity against aldose reductase (ALR2) from rat lens extraction.,CHEMBL2622,Aldo-keto reductase family 1 member B1,IC50,=,7810.0,nM,5.11,CHEMBL1136757
Quercetin,REFJWTPEDVJJIY-UHFFFAOYSA-N,CHEMBL50,99648,CHEMBL644880,B,In vitro inhibitory activity against aldehyde reductase 1 (ALR1) from rat kidney.,CHEMBL3871,Aldo-keto reductase family 1 member A1,IC50,=,2320.0,nM,5.63,CHEMBL1136757
Quercetin,REFJWTPEDVJJIY-UHFFFAOYSA-N,CHEMBL50,99649,CHEMBL803972,B,In vitro inhibitory activity against sorbitol dehydrogenase (SD) from sheep liver,CHEMBL2275,Sorbitol dehydrogenase,IC50,=,35600.0,nM,4.45,CHEMBL1136757
Quercetin,REFJWTPEDVJJIY-UHFFFAOYSA-N,CHEMBL50,99650,CHEMBL681072,B,In vitro inhibitory activity against glutathione reductase (GR) from bakers yeast,CHEMBL4119,Glutathione reductase,IC50,=,48800.0,nM,4.31,CHEMBL1136757
Quercetin,REFJWTPEDVJJIY-UHFFFAOYSA-N,CHEMBL50,101430,CHEMBL729215,F,Evaluated for the antioxidant property by measuring the inhibition of microsomal lipid peroxidation,CHEMBL612545,Unchecked,IC50,=,950.0,nM,6.02,CHEMBL1134424
Quercetin,REFJWTPEDVJJIY-UHFFFAOYSA-N,CHEMBL50,194565,CHEMBL644746,B,Inhibition of cell surface aminopeptidase N (APN/CD13) at 0.3*10e-3 M compound concentration,CHEMBL2590,Aminopeptidase N,Inhibition,=,73.0,%,,CHEMBL1145072
Quercetin,REFJWTPEDVJJIY-UHFFFAOYSA-N,CHEMBL50,194566,CHEMBL752823,B,Inhibition of neutral endopeptidase (NEP/CD13) at 0.3*10e-3 M compound concentration,CHEMBL3369,Neprilysin,Inhibition,=,49.0,%,,CHEMBL1145072
Quercetin,REFJWTPEDVJJIY-UHFFFAOYSA-N,CHEMBL50,198793,CHEMBL615603,F,Cytotoxic effect on 3T3 cells,CHEMBL614822,NIH3T3,IC50,=,39500.0,nM,4.40,CHEMBL1127530
Quercetin,REFJWTPEDVJJIY-UHFFFAOYSA-N,CHEMBL50,198794,CHEMBL645945,F,Cytotoxic effect on v-abl transformed murine ANN-1 cells,CHEMBL614520,ANN-1,IC50,=,32500.0,nM,4.49,CHEMBL1127530
Quercetin,REFJWTPEDVJJIY-UHFFFAOYSA-N,CHEMBL50,198795,CHEMBL709129,F,Cytotoxic effect on MCF-7 human breast carcinoma cells,CHEMBL387,MCF7,IC50,=,24000.0,nM,4.62,CHEMBL1127530
Quercetin,REFJWTPEDVJJIY-UHFFFAOYSA-N,CHEMBL50,198796,CHEMBL819660,F,Cytotoxic effect on WiDr human colon cells,CHEMBL614647,WiDr,IC50,=,40200.0,nM,4.40,CHEMBL1127530
Quercetin,REFJWTPEDVJJIY-UHFFFAOYSA-N,CHEMBL50,198797,CHEMBL675518,F,Inhibition of epidermal growth factor (EGF) receptor from A431 cell membranes at 150 uM,CHEMBL3608,Epidermal growth factor receptor,Inhibition,=,30.0,%,,CHEMBL1127530
Quercetin,REFJWTPEDVJJIY-UHFFFAOYSA-N,CHEMBL50,198798,CHEMBL675516,F,Inhibition of epidermal growth factor (EGF) receptor from A431 cell membranes at 150 uM,CHEMBL3608,Epidermal growth factor receptor,Inhibition,=,25.0,%,,CHEMBL1127530
Quercetin,REFJWTPEDVJJIY-UHFFFAOYSA-N,CHEMBL50,198799,CHEMBL676234,F,Cytotoxic effect on EGF-receptor overexpressing HN5 squamous carcinoma cells,CHEMBL203,Epidermal growth factor receptor,IC50,=,190000.0,nM,,CHEMBL1127530
Quercetin,REFJWTPEDVJJIY-UHFFFAOYSA-N,CHEMBL50,198800,CHEMBL685358,F,Inhibition of EGF-induced mitogenesis in human foreskin fibroblasts,CHEMBL614071,HFF,IC50,=,46000.0,nM,4.34,CHEMBL1127530
Quercetin,REFJWTPEDVJJIY-UHFFFAOYSA-N,CHEMBL50,198801,CHEMBL683591,F,Inhibition of EGF-induced mitogenesis in human foreskin fibroblasts,CHEMBL614071,HFF,IC50,=,28000.0,nM,4.55,CHEMBL1127530
Quercetin,REFJWTPEDVJJIY-UHFFFAOYSA-N,CHEMBL50,198802,CHEMBL700638,F,Inhibition of PDGF-induced mitogenesis in human foreskin fibroblasts,CHEMBL614071,HFF,IC50,=,100000.0,nM,4.00,CHEMBL1127530
Quercetin,REFJWTPEDVJJIY-UHFFFAOYSA-N,CHEMBL50,247235,CHEMBL619999,B,In vitro inhibition of 5-lipoxygenase (5-lo) from the 20000 g supernatant of RBI-1 cells,CHEMBL312,Polyunsaturated fatty acid 5-lipoxygenase,IC50,=,300.0,nM,6.52,CHEMBL1125582
Quercetin,REFJWTPEDVJJIY-UHFFFAOYSA-N,CHEMBL50,276951,CHEMBL645597,B,Evaluated for inhibition of Aldose reductase 2,CHEMBL3081,Aldo-keto reductase family 1 member B1,IC50,=,39900.0,nM,4.40,CHEMBL1129380
Quercetin,REFJWTPEDVJJIY-UHFFFAOYSA-N,CHEMBL50,276952,CHEMBL644882,B,Inhibition of Aldehyde reductase 2,CHEMBL3081,Aldo-keto reductase family 1 member B1,IC50,=,10300.0,nM,4.99,CHEMBL1129380
Quercetin,REFJWTPEDVJJIY-UHFFFAOYSA-N,CHEMBL50,276953,CHEMBL803029,B,Inhibition of sorbitol dehydrogenase from sheep liver (40 U/mg of protein),CHEMBL2275,Sorbitol dehydrogenase,IC50,=,177000.0,nM,,CHEMBL1129380
Quercetin,REFJWTPEDVJJIY-UHFFFAOYSA-N,CHEMBL50,276954,CHEMBL681067,B,Inhibition of Glutathione reductase,CHEMBL2755,"Glutathione reductase, mitochondrial",IC50,=,218000.0,nM,,CHEMBL1129380
Quercetin,REFJWTPEDVJJIY-UHFFFAOYSA-N,CHEMBL50,301511,CHEMBL644300,B,Inhibitory concentration to aldose reductase (ALR-2) obtained from rat lens,CHEMBL2622,Aldo-keto reductase family 1 member B1,IC50,=,7810.0,nM,5.11,CHEMBL1134301
Quercetin,REFJWTPEDVJJIY-UHFFFAOYSA-N,CHEMBL50,354884,CHEMBL661229,A,Binding affinity towards cytochrome P450 2C9,CHEMBL3397,Cytochrome P450 2C9,Ki,=,27000.0,nM,4.57,CHEMBL1148414
Quercetin,REFJWTPEDVJJIY-UHFFFAOYSA-N,CHEMBL50,367173,CHEMBL638658,B,The compound was evaluated for in Vitro binding of AFB1 to DNA in rat liver microsomes; Pre-incubation time being 10 mins,CHEMBL2697,Aldo-keto reductase family 7 member A3,Inhibition,=,5.7,%,,CHEMBL1135327
Quercetin,REFJWTPEDVJJIY-UHFFFAOYSA-N,CHEMBL50,367174,CHEMBL638659,B,The compound was evaluated for in Vitro binding of AFB1 to DNA in rat liver microsomes; Pre-incubation time being 20 mins,CHEMBL2697,Aldo-keto reductase family 7 member A3,Inhibition,=,5.2,%,,CHEMBL1135327
Quercetin,REFJWTPEDVJJIY-UHFFFAOYSA-N,CHEMBL50,367175,CHEMBL638660,B,The compound was evaluated for in Vitro binding of AFB1 to DNA in rat liver microsomes; Pre-incubation time being 30 mins,CHEMBL2697,Aldo-keto reductase family 7 member A3,Inhibition,=,6.2,%,,CHEMBL1135327
Quercetin,REFJWTPEDVJJIY-UHFFFAOYSA-N,CHEMBL50,367176,CHEMBL795780,F,Influence (5 uM) on transacetylase catalyzed time dependent activation of NADPH cytochrome C reductase at pre-incubation time being 5 mins,CHEMBL376,Rattus norvegicus,Activation,=,3.7,%,,CHEMBL1135327
Quercetin,REFJWTPEDVJJIY-UHFFFAOYSA-N,CHEMBL50,367177,CHEMBL795778,F,Influence (5 uM) on transacetylase catalyzed time dependent activation of NADPH cytochrome C reductase at pre-incubation time being 10 mins,CHEMBL376,Rattus norvegicus,Activation,=,3.3,%,,CHEMBL1135327
Quercetin,REFJWTPEDVJJIY-UHFFFAOYSA-N,CHEMBL50,367178,CHEMBL883325,F,Influence (5 uM) on transacetylase catalyzed time dependent activation of NADPH cytochrome C reductase at pre-incubation time being 20 mins,CHEMBL376,Rattus norvegicus,Activation,=,5.4,%,,CHEMBL1135327
Quercetin,REFJWTPEDVJJIY-UHFFFAOYSA-N,CHEMBL50,367179,CHEMBL795779,F,Influence (5 uM) on transacetylase catalyzed time dependent activation of NADPH cytochrome C reductase at pre-incubation time being 30 mins,CHEMBL376,Rattus norvegicus,Activation,=,5.7,%,,CHEMBL1135327
Quercetin,REFJWTPEDVJJIY-UHFFFAOYSA-N,CHEMBL50,367180,CHEMBL797455,F,Effect of compound on AFB1-induced micronuclei formation in rat bone marrow cells (Activity: Micronucleated cells/1000 cells),CHEMBL376,Rattus norvegicus,Activity,=,2.0,,,CHEMBL1135327
Quercetin,REFJWTPEDVJJIY-UHFFFAOYSA-N,CHEMBL50,367181,CHEMBL797456,F,Effect of compound on AFB1-induced micronuclei formation in rat bone marrow cells in the presence of AFB1 (Activity: Micronucleated cells/1000 cells),CHEMBL376,Rattus norvegicus,Activity,=,6.0,,,CHEMBL1135327
Quercetin,REFJWTPEDVJJIY-UHFFFAOYSA-N,CHEMBL50,369072,CHEMBL644306,B,In vitro inhibitory activity against Aldose reductase from rat lens,CHEMBL2622,Aldo-keto reductase family 1 member B1,IC50,=,7700.0,nM,5.11,CHEMBL1125790
Quercetin,REFJWTPEDVJJIY-UHFFFAOYSA-N,CHEMBL50,369073,CHEMBL702216,B,In vitro inhibitory activity against L-Hexonate Dehydrogenase from rat kidney,CHEMBL2622,Aldo-keto reductase family 1 member B1,IC50,=,1000.0,nM,6.00,CHEMBL1125790
Quercetin,REFJWTPEDVJJIY-UHFFFAOYSA-N,CHEMBL50,369074,CHEMBL851664,B,Selectivity as ratio of IC50 for rat lens and kidney aldose reductase,CHEMBL2622,Aldo-keto reductase family 1 member B1,Selectivity quotient,=,7.7,,,CHEMBL1125790
Quercetin,REFJWTPEDVJJIY-UHFFFAOYSA-N,CHEMBL50,413521,CHEMBL792130,F,Mutagenicity evaluated by calculating number of revertants using Salmonella Typhimurium strain TA 98 (0.25 mg/plate) without S9 mix from rat liver,CHEMBL376,Rattus norvegicus,Revertants/plate,=,1100.0,,,CHEMBL1125251
Quercetin,REFJWTPEDVJJIY-UHFFFAOYSA-N,CHEMBL50,413522,CHEMBL794008,F,Compound was evaluated for the mutagenicity by calculating number of revertants using Salmonella Typhimurium strain TA 98 (0.25 mg/plate) with S9 mix from rat liver; Toxic concentration,CHEMBL376,Rattus norvegicus,Revertants/plate,=,,,,CHEMBL1125251
Quercetin,REFJWTPEDVJJIY-UHFFFAOYSA-N,CHEMBL50,413523,CHEMBL792125,F,Mutagenicity evaluated by calculating number of revertants using Salmonella Typhimurium strain TA 100 (0.25 mg/plate) without S9 mix from rat liver according to the plate incorporation assay.,CHEMBL376,Rattus norvegicus,Revertants/plate,=,589.0,,,CHEMBL1125251
Quercetin,REFJWTPEDVJJIY-UHFFFAOYSA-N,CHEMBL50,413524,CHEMBL792124,F,Mutagenicity evaluated by calculating number of revertants using Salmonella Typhimurium strain TA 100 (0.25 mg/plate) with S9 mix from rat liver; Toxic concentration,CHEMBL376,Rattus norvegicus,Revertants/plate,=,,,,CHEMBL1125251
Quercetin,REFJWTPEDVJJIY-UHFFFAOYSA-N,CHEMBL50,413525,CHEMBL794438,F,Mutagenicity evaluated by calculating number of revertants using Salmonella Typhimurium strain TA 98 (2.5 mg/plate) without S9 mix from rat liver according to the plate incorporation assay; Toxic concentration,CHEMBL376,Rattus norvegicus,Revertants/plate,=,,,,CHEMBL1125251
Quercetin,REFJWTPEDVJJIY-UHFFFAOYSA-N,CHEMBL50,413526,CHEMBL791533,F,Compound was evaluated for the mutagenicity by calculating number of revertants using Salmonella Typhimurium strain TA 98 (2.5 mg/plate) with S9 mix from rat liver; Toxic concentration,CHEMBL376,Rattus norvegicus,Revertants/plate,=,,,,CHEMBL1125251
Quercetin,REFJWTPEDVJJIY-UHFFFAOYSA-N,CHEMBL50,413527,CHEMBL792129,F,Mutagenicity evaluated by calculating number of revertants using Salmonella Typhimurium strain TA 100 (2.5 mg/plate) without S9 mix from rat liver; Toxic concentration,CHEMBL376,Rattus norvegicus,Revertants/plate,=,,,,CHEMBL1125251
Quercetin,REFJWTPEDVJJIY-UHFFFAOYSA-N,CHEMBL50,413528,CHEMBL792127,F,Mutagenicity evaluated by calculating number of revertants using Salmonella Typhimurium strain TA 100 (2.5 mg/plate) with S9 mix from rat liver; Toxic concentration,CHEMBL376,Rattus norvegicus,Revertants/plate,=,,,,CHEMBL1125251
Quercetin,REFJWTPEDVJJIY-UHFFFAOYSA-N,CHEMBL50,483148,CHEMBL781694,F,In vitro inhibition of LTB4 production was measured in rat blood,CHEMBL312,Polyunsaturated fatty acid 5-lipoxygenase,IC50,=,10000.0,nM,5.00,CHEMBL1125845
Quercetin,REFJWTPEDVJJIY-UHFFFAOYSA-N,CHEMBL50,483149,CHEMBL781696,F,In vitro inhibition of PGE-2 production was measured in rat blood,CHEMBL2095157,Cyclooxygenase,IC50,=,50000.0,nM,4.30,CHEMBL1125845
Fisetin,XHEFDIBZLJXQHF-UHFFFAOYSA-N,CHEMBL31574,487463,CHEMBL784961,F,Inhibitory effect on the oxidative degradation of membrane lipids (lipid peroxidation assay) in microsomes of rat.,CHEMBL376,Rattus norvegicus,IC50,=,200.0,nM,6.70,CHEMBL1133084
Fisetin,XHEFDIBZLJXQHF-UHFFFAOYSA-N,CHEMBL31574,487464,CHEMBL849529,F,Antioxidant activity was determined using trolox equivalent antioxidant capacity assay.,CHEMBL3879801,NON-PROTEIN TARGET,Activity,=,5.6,mM,,CHEMBL1133084
Fisetin,XHEFDIBZLJXQHF-UHFFFAOYSA-N,CHEMBL31574,963901,CHEMBL702098,B,IC50 was measured as concentration required to inhibit 50% of HIV-integrase cleavage,CHEMBL3471,Human immunodeficiency virus type 1 integrase,IC50,=,28400.0,nM,4.55,CHEMBL1128265
Fisetin,XHEFDIBZLJXQHF-UHFFFAOYSA-N,CHEMBL31574,963902,CHEMBL702099,B,IC50 was measured as concentration required to inhibit 50% of HIV-integrase integration,CHEMBL3471,Human immunodeficiency virus type 1 integrase,IC50,=,8500.0,nM,5.07,CHEMBL1128265
Fisetin,XHEFDIBZLJXQHF-UHFFFAOYSA-N,CHEMBL31574,1005426,CHEMBL749609,F,In vitro cytotoxic potency against NCI-60 human tumor cell line,CHEMBL614194,Panel NCI-60 (60 carcinoma cell lines),GI50,=,18000.0,nM,,CHEMBL1130998
Fisetin,XHEFDIBZLJXQHF-UHFFFAOYSA-N,CHEMBL31574,1158688,CHEMBL687258,B,In vitro antibacterial activity was determined as inhibitory concentration causing 50% DNA-gyrase supercoiling inhibition (SCI),CHEMBL2094139,DNA gyrase,IC50,=,83.3,ug.mL-1,,CHEMBL1127182
Fisetin,XHEFDIBZLJXQHF-UHFFFAOYSA-N,CHEMBL31574,1158689,CHEMBL687375,B,Concentration facilitating 50% of the maximum of the cleavable complex,CHEMBL3396,DNA topoisomerase 2-beta,CC50,=,76.3,ug.mL-1,,CHEMBL1127182
Fisetin,XHEFDIBZLJXQHF-UHFFFAOYSA-N,CHEMBL31574,1158690,CHEMBL682907,F,Tested for antibacterial activity as minimum inhibitory concentration against Escherichia coli-ss in the absence of polymyxin B nonapeptide (PBMN) at 0 ug/mL,CHEMBL354,Escherichia coli,MIC,=,62.5,ug.mL-1,,CHEMBL1127182
Fisetin,XHEFDIBZLJXQHF-UHFFFAOYSA-N,CHEMBL31574,1158691,CHEMBL682908,F,Tested for antibacterial activity as minimum inhibitory concentration against Escherichia coli-ss in the presence of polymyxin B nonapeptide (PBMN) at 1 ug/mL,CHEMBL354,Escherichia coli,MIC,=,3.9,ug.mL-1,,CHEMBL1127182
Fisetin,XHEFDIBZLJXQHF-UHFFFAOYSA-N,CHEMBL31574,1158692,CHEMBL800634,F,Tested for antibacterial activity as minimum inhibitory concentration against Salmonella Typhimurium 701 in the absence of polymyxin B nonapeptide (PBMN) at 0 ug/mL,CHEMBL351,Salmonella typhimurium,MIC,>,125.0,ug.mL-1,,CHEMBL1127182
Fisetin,XHEFDIBZLJXQHF-UHFFFAOYSA-N,CHEMBL31574,1158693,CHEMBL800635,F,Tested for antibacterial activity as minimum inhibitory concentration against Salmonella Typhimurium 701 in the presence of polymyxin B nonapeptide (PBMN) at 1 ug/mL,CHEMBL351,Salmonella typhimurium,MIC,=,31.25,ug.mL-1,,CHEMBL1127182
Fisetin,XHEFDIBZLJXQHF-UHFFFAOYSA-N,CHEMBL31574,1158694,CHEMBL771164,F,Tested for antibacterial activity as minimum inhibitory concentration against Pseudomonas maltophilia 1057 in the presence of polymyxin B nonapeptide (PBMN) at 0 ug/mL,CHEMBL612366,Stenotrophomonas maltophilia,MIC,>,125.0,ug.mL-1,,CHEMBL1127182
Fisetin,XHEFDIBZLJXQHF-UHFFFAOYSA-N,CHEMBL31574,1158695,CHEMBL771165,F,Tested for antibacterial activity as minimum inhibitory concentration against Pseudomonas maltophilia 1057 in the presence of polymyxin B nonapeptide (PBMN) at 1 ug/mL,CHEMBL612366,Stenotrophomonas maltophilia,MIC,>,125.0,ug.mL-1,,CHEMBL1127182
Fisetin,XHEFDIBZLJXQHF-UHFFFAOYSA-N,CHEMBL31574,1158696,CHEMBL678554,F,Tested for antibacterial activity as minimum inhibitory concentration against Escherichia coli KL-16 in the absence of polymyxin B nonapeptide (PBMN) at 0 ug/mL,CHEMBL354,Escherichia coli,MIC,>,125.0,ug.mL-1,,CHEMBL1127182
Fisetin,XHEFDIBZLJXQHF-UHFFFAOYSA-N,CHEMBL31574,1158697,CHEMBL678555,F,Tested for antibacterial activity as minimum inhibitory concentration against Escherichia coli KL-16 in the presence of polymyxin B nonapeptide (PBMN) at 1 ug/mL,CHEMBL354,Escherichia coli,MIC,=,15.6,ug.mL-1,,CHEMBL1127182
Fisetin,XHEFDIBZLJXQHF-UHFFFAOYSA-N,CHEMBL31574,1158698,CHEMBL807179,F,Tested for antibacterial activity as minimum inhibitory concentration against Staphylococcus epidermidis strain OC2603,CHEMBL353,Staphylococcus epidermidis,MIC,>,125.0,ug.mL-1,,CHEMBL1127182
Fisetin,XHEFDIBZLJXQHF-UHFFFAOYSA-N,CHEMBL31574,1158699,CHEMBL808643,F,Tested for antibacterial activity as minimum inhibitory concentration against Staphylococcus aureus strain OC6538,CHEMBL352,Staphylococcus aureus,MIC,>,125.0,ug.mL-1,,CHEMBL1127182
Fisetin,XHEFDIBZLJXQHF-UHFFFAOYSA-N,CHEMBL31574,1162795,CHEMBL684310,B,Inhibition constant of compound against binding of Yeast Glyoxalase I,CHEMBL2424,Lactoylglutathione lyase,Ki,=,13182.57,nM,4.88,CHEMBL1124156
Fisetin,XHEFDIBZLJXQHF-UHFFFAOYSA-N,CHEMBL31574,1407652,CHEMBL876996,B,Inhibition of Cyclin-dependent kinase 5-p25nck5a,CHEMBL1907600,Cyclin-dependent kinase 5/CDK5 activator 1,IC50,=,570.0,nM,6.24,CHEMBL1141883
Fisetin,XHEFDIBZLJXQHF-UHFFFAOYSA-N,CHEMBL31574,1407653,CHEMBL832848,B,Inhibition of cyclin-dependent kinase 1/cyclinB,CHEMBL2094127,Cyclin-dependent kinase 1/cyclin B,IC50,=,790.0,nM,6.10,CHEMBL1141883
Fisetin,XHEFDIBZLJXQHF-UHFFFAOYSA-N,CHEMBL31574,1407654,CHEMBL832923,B,Inhibition of human cyclin-dependent kinase 6 complex with a virus-encoded cyclin from herpesvirus saimiri (Vcyclin),CHEMBL2508,Cyclin-dependent kinase 6,IC50,=,850.0,nM,6.07,CHEMBL1141883
Fisetin,XHEFDIBZLJXQHF-UHFFFAOYSA-N,CHEMBL31574,1407655,CHEMBL832706,B,Inhibition of glycogen synthase kinase 3,CHEMBL2095188,Glycogen synthase kinase-3,IC50,=,420.0,nM,6.38,CHEMBL1141883
Fisetin,XHEFDIBZLJXQHF-UHFFFAOYSA-N,CHEMBL31574,1655413,CHEMBL862675,B,Inhibitory activity against PIM1 at 1 uM,CHEMBL2147,Serine/threonine-protein kinase pim-1,Activity,=,0.0,%,,CHEMBL1141212
Fisetin,XHEFDIBZLJXQHF-UHFFFAOYSA-N,CHEMBL31574,1655415,CHEMBL862676,B,Inhibitory activity against PIM1 at 10 uM,CHEMBL2147,Serine/threonine-protein kinase pim-1,Activity,=,0.0,%,,CHEMBL1141212
Fisetin,XHEFDIBZLJXQHF-UHFFFAOYSA-N,CHEMBL31574,1719473,CHEMBL859169,B,Inhibition of FabZ,CHEMBL4512,Fatty acid synthase,IC50,=,2000.0,nM,5.70,CHEMBL1148505
Fisetin,XHEFDIBZLJXQHF-UHFFFAOYSA-N,CHEMBL31574,1719474,CHEMBL859170,B,Inhibition of FabI,CHEMBL4150,Enoyl-acyl-carrier protein reductase,IC50,=,1000.0,nM,6.00,CHEMBL1148505
Fisetin,XHEFDIBZLJXQHF-UHFFFAOYSA-N,CHEMBL31574,1719475,CHEMBL859171,B,Inhibition of FabG,CHEMBL4513,3-oxoacyl-acyl-carrier protein reductase,IC50,=,4100.0,nM,5.39,CHEMBL1148505
Fisetin,XHEFDIBZLJXQHF-UHFFFAOYSA-N,CHEMBL31574,1719476,CHEMBL859172,F,Antiplasmodial activity against chloroquine-sensitive Plasmodium falciparum NF54,CHEMBL364,Plasmodium falciparum,IC50,=,8200.0,nM,5.09,CHEMBL1148505
Fisetin,XHEFDIBZLJXQHF-UHFFFAOYSA-N,CHEMBL31574,1719477,CHEMBL859173,F,Antiplasmodial activity against chloroquine-resistant Plasmodium falciparum K1,CHEMBL364,Plasmodium falciparum,IC50,=,6500.0,nM,5.19,CHEMBL1148505
Fisetin,XHEFDIBZLJXQHF-UHFFFAOYSA-N,CHEMBL31574,1933170,CHEMBL891544,F,Antioxidant activity assessed as DPPH radical scavenging activity after 20 min,CHEMBL613712,Radical scavenging activity,IC25,=,7.9,uM,,CHEMBL1146339
Fisetin,XHEFDIBZLJXQHF-UHFFFAOYSA-N,CHEMBL31574,1933171,CHEMBL891544,F,Antioxidant activity assessed as DPPH radical scavenging activity after 20 min,CHEMBL613712,Radical scavenging activity,pIC25,=,-0.9,,,CHEMBL1146339
Fisetin,XHEFDIBZLJXQHF-UHFFFAOYSA-N,CHEMBL31574,1933218,CHEMBL891545,F,Antioxidant activity assessed as inhibition of superoxide production by xanthine/xanthine oxidase method,CHEMBL3879801,NON-PROTEIN TARGET,IC25,=,2.7,uM,,CHEMBL1146339
Fisetin,XHEFDIBZLJXQHF-UHFFFAOYSA-N,CHEMBL31574,1933321,CHEMBL891546,F,Antioxidant activity in BALB/c mouse BM cells assessed as inhibition of ROS production,CHEMBL3879801,NON-PROTEIN TARGET,IC25,=,31.0,uM,,CHEMBL1146339
Fisetin,XHEFDIBZLJXQHF-UHFFFAOYSA-N,CHEMBL31574,1933322,CHEMBL891546,F,Antioxidant activity in BALB/c mouse BM cells assessed as inhibition of ROS production,CHEMBL3879801,NON-PROTEIN TARGET,pIC25,=,-1.49,,,CHEMBL1146339
Fisetin,XHEFDIBZLJXQHF-UHFFFAOYSA-N,CHEMBL31574,1963779,CHEMBL897015,B,Inhibition of CDK2,CHEMBL301,Cyclin-dependent kinase 2,IC50,=,5000.0,nM,5.30,CHEMBL1148833
Fisetin,XHEFDIBZLJXQHF-UHFFFAOYSA-N,CHEMBL31574,2046498,CHEMBL924094,B,Inhibition of 12-hLO,CHEMBL3687,Polyunsaturated fatty acid lipoxygenase ALOX12,IC50,=,950.0,nM,6.02,CHEMBL1140486
Fisetin,XHEFDIBZLJXQHF-UHFFFAOYSA-N,CHEMBL31574,2046548,CHEMBL924095,B,Inhibition of 15-hLO1,CHEMBL2903,Polyunsaturated fatty acid lipoxygenase ALOX15,IC50,=,1400.0,nM,5.85,CHEMBL1140486
Fisetin,XHEFDIBZLJXQHF-UHFFFAOYSA-N,CHEMBL31574,2046572,CHEMBL924096,B,Selectivity for 12h-LO over 15-hLO,CHEMBL612545,Unchecked,Ratio IC50,=,1.5,,,CHEMBL1140486
Fisetin,XHEFDIBZLJXQHF-UHFFFAOYSA-N,CHEMBL31574,2046619,CHEMBL924097,B,Inhibition of 15-hLO2,CHEMBL2457,Polyunsaturated fatty acid lipoxygenase ALOX15B,IC50,>,100000.0,nM,,CHEMBL1140486
Fisetin,XHEFDIBZLJXQHF-UHFFFAOYSA-N,CHEMBL31574,2046640,CHEMBL924098,B,Reductive inhibition of 15-hLO1,CHEMBL2903,Polyunsaturated fatty acid lipoxygenase ALOX15,Activity,,,,,CHEMBL1140486
Fisetin,XHEFDIBZLJXQHF-UHFFFAOYSA-N,CHEMBL31574,2054435,CHEMBL924927,F,Inhibition of HIV1 replication,CHEMBL378,Human immunodeficiency virus 1,EC50,<,100000.0,nM,,CHEMBL1140603
Fisetin,XHEFDIBZLJXQHF-UHFFFAOYSA-N,CHEMBL31574,2057565,CHEMBL926333,B,Inhibition of PIM1 kinase,CHEMBL2147,Serine/threonine-protein kinase pim-1,-Log IC50,=,0.07,uM,,CHEMBL1141253
Fisetin,XHEFDIBZLJXQHF-UHFFFAOYSA-N,CHEMBL31574,2089134,CHEMBL945864,A,Cytotoxicity against human MDA-MB-435 cells at 10 uM after 96 hrs by MTT assay,CHEMBL614697,MDA-MB-435,Activity,,,,,CHEMBL1142305
Fisetin,XHEFDIBZLJXQHF-UHFFFAOYSA-N,CHEMBL31574,2174371,CHEMBL1017497,B,Inhibition of bovine thymus p56LCK-catalyzed phosphorylation of angiotensin 1 by SDS-PAGE,CHEMBL612545,Unchecked,IC50,=,4.0,ug.mL-1,,CHEMBL1158989
Fisetin,XHEFDIBZLJXQHF-UHFFFAOYSA-N,CHEMBL31574,2174865,CHEMBL1020942,B,Inhibition of beef heart mitochondrial NADH oxidase assessed as specific activity at 0.35 mM preincubated for 15 mins relative to control,CHEMBL612545,Unchecked,Activity,=,8.3,%,,CHEMBL1150720
Fisetin,XHEFDIBZLJXQHF-UHFFFAOYSA-N,CHEMBL31574,2174883,CHEMBL1020943,B,Inhibition of beef heart mitochondrial succinoxidase assessed as specific activity at 0.35 mM preincubated for 15 mins relative to control,CHEMBL612545,Unchecked,Activity,=,9.6,%,,CHEMBL1150720
Fisetin,XHEFDIBZLJXQHF-UHFFFAOYSA-N,CHEMBL31574,2174901,CHEMBL1020945,B,Inhibition of rat liver mitochondrial ATPase assessed as specific activity at 0.42 mM relative to control,CHEMBL612545,Unchecked,Activity,=,17.2,%,,CHEMBL1150720
Fisetin,XHEFDIBZLJXQHF-UHFFFAOYSA-N,CHEMBL31574,2174915,CHEMBL1020946,B,Inhibition of beef heart mitochondrial NADH oxidase assessed per mg of protein,CHEMBL612545,Unchecked,IC50,=,15.0,nM,7.82,CHEMBL1150720
Fisetin,XHEFDIBZLJXQHF-UHFFFAOYSA-N,CHEMBL31574,2174922,CHEMBL1020947,B,Inhibition of beef heart mitochondrial succinoxidase assessed per mg of protein,CHEMBL612545,Unchecked,IC50,=,45.0,nM,7.35,CHEMBL1150720
Fisetin,XHEFDIBZLJXQHF-UHFFFAOYSA-N,CHEMBL31574,2174927,CHEMBL1020944,B,Inhibition of rat liver mitochondrial ATPase assessed per mg of protein,CHEMBL612545,Unchecked,IC50,=,480.0,nM,6.32,CHEMBL1150720
Metformin,XZWYZXLIPXDOLR-UHFFFAOYSA-N,CHEMBL1431,121111,CHEMBL779287,F,Rise in the blood glucose level after 0 min following 100 mg/kg oral dose in fasted nondiabetic rats,CHEMBL376,Rattus norvegicus,Glucose rise,=,68.0,mg dl-1,,CHEMBL1124586
Metformin,XZWYZXLIPXDOLR-UHFFFAOYSA-N,CHEMBL1431,121112,CHEMBL786942,F,Rise in the blood glucose level after 30 min following 100 mg/kg oral dose in fasted nondiabetic rats,CHEMBL376,Rattus norvegicus,Glucose rise,=,113.0,mg dl-1,,CHEMBL1124586
Metformin,XZWYZXLIPXDOLR-UHFFFAOYSA-N,CHEMBL1431,121113,CHEMBL878095,F,Rise in the glucose level 100 mg/kg oral dose in fasted nondiabetic rats,CHEMBL376,Rattus norvegicus,Glucose rise,=,45.0,mg dl-1,,CHEMBL1124586
Metformin,XZWYZXLIPXDOLR-UHFFFAOYSA-N,CHEMBL1431,121114,CHEMBL879356,F,"Percent inhibition of glucose rise, following 100 mg/kg oral dose in fasted nondiabetic rats",CHEMBL376,Rattus norvegicus,Inhibition,=,41.0,%,,CHEMBL1124586
Metformin,XZWYZXLIPXDOLR-UHFFFAOYSA-N,CHEMBL1431,165801,CHEMBL721896,F,Hypoglycemic effect of compound 1 hr after subcutaneous administration of 20 mg/kg dose in alloxanized mice and expressed as percent of initial blood glucose level,CHEMBL375,Mus musculus,BGL,=,86.0,%,,CHEMBL1128586
Metformin,XZWYZXLIPXDOLR-UHFFFAOYSA-N,CHEMBL1431,165802,CHEMBL722420,F,Hypoglycemic effect of compound 1 hr after subcutaneous administration of a 20 mg/kg dose in alloxanized mice and expressed as hypoglycemic activity ratio (hAR) taking metformin as standard,CHEMBL375,Mus musculus,HAR,=,1.0,,,CHEMBL1128586
Metformin,XZWYZXLIPXDOLR-UHFFFAOYSA-N,CHEMBL1431,1076439,CHEMBL735708,F,Plasma glucose after treatment in obese ob/ob mice at 50 mg/kg (po),CHEMBL375,Mus musculus,Glucose level,=,253.0,mg dl-1,,CHEMBL1126776
Metformin,XZWYZXLIPXDOLR-UHFFFAOYSA-N,CHEMBL1431,1076440,CHEMBL735706,F,Plasma glucose after treatment in obese ob/ob mice at 200 mg/kg (po),CHEMBL375,Mus musculus,Glucose level,=,208.0,mg dl-1,,CHEMBL1126776
Metformin,XZWYZXLIPXDOLR-UHFFFAOYSA-N,CHEMBL1431,1216915,CHEMBL786958,F,Evolution of glycemia 2 hr after first administration at the dose of 200 mg/kg in rat,CHEMBL376,Rattus norvegicus,Glyceamia evolution,=,-24.0,%,,CHEMBL1134855
Metformin,XZWYZXLIPXDOLR-UHFFFAOYSA-N,CHEMBL1431,1216916,CHEMBL786960,F,Evolution of glycemia 2 hr after the last administration for 4 days chronic treatment at the dose of 200 mg/kg in rat,CHEMBL376,Rattus norvegicus,Glyceamia evolution,=,-24.0,%,,CHEMBL1134855
Metformin,XZWYZXLIPXDOLR-UHFFFAOYSA-N,CHEMBL1431,1406259,CHEMBL851908,A,Permeability Coefficient in Caco-2 cell culture model,CHEMBL612558,ADMET,Papp,=,0.66,cm/s * 10E6,,CHEMBL1145178
Metformin,XZWYZXLIPXDOLR-UHFFFAOYSA-N,CHEMBL1431,1406260,CHEMBL851907,A,Permeability Coefficient in 2/4/A1 cell model,CHEMBL612558,ADMET,Papp,=,20.0,cm/s * 10E6,,CHEMBL1145178
Metformin,XZWYZXLIPXDOLR-UHFFFAOYSA-N,CHEMBL1431,1406261,CHEMBL851909,A,Permeability Coefficient in hexadecane membranes model,CHEMBL612558,ADMET,Papp,=,0.51,cm/s * 10E6,,CHEMBL1145178
Metformin,XZWYZXLIPXDOLR-UHFFFAOYSA-N,CHEMBL1431,1406262,CHEMBL826140,A,Percentage of mass balance in hexadecane membranes model,CHEMBL612558,ADMET,Papp,=,115.0,cm/s * 10E6,,CHEMBL1145178
Metformin,XZWYZXLIPXDOLR-UHFFFAOYSA-N,CHEMBL1431,1406263,CHEMBL840340,A,Fraction absorbed in human intestine after oral administration compound was measured,CHEMBL612558,ADMET,FA,=,55.0,%,,CHEMBL1145178
Metformin,XZWYZXLIPXDOLR-UHFFFAOYSA-N,CHEMBL1431,1499386,CHEMBL837917,F,Percent fall in blood glucose level in male Sprague-Dawley rats when at 100 mg/kg dose was calculated by AUC method,CHEMBL376,Rattus norvegicus,Activity,=,12.9,%,,CHEMBL1143540
Metformin,XZWYZXLIPXDOLR-UHFFFAOYSA-N,CHEMBL1431,1717437,CHEMBL853193,F,Antihyperglycemic activity in sucrose-loaded Sprague-Dawley rat at 100 mg/kg,CHEMBL376,Rattus norvegicus,Activity,=,12.9,%,,CHEMBL1147707
Metformin,XZWYZXLIPXDOLR-UHFFFAOYSA-N,CHEMBL1431,1717453,CHEMBL853194,F,Antihyperglycemic activity in sucrose charged streptozotocin-induced beta cell damaged diabetic Sprague-Dawley rat at 100 mg/kg,CHEMBL376,Rattus norvegicus,Activity,=,19.1,%,,CHEMBL1147707
Metformin,XZWYZXLIPXDOLR-UHFFFAOYSA-N,CHEMBL1431,1815018,CHEMBL908487,F,"Inhibition of increase in serum glucose level in sucrose-loaded Wistar rat at 125 mg/kg, po after 0.5 hrs",CHEMBL376,Rattus norvegicus,Activity,=,134.8,mg/dl,,CHEMBL1141378
Metformin,XZWYZXLIPXDOLR-UHFFFAOYSA-N,CHEMBL1431,1815019,CHEMBL908488,F,"Inhibition of increase in serum glucose level in sucrose-loaded Wistar rat at 125 mg/kg, po after 1 hr",CHEMBL376,Rattus norvegicus,Activity,=,136.0,mg/dl,,CHEMBL1141378
Metformin,XZWYZXLIPXDOLR-UHFFFAOYSA-N,CHEMBL1431,1815020,CHEMBL908489,F,"Inhibition of increase in serum glucose level in sucrose-loaded Wistar rat at 125 mg/kg, po after 2 hrs",CHEMBL376,Rattus norvegicus,Activity,=,115.5,mg/dl,,CHEMBL1141378
Metformin,XZWYZXLIPXDOLR-UHFFFAOYSA-N,CHEMBL1431,1815021,CHEMBL908490,F,"Inhibition of increase in serum glucose level in sucrose-loaded Wistar rat at 250 mg/kg, po after 0.5 hrs",CHEMBL376,Rattus norvegicus,Activity,=,124.1,mg/dl,,CHEMBL1141378
Metformin,XZWYZXLIPXDOLR-UHFFFAOYSA-N,CHEMBL1431,1815022,CHEMBL908491,F,"Inhibition of increase in serum glucose level in sucrose-loaded Wistar rat at 250 mg/kg, po after 1 hr",CHEMBL376,Rattus norvegicus,Activity,=,116.3,mg/dl,,CHEMBL1141378
Metformin,XZWYZXLIPXDOLR-UHFFFAOYSA-N,CHEMBL1431,1815023,CHEMBL908492,F,"Inhibition of increase in serum glucose level in sucrose-loaded Wistar rat at 250 mg/kg, po after 2 hrs",CHEMBL376,Rattus norvegicus,Activity,=,126.4,mg/dl,,CHEMBL1141378
Metformin,XZWYZXLIPXDOLR-UHFFFAOYSA-N,CHEMBL1431,1815024,CHEMBL908493,F,"Inhibition of increase in serum glucose level in sucrose-loaded Wistar rat at 500 mg/kg, po after 0.5 hrs",CHEMBL376,Rattus norvegicus,Activity,=,113.1,mg/dl,,CHEMBL1141378
Metformin,XZWYZXLIPXDOLR-UHFFFAOYSA-N,CHEMBL1431,1815025,CHEMBL908494,F,"Inhibition of increase in serum glucose level in sucrose-loaded Wistar rat at 500 mg/kg, po after 1 hr",CHEMBL376,Rattus norvegicus,Activity,=,105.6,mg/dl,,CHEMBL1141378
Metformin,XZWYZXLIPXDOLR-UHFFFAOYSA-N,CHEMBL1431,1815026,CHEMBL908495,F,"Inhibition of increase in serum glucose level in sucrose-loaded Wistar rat at 500 mg/kg, po after 2 hrs",CHEMBL376,Rattus norvegicus,Activity,=,119.8,mg/dl,,CHEMBL1141378
Metformin,XZWYZXLIPXDOLR-UHFFFAOYSA-N,CHEMBL1431,1897344,CHEMBL887571,F,"Antihyperglycemic activity in STZ-induced diabetic Sprague-Dawley rat assessed as decrease in blood glucose at 100 mg/kg, po after 180 mins relative to control",CHEMBL376,Rattus norvegicus,Activity,=,18.7,%,,CHEMBL1144629
Metformin,XZWYZXLIPXDOLR-UHFFFAOYSA-N,CHEMBL1431,1897356,CHEMBL887569,F,"Antihyperglycemic activity in STZ-induced diabetic Sprague-Dawley rat assessed as decrease in blood glucose at 100 mg/kg, po after 90 mins relative to control",CHEMBL376,Rattus norvegicus,Activity,=,24.5,%,,CHEMBL1144629
Metformin,XZWYZXLIPXDOLR-UHFFFAOYSA-N,CHEMBL1431,1897368,CHEMBL887567,F,"Antihyperglycemic activity in STZ-induced diabetic Sprague-Dawley rat assessed as decrease in blood glucose at 100 mg/kg, po after 30 mins relative to control",CHEMBL376,Rattus norvegicus,Activity,=,15.9,%,,CHEMBL1144629
Metformin,XZWYZXLIPXDOLR-UHFFFAOYSA-N,CHEMBL1431,1897380,CHEMBL887570,F,"Antihyperglycemic activity in STZ-induced diabetic Sprague-Dawley rat assessed as decrease in blood glucose at 100 mg/kg, po after 120 mins relative to control",CHEMBL376,Rattus norvegicus,Activity,=,29.2,%,,CHEMBL1144629
Metformin,XZWYZXLIPXDOLR-UHFFFAOYSA-N,CHEMBL1431,1897392,CHEMBL887568,F,"Antihyperglycemic activity in STZ-induced diabetic Sprague-Dawley rat assessed as decrease in blood glucose at 100 mg/kg, po after 60 mins relative to control",CHEMBL376,Rattus norvegicus,Activity,=,18.2,%,,CHEMBL1144629
Metformin,XZWYZXLIPXDOLR-UHFFFAOYSA-N,CHEMBL1431,1897404,CHEMBL887572,F,"Antihyperglycemic activity in STZ-induced diabetic Sprague-Dawley rat assessed as decrease in blood glucose at 100 mg/kg, po after 240 mins relative to control",CHEMBL376,Rattus norvegicus,Activity,=,21.1,%,,CHEMBL1144629
Metformin,XZWYZXLIPXDOLR-UHFFFAOYSA-N,CHEMBL1431,1897416,CHEMBL887573,F,"Antihyperglycemic activity in STZ-induced diabetic Sprague-Dawley rat assessed as decrease in blood glucose at 100 mg/kg, po after 5 hrs relative to control",CHEMBL376,Rattus norvegicus,Activity,=,20.7,%,,CHEMBL1144629
Metformin,XZWYZXLIPXDOLR-UHFFFAOYSA-N,CHEMBL1431,1897428,CHEMBL887574,F,"Antihyperglycemic activity in STZ-induced diabetic Sprague-Dawley rat assessed as decrease in blood glucose at 100 mg/kg, po after 24 hrs relative to control",CHEMBL376,Rattus norvegicus,Activity,=,30.0,%,,CHEMBL1144629
Metformin,XZWYZXLIPXDOLR-UHFFFAOYSA-N,CHEMBL1431,2014095,CHEMBL902478,F,Antihyperglycemic activity in sucrose loaded model of Sprague-Dawley albino rat assessed as reduction in blood glucose by AUC method,CHEMBL376,Rattus norvegicus,Activity,=,12.9,%,,CHEMBL1138412
Metformin,XZWYZXLIPXDOLR-UHFFFAOYSA-N,CHEMBL1431,2014111,CHEMBL901475,F,Antihyperglycemic activity in streptozotocin induced diabetic model of Sprague-Dawley albino rat assessed as reduction in blood glucose by AUC method,CHEMBL376,Rattus norvegicus,Activity,=,19.1,%,,CHEMBL1138412
Metformin,XZWYZXLIPXDOLR-UHFFFAOYSA-N,CHEMBL1431,2018803,CHEMBL902147,F,"Increase in blood glucose levels in Sprague-Dawley Albino rat at 100 mg/kg, po after 24 hrs",CHEMBL376,Rattus norvegicus,Activity,=,26.5,%,,CHEMBL1139088
Metformin,XZWYZXLIPXDOLR-UHFFFAOYSA-N,CHEMBL1431,2018804,CHEMBL902146,F,"Increase in blood glucose levels in Sprague-Dawley Albino rat at 100 mg/kg, po after 5 hrs",CHEMBL376,Rattus norvegicus,Activity,=,23.5,%,,CHEMBL1139088
Metformin,XZWYZXLIPXDOLR-UHFFFAOYSA-N,CHEMBL1431,2074598,CHEMBL927861,B,Inhibition of DPP4,CHEMBL284,Dipeptidyl peptidase 4,IC50,=,29000.0,nM,4.54,CHEMBL1140811
Metformin,XZWYZXLIPXDOLR-UHFFFAOYSA-N,CHEMBL1431,2074606,CHEMBL927864,B,Inhibition of DPP4 upto 3.3 mM,CHEMBL284,Dipeptidyl peptidase 4,Activity,,,,,CHEMBL1140811
Metformin,XZWYZXLIPXDOLR-UHFFFAOYSA-N,CHEMBL1431,2074607,CHEMBL927865,B,Inhibition of DPP4 at 10 mM,CHEMBL284,Dipeptidyl peptidase 4,Inhibition,=,12.7,%,,CHEMBL1140811
Metformin,XZWYZXLIPXDOLR-UHFFFAOYSA-N,CHEMBL1431,2074608,CHEMBL927866,B,Inhibition of DPP4 at 30 mM,CHEMBL284,Dipeptidyl peptidase 4,Inhibition,=,21.9,%,,CHEMBL1140811
Metformin,XZWYZXLIPXDOLR-UHFFFAOYSA-N,CHEMBL1431,2082863,CHEMBL929052,F,"Antihyperglycemic activity in streptozotocin-induced diabetic mouse model assessed as reduction of plasma glucose levels at 100 mg/kg, po after 24 hrs",CHEMBL375,Mus musculus,Activity,=,20.5,%,,CHEMBL1141549
Metformin,XZWYZXLIPXDOLR-UHFFFAOYSA-N,CHEMBL1431,2082877,CHEMBL929051,F,"Antihyperglycemic activity in streptozotocin-induced diabetic mouse model assessed as reduction of plasma glucose levels at 100 mg/kg, po after 5 hrs",CHEMBL375,Mus musculus,Activity,=,19.1,%,,CHEMBL1141549
Metformin,XZWYZXLIPXDOLR-UHFFFAOYSA-N,CHEMBL1431,2082878,CHEMBL929050,F,"Antihyperglycemic activity in sucrose loaded diabetic Sprague-Dawley rat model assessed as reduction of plasma glucose levels at 100 mg/kg, po",CHEMBL376,Rattus norvegicus,Activity,=,12.9,%,,CHEMBL1141549
Metformin,XZWYZXLIPXDOLR-UHFFFAOYSA-N,CHEMBL1431,2274615,CHEMBL961703,F,Antidiabetic activity in po dosed type 2 diabetes mellitus patient assessed as reduction in HbA1C level in liver,CHEMBL372,Homo sapiens,Activity,=,1.0,%,,CHEMBL1153320
Metformin,XZWYZXLIPXDOLR-UHFFFAOYSA-N,CHEMBL1431,2274616,CHEMBL961704,F,Antidiabetic activity in po dosed type 2 diabetes mellitus patient assessed as reduction in HbA1C level in intestine,CHEMBL372,Homo sapiens,Activity,=,1.0,%,,CHEMBL1153320
Metformin,XZWYZXLIPXDOLR-UHFFFAOYSA-N,CHEMBL1431,2274617,CHEMBL961705,F,Antidiabetic activity in po dosed type 2 diabetes mellitus patient assessed as reduction in HbA1C level in pancreas,CHEMBL372,Homo sapiens,Activity,=,1.0,%,,CHEMBL1153320
Metformin,XZWYZXLIPXDOLR-UHFFFAOYSA-N,CHEMBL1431,2320145,CHEMBL1003538,F,"Antihyperglycemic activity in streptozotocin-induced nonfasted diabetic rat assessed as decrease in blood glucose level at 30 mg/kg, po administered for 3 days measured 1 hr after last dose",CHEMBL376,Rattus norvegicus,Activity,=,48.0,%,,CHEMBL1146404
Spermidine,ATHGHQPFGPMSJY-UHFFFAOYSA-N,CHEMBL19612,91189,CHEMBL814692,F,Inhibition of [3H]-putrescine transport by the compound was evaluated in T-47D human breast cancer cells; ND is not determined,CHEMBL614361,T47D,Ki,,,nM,,CHEMBL1132126
Spermidine,ATHGHQPFGPMSJY-UHFFFAOYSA-N,CHEMBL19612,91190,CHEMBL814693,F,Inhibition of [3H]spermidine transport by the compound was evaluated in T-47D human breast cancer cells,CHEMBL614361,T47D,Ki,=,4400.0,nM,5.36,CHEMBL1132126
Spermidine,ATHGHQPFGPMSJY-UHFFFAOYSA-N,CHEMBL19612,91191,CHEMBL814696,F,Inhibition of [3H]spermine transport by the compound was evaluated in T-47D human breast cancer cells; ND is not determined,CHEMBL614361,T47D,Ki,,,nM,,CHEMBL1132126
Spermidine,ATHGHQPFGPMSJY-UHFFFAOYSA-N,CHEMBL19612,204704,CHEMBL672250,F,Concentration required for half maximum rate of enhanced [3H]DHS uptake in Escherichia coli K12,CHEMBL612558,ADMET,C50,>,50.0,uM,,CHEMBL1123673
Spermidine,ATHGHQPFGPMSJY-UHFFFAOYSA-N,CHEMBL19612,204705,CHEMBL670525,F,Estimated rate of [3H]DHS (Dihydrostreptomycin) uptake in Escherichia coli K12 (ATCC 25868) [pmol/min (optical density unit)E-1] at the C50 was determined; NA is not applicable,CHEMBL612558,ADMET,NA,,,,,CHEMBL1123673
Spermidine,ATHGHQPFGPMSJY-UHFFFAOYSA-N,CHEMBL19612,262981,CHEMBL660982,B,DNA binding affinity (conc to decrease the fluorescence of the ethidium bromide-DNA complex by 50%),CHEMBL345,Nucleic Acid,IC50,=,98000.0,nM,4.01,CHEMBL1134661
Spermidine,ATHGHQPFGPMSJY-UHFFFAOYSA-N,CHEMBL19612,533695,CHEMBL680531,F,In Vitro Toxicity measured as the conc. required for 50% reduction in SRBabsorbance by F98 glioma cells,CHEMBL612545,Unchecked,IC50,>,100000.0,nM,,CHEMBL1132627
Spermidine,ATHGHQPFGPMSJY-UHFFFAOYSA-N,CHEMBL19612,533696,CHEMBL660981,B,Concentration required to decrease the fluorescence of the ethidium bromide-calf thymus DNA complex by 50%,CHEMBL345,Nucleic Acid,IC50,=,105000.0,nM,,CHEMBL1132627
Spermidine,ATHGHQPFGPMSJY-UHFFFAOYSA-N,CHEMBL19612,711135,CHEMBL878767,B,Binding affinity towards polyamine transporter on the L1210 cell surface,CHEMBL612545,Unchecked,Km,=,2460.0,nM,,CHEMBL1145808
Spermidine,ATHGHQPFGPMSJY-UHFFFAOYSA-N,CHEMBL19612,781390,CHEMBL797484,B,Binding constant for spermine binding to Ribonuclease S (RNA ase) by saturation curve method,CHEMBL612545,Unchecked,Log K,=,5.4,,,CHEMBL1131685
Spermidine,ATHGHQPFGPMSJY-UHFFFAOYSA-N,CHEMBL19612,896406,CHEMBL707201,F,Inhibition of [3H]spermidine transport into MDA-MB-231 (human breast cancer) cells.,CHEMBL400,MDA-MB-231,Ki,=,113.0,nM,6.95,CHEMBL1134659
Spermidine,ATHGHQPFGPMSJY-UHFFFAOYSA-N,CHEMBL19612,909997,CHEMBL858612,F,Inhibition of spermidine transport determined in T-47D human breast cancer cells,CHEMBL614361,T47D,Km,=,4400.0,nM,,CHEMBL1145875
Spermidine,ATHGHQPFGPMSJY-UHFFFAOYSA-N,CHEMBL19612,954927,CHEMBL642645,P,"Macroscopic pKa value at 25 C, ionic strength 1 M",CHEMBL2362975,No relevant target,pK1,=,8.93,,,CHEMBL1129664
Spermidine,ATHGHQPFGPMSJY-UHFFFAOYSA-N,CHEMBL19612,954928,CHEMBL642651,P,"Macroscopic pKa value at 25 C, ionic strength 1 M",CHEMBL2362975,No relevant target,pK2,=,10.3,,,CHEMBL1129664
Spermidine,ATHGHQPFGPMSJY-UHFFFAOYSA-N,CHEMBL19612,954929,CHEMBL642657,P,"Macroscopic pKa value at 25 C, ionic strength 1 M",CHEMBL2362975,No relevant target,pK3,=,10.86,,,CHEMBL1129664
Spermidine,ATHGHQPFGPMSJY-UHFFFAOYSA-N,CHEMBL19612,954930,CHEMBL642644,P,"Macroscopic pKa value at 25 C, ionic strength 0.1 M",CHEMBL2362975,No relevant target,pK1,=,8.15,,,CHEMBL1129664
Spermidine,ATHGHQPFGPMSJY-UHFFFAOYSA-N,CHEMBL19612,954931,CHEMBL642650,P,"Macroscopic pKa value at 25 C, ionic strength 0.1 M",CHEMBL2362975,No relevant target,pK2,=,9.74,,,CHEMBL1129664
Spermidine,ATHGHQPFGPMSJY-UHFFFAOYSA-N,CHEMBL19612,954932,CHEMBL642656,P,"Macroscopic pKa value at 25 C, ionic strength 0.1 M",CHEMBL2362975,No relevant target,pK3,=,10.24,,,CHEMBL1129664
Spermidine,ATHGHQPFGPMSJY-UHFFFAOYSA-N,CHEMBL19612,1043991,CHEMBL700020,F,Compound level in DFMO-treated L1210 cells at 0 h,CHEMBL386,L1210,Level,=,1.0,nM (mg of protein)-1,,CHEMBL1125378
Spermidine,ATHGHQPFGPMSJY-UHFFFAOYSA-N,CHEMBL19612,1043992,CHEMBL700018,F,Compound level in DFMO-treated L1210 cells after 72 h; below detection limits of 0.2 nM/mg,CHEMBL386,L1210,Level,=,,,,CHEMBL1125378
Spermidine,ATHGHQPFGPMSJY-UHFFFAOYSA-N,CHEMBL19612,1043993,CHEMBL702750,F,Compound level in 72 hr DFMO (5 mM)-treated L1210 cells after exposure to 10 uM spermidine,CHEMBL386,L1210,Level,=,38.0,nM (mg of protein)-1,,CHEMBL1125378
Spermidine,ATHGHQPFGPMSJY-UHFFFAOYSA-N,CHEMBL19612,1043994,CHEMBL879440,F,Compound level in 72 hr DFMO (5 mM)-treated L1210 cells after exposure to 10 uM 1-methylspermidine; below detection limits of 0.2 nM/mg,CHEMBL386,L1210,Level,=,,,,CHEMBL1125378
Spermidine,ATHGHQPFGPMSJY-UHFFFAOYSA-N,CHEMBL19612,1043995,CHEMBL700013,F,Compound level in 72 h DFMO (5 mM)-treated L1210 cells after exposure to 10 uM spermine,CHEMBL386,L1210,Level,=,6.4,nM (mg of protein)-1,,CHEMBL1125378
Spermidine,ATHGHQPFGPMSJY-UHFFFAOYSA-N,CHEMBL19612,1043996,CHEMBL704343,F,Compound level in 72 hr DFMO (5 mM)-treated L1210 cells after exposure to 10 uM 1-methylspermine; below detection limits of 0.2 nM/mg,CHEMBL386,L1210,Level,=,,,,CHEMBL1125378
Spermidine,ATHGHQPFGPMSJY-UHFFFAOYSA-N,CHEMBL19612,1043997,CHEMBL704334,F,"Compound level in 72 hr DFMO (5 mM)-treated L1210 cells after exposure to 10 uM 1,12-dimethylspermine",CHEMBL386,L1210,Level,=,0.2,nM (mg of protein)-1,,CHEMBL1125378
Spermidine,ATHGHQPFGPMSJY-UHFFFAOYSA-N,CHEMBL19612,1043998,CHEMBL700022,F,Compound level in L1210 cells after 72 h,CHEMBL386,L1210,Level,=,41.0,nM (mg of protein)-1,,CHEMBL1125378
Spermidine,ATHGHQPFGPMSJY-UHFFFAOYSA-N,CHEMBL19612,1043999,CHEMBL694262,F,Compound level in DFMO-treated HT-29 cells at 0 h,CHEMBL384,HT-29,Level,=,0.3,nM (mg of protein)-1,,CHEMBL1125378
Spermidine,ATHGHQPFGPMSJY-UHFFFAOYSA-N,CHEMBL19612,1044000,CHEMBL692768,F,Compound level in DFMO-treated HT-29 cells after 72 h,CHEMBL384,HT-29,Level,=,0.7,nM (mg of protein)-1,,CHEMBL1125378
Spermidine,ATHGHQPFGPMSJY-UHFFFAOYSA-N,CHEMBL19612,1044001,CHEMBL692663,F,Compound level in 72 hr DFMO (5 mM)-treated HT-29 cells after exposure to 10 uM spermidine,CHEMBL384,HT-29,Level,=,23.6,nM (mg of protein)-1,,CHEMBL1125378
Spermidine,ATHGHQPFGPMSJY-UHFFFAOYSA-N,CHEMBL19612,1044002,CHEMBL692658,F,Compound level in 72 h DFMO (5 mM)-treated HT-29 cells after exposure to 10 uM 1-methylspermidine; below detection limits of 0.2 nM/mg,CHEMBL384,HT-29,Level,=,,,,CHEMBL1125378
Spermidine,ATHGHQPFGPMSJY-UHFFFAOYSA-N,CHEMBL19612,1044003,CHEMBL692763,F,Compound level in 72 h DFMO (5 mM)-treated HT-29 cells after exposure to 25 uM spermidine,CHEMBL384,HT-29,Level,=,25.1,nM (mg of protein)-1,,CHEMBL1125378
Spermidine,ATHGHQPFGPMSJY-UHFFFAOYSA-N,CHEMBL19612,1044004,CHEMBL692757,F,Compound level in 72 hr DFMO (5 mM)-treated HT-29 cells after exposure to 25 uM 1-methylspermidine; below detection limits of 0.2 nM/mg,CHEMBL384,HT-29,Level,=,,,,CHEMBL1125378
Spermidine,ATHGHQPFGPMSJY-UHFFFAOYSA-N,CHEMBL19612,1044005,CHEMBL692666,F,Compound level in 72 hr DFMO (5 mM)-treated HT-29 cells after exposure to 10 uM spermine,CHEMBL384,HT-29,Level,=,7.9,nM (mg of protein)-1,,CHEMBL1125378
Spermidine,ATHGHQPFGPMSJY-UHFFFAOYSA-N,CHEMBL19612,1044006,CHEMBL692660,F,Compound level in 72 hr DFMO (5 mM)-treated HT-29 cells after exposure to 10 uM 1-methylspermine,CHEMBL384,HT-29,Level,=,0.4,nM (mg of protein)-1,,CHEMBL1125378
Spermidine,ATHGHQPFGPMSJY-UHFFFAOYSA-N,CHEMBL19612,1044007,CHEMBL692669,F,Compound level in 72 hr DFMO (5 mM)-treated HT-29 cells after exposure to 15 uM spermine,CHEMBL384,HT-29,Level,=,4.8,nM (mg of protein)-1,,CHEMBL1125378
Spermidine,ATHGHQPFGPMSJY-UHFFFAOYSA-N,CHEMBL19612,1044008,CHEMBL692759,F,Compound level in 72 hr DFMO (5 mM)-treated HT-29 cells after exposure to 25 uM 1-methylspermine,CHEMBL384,HT-29,Level,=,0.3,nM (mg of protein)-1,,CHEMBL1125378
Spermidine,ATHGHQPFGPMSJY-UHFFFAOYSA-N,CHEMBL19612,1044009,CHEMBL694265,F,Compound level in HT-29 cells after 72 h,CHEMBL384,HT-29,Level,=,9.8,nM (mg of protein)-1,,CHEMBL1125378
Spermidine,ATHGHQPFGPMSJY-UHFFFAOYSA-N,CHEMBL19612,1044010,CHEMBL694262,F,Compound level in DFMO-treated HT-29 cells at 0 h,CHEMBL384,HT-29,Level,=,1.0,nM (mg of protein)-1,,CHEMBL1125378
Spermidine,ATHGHQPFGPMSJY-UHFFFAOYSA-N,CHEMBL19612,1044011,CHEMBL844402,F,Compound level in DFMO-treated HT-29 cells after 96 h,CHEMBL372,Homo sapiens,Level,=,0.4,nM (mg of protein)-1,,CHEMBL1125378
Spermidine,ATHGHQPFGPMSJY-UHFFFAOYSA-N,CHEMBL19612,1044012,CHEMBL880038,F,Compound level in 96 hr DFMO (5 mM)-treated HT-29 cells after exposure to 10 uM spermine,CHEMBL384,HT-29,Level,=,4.4,nM (mg of protein)-1,,CHEMBL1125378
Spermidine,ATHGHQPFGPMSJY-UHFFFAOYSA-N,CHEMBL19612,1044013,CHEMBL694402,F,"Compound level in 72 hr DFMO (5 mM)-treated HT-29 cells after exposure to 10 uM 1,12-dimethylspermine; below detection limits of 0.2 nM/mg",CHEMBL384,HT-29,Level,=,,,,CHEMBL1125378
Spermidine,ATHGHQPFGPMSJY-UHFFFAOYSA-N,CHEMBL19612,1044014,CHEMBL692599,F,"Compound level in 72 hr DFMO (5 mM)-treated HT-29 cells after exposure to 25 uM 1,12-dimethylspermine; below detection limits of 0.2 nM/mg",CHEMBL384,HT-29,Level,=,,,,CHEMBL1125378
Spermidine,ATHGHQPFGPMSJY-UHFFFAOYSA-N,CHEMBL19612,1044015,CHEMBL694267,F,Compound level in HT-29 cells after 96 h,CHEMBL384,HT-29,Level,=,13.4,nM (mg of protein)-1,,CHEMBL1125378
Spermidine,ATHGHQPFGPMSJY-UHFFFAOYSA-N,CHEMBL19612,1044016,CHEMBL802536,F,Compound level in DFMO-treated SV3T3 cells at 0 h,CHEMBL614941,SV3T3,Level,=,0.3,nM (mg of protein)-1,,CHEMBL1125378
Spermidine,ATHGHQPFGPMSJY-UHFFFAOYSA-N,CHEMBL19612,1044017,CHEMBL802534,F,Compound level in DFMO-treated SV3T3 cells after 72 h; below detection limits of 0.05 nM/mg,CHEMBL614941,SV3T3,Level,=,,,,CHEMBL1125378
Spermidine,ATHGHQPFGPMSJY-UHFFFAOYSA-N,CHEMBL19612,1044018,CHEMBL807401,F,Compound level in 72 h DFMO (5 mM)-treated SV3T3 cells after exposure to 1 uM spermidine; below detection limits of 0.05 nM/mg,CHEMBL614941,SV3T3,Level,=,,,,CHEMBL1125378
Spermidine,ATHGHQPFGPMSJY-UHFFFAOYSA-N,CHEMBL19612,1044019,CHEMBL807396,F,Compound level in 72 hr DFMO (5 mM)-treated SV3T3 cells after exposure to 1 uM 1-methylspermidine; below detection limits of 0.05 nM/mg,CHEMBL614941,SV3T3,Level,=,,,,CHEMBL1125378
Spermidine,ATHGHQPFGPMSJY-UHFFFAOYSA-N,CHEMBL19612,1044020,CHEMBL804648,F,Compound level in 72 hr DFMO (5 mM)-treated SV3T3 cells after exposure to 10 uM spermidine,CHEMBL614941,SV3T3,Level,=,8.7,nM (mg of protein)-1,,CHEMBL1125378
Spermidine,ATHGHQPFGPMSJY-UHFFFAOYSA-N,CHEMBL19612,1044021,CHEMBL807407,F,Compound level in 72 hr DFMO (5 mM)-treated SV3T3 cells after exposure to 10 uM 1-methylspermidine; below detection limits of 0.05 nM/mg,CHEMBL614941,SV3T3,Level,=,,,,CHEMBL1125378
Spermidine,ATHGHQPFGPMSJY-UHFFFAOYSA-N,CHEMBL19612,1044022,CHEMBL805818,F,Compound level in 72 hr DFMO (5 mM)-treated SV3T3 cells after exposure to 25 uM 1-methylspermidine; below detection limits of 0.05 nM/mg,CHEMBL614941,SV3T3,Level,=,,,,CHEMBL1125378
17alpha-estradiol,VOXZDWNPVJITMN-SFFUCWETSA-N,CHEMBL286452,207697,CHEMBL682162,B,Inhibition of [3H]17-beta-estradiol binding to human recombinant Estrogen receptor beta.,CHEMBL242,Estrogen receptor beta,EC50,=,1230.0,nM,5.91,CHEMBL1135900
17alpha-estradiol,VOXZDWNPVJITMN-SFFUCWETSA-N,CHEMBL286452,207698,CHEMBL676811,B,Inhibition of [3H]17-beta-estradiol binding to human recombinant Estrogen receptor alpha.,CHEMBL206,Estrogen receptor,EC50,=,570.0,nM,6.24,CHEMBL1135900
17alpha-estradiol,VOXZDWNPVJITMN-SFFUCWETSA-N,CHEMBL286452,207699,CHEMBL682160,B,Activation of estrogen response element in HeLa cells stably transfected with human Estrogen receptor beta.,CHEMBL242,Estrogen receptor beta,EC50,=,4.5,nM,8.35,CHEMBL1135900
17alpha-estradiol,VOXZDWNPVJITMN-SFFUCWETSA-N,CHEMBL286452,207700,CHEMBL883442,B,Activation of estrogen response element in HeLa cells stably transfected with human Estrogen receptor alpha.,CHEMBL206,Estrogen receptor,EC50,=,1.5,nM,8.82,CHEMBL1135900
17alpha-estradiol,VOXZDWNPVJITMN-SFFUCWETSA-N,CHEMBL286452,339825,CHEMBL677643,B,Percent affinity for estrogen receptor binding relative to d-estradiol,CHEMBL2094114,Estrogen receptor,Affinity,=,1.0,%,,CHEMBL1127836
17alpha-estradiol,VOXZDWNPVJITMN-SFFUCWETSA-N,CHEMBL286452,339826,CHEMBL792541,F,Relative uterotrophic activity in immature female Sprague-Dawley rats,CHEMBL2094114,Estrogen receptor,Relative potency,<,0.1,,,CHEMBL1127836
17alpha-estradiol,VOXZDWNPVJITMN-SFFUCWETSA-N,CHEMBL286452,828552,CHEMBL680712,B,Tested by protection experiments to demonstrate the inactivation of estradiol dehydrogenase and the kinetic parameter Kapp was reported at a concentration of 20 uM,CHEMBL3181,17-beta-hydroxysteroid dehydrogenase type 1,K app,=,0.01,min-1,,CHEMBL1125169
17alpha-estradiol,VOXZDWNPVJITMN-SFFUCWETSA-N,CHEMBL286452,1056307,CHEMBL679678,B,Estrogen receptor (ER) binding affinity,CHEMBL2093866,Estrogen receptor,Ka,=,807000000.0,M-1,,CHEMBL1130222
17alpha-estradiol,VOXZDWNPVJITMN-SFFUCWETSA-N,CHEMBL286452,1056308,CHEMBL710197,F,Growth response in cultures of MCF-7 (human breast cancer cell line) cells,CHEMBL387,MCF7,EC50,=,0.382,nM,9.42,CHEMBL1130222
17alpha-estradiol,VOXZDWNPVJITMN-SFFUCWETSA-N,CHEMBL286452,1215063,CHEMBL673847,B,Relative binding affinity for human estrogen receptor alpha,CHEMBL206,Estrogen receptor,RBA,=,2.2,,,CHEMBL1131638
17alpha-estradiol,VOXZDWNPVJITMN-SFFUCWETSA-N,CHEMBL286452,1273151,CHEMBL679624,B,Binding affinity for rat uterine estrogen receptor,CHEMBL2094114,Estrogen receptor,Binding,=,1.0,%,,CHEMBL1129126
17alpha-estradiol,VOXZDWNPVJITMN-SFFUCWETSA-N,CHEMBL286452,1273152,CHEMBL789918,F,Uterotrophic effect in immature female Sprague-Dawley rats,CHEMBL2094114,Estrogen receptor,Relative uterotrophic activity,<,0.1,,,CHEMBL1129126
17alpha-estradiol,VOXZDWNPVJITMN-SFFUCWETSA-N,CHEMBL286452,1605613,CHEMBL872182,B,Inhibitory concentration against recombinant rat androgen receptor expressed in Escherichia coli using [3H]methyltrienolone (R 1881),CHEMBL3072,Androgen receptor,IC50,=,75857.76,nM,4.12,CHEMBL1141069
17alpha-estradiol,VOXZDWNPVJITMN-SFFUCWETSA-N,CHEMBL286452,3229885,CHEMBL1106724,B,Inhibition of human 17beta-HSD7 expressed in HEK293 cells assessed as inhibition of reduction of [14C]estrone into [14C]estradiol at 0.3 uM after 7 hrs,CHEMBL5999,3-keto-steroid reductase/17-beta-hydroxysteroid dehydrogenase 7,Inhibition,,,%,,CHEMBL1154295
17alpha-estradiol,VOXZDWNPVJITMN-SFFUCWETSA-N,CHEMBL286452,3230016,CHEMBL1106725,B,Inhibition of human 17beta-HSD7 expressed in HEK293 cells assessed as inhibition of reduction of [14C]estrone into [14C]estradiol at 3 uM after 7 hrs,CHEMBL5999,3-keto-steroid reductase/17-beta-hydroxysteroid dehydrogenase 7,Inhibition,=,0.0,%,,CHEMBL1154295
17alpha-estradiol,VOXZDWNPVJITMN-SFFUCWETSA-N,CHEMBL286452,3418502,CHEMBL1226314,F,Agonist activity at GFP-tagged GPR30 expressed in COS7 cells assessed as half life for increase in intracellular calcium level at 1 uM by spectrofluorimetry,CHEMBL5872,G-protein coupled estrogen receptor 1,Activity,,,,,CHEMBL1221181
17alpha-estradiol,VOXZDWNPVJITMN-SFFUCWETSA-N,CHEMBL286452,3418507,CHEMBL1226317,F,Agonist activity at GFP-tagged ERalpha expressed in COS7 cells assessed as increase in intracellular calcium level at 1 uM by spectrofluorimetry,CHEMBL206,Estrogen receptor,Activity,,,,,CHEMBL1221181
17alpha-estradiol,VOXZDWNPVJITMN-SFFUCWETSA-N,CHEMBL286452,3418508,CHEMBL1226318,F,Agonist activity at GFP-tagged ERbeta expressed in COS7 cells assessed as increase in intracellular calcium level at 1 uM by spectrofluorimetry,CHEMBL242,Estrogen receptor beta,Activity,,,,,CHEMBL1221181
17alpha-estradiol,VOXZDWNPVJITMN-SFFUCWETSA-N,CHEMBL286452,5683302,CHEMBL1738442,F,PUBCHEM_BIOASSAY: qHTS Assay for Inhibitors of Histone Lysine Methyltransferase G9a. (Class of assay: confirmatory) [Related pubchem assays (depositor defined):AID504404],CHEMBL6032,Histone-lysine N-methyltransferase EHMT2,Potency,,6309.6,nM,,CHEMBL1201862
17alpha-estradiol,VOXZDWNPVJITMN-SFFUCWETSA-N,CHEMBL286452,6469807,CHEMBL1794364,F,PUBCHEM_BIOASSAY: qHTS assay for small molecule agonists of estrogen receptor alpha signaling. (Class of assay: confirmatory) ,CHEMBL206,Estrogen receptor,Potency,,4.0,nM,,CHEMBL1201862
17alpha-estradiol,VOXZDWNPVJITMN-SFFUCWETSA-N,CHEMBL286452,7460785,CHEMBL1794382,F,PUBCHEM_BIOASSAY: qHTS assay for small molecule antagonists of glucocorticoid receptor signaling. (Class of assay: confirmatory) ,CHEMBL2034,Glucocorticoid receptor,Potency,,12589.3,nM,,CHEMBL1201862
17alpha-estradiol,VOXZDWNPVJITMN-SFFUCWETSA-N,CHEMBL286452,7565640,CHEMBL1908080,A,Specific activity of expressed human recombinant UGT1A1,CHEMBL1287617,UDP-glucuronosyltransferase 1A1,Activity,=,0.0,pm/min/mg,,CHEMBL1907987
17alpha-estradiol,VOXZDWNPVJITMN-SFFUCWETSA-N,CHEMBL286452,11827083,CHEMBL2114797,F,PubChem BioAssay. qHTS assay for small molecule activators of the rat pregnane X receptor (rPXR) signaling pathway. (Class of assay: confirmatory) ,CHEMBL2146315,Nuclear receptor subfamily 1 group I member 2,Potency,,39810.7,nM,,CHEMBL1201862
17alpha-estradiol,VOXZDWNPVJITMN-SFFUCWETSA-N,CHEMBL286452,14154032,CHEMBL3215169,B,PubChem BioAssay. qHTS for Inhibitors of binding or entry into cells for Lassa Virus.   (Class of assay: confirmatory) ,CHEMBL612545,Unchecked,Potency,,28183.8,nM,,CHEMBL1201862
17alpha-estradiol,VOXZDWNPVJITMN-SFFUCWETSA-N,CHEMBL286452,14164413,CHEMBL3215112,F,PubChem BioAssay. qHTS assay for small molecule activators of the human pregnane X receptor (PXR) signaling pathway.   (Class of assay: confirmatory) ,CHEMBL612546,Molecular identity unknown,Potency,,39810.7,nM,,CHEMBL1201862
Navitoclax,JLYAXFNOILIKPP-KXQOOQHDSA-N,CHEMBL443684,2460258,CHEMBL958721,B,Binding affinity to BH3 binding groove of BclXL,CHEMBL3817,Bcl2-associated agonist of cell death,Ki,<,0.5,nM,,CHEMBL1157388
Navitoclax,JLYAXFNOILIKPP-KXQOOQHDSA-N,CHEMBL443684,2474047,CHEMBL985387,F,Cytotoxicity against IL3-dependent mouse FL5.12 cells overexpressing human Bcl2 assessed as cell viability after 24 hrs by MTS assay in absence of serum,CHEMBL3879801,NON-PROTEIN TARGET,EC50,=,5.9,nM,8.23,CHEMBL1142517
Navitoclax,JLYAXFNOILIKPP-KXQOOQHDSA-N,CHEMBL443684,2474064,CHEMBL985388,F,Cytotoxicity against IL3-dependent mouse FL5.12 cells overexpressing human Bcl-XL assessed as cell viability after 24 hrs by MTS assay in absence of serum,CHEMBL3879801,NON-PROTEIN TARGET,EC50,=,4.2,nM,8.38,CHEMBL1142517
Navitoclax,JLYAXFNOILIKPP-KXQOOQHDSA-N,CHEMBL443684,2474079,CHEMBL985389,F,Cytotoxicity against human NCI-H146 cells assessed as cell viability after 48 hrs in presence of 10% human serum,CHEMBL3879801,NON-PROTEIN TARGET,EC50,=,86.7,nM,7.06,CHEMBL1142517
Navitoclax,JLYAXFNOILIKPP-KXQOOQHDSA-N,CHEMBL443684,2474094,CHEMBL985391,A,"AUC in Sprague-Dawley rat at 5 mg/kg, po",CHEMBL376,Rattus norvegicus,AUC,=,6101.18,ng.hr.mL-1,,CHEMBL1142517
Navitoclax,JLYAXFNOILIKPP-KXQOOQHDSA-N,CHEMBL443684,2474100,CHEMBL985393,F,"Ratio of AUC for Sprague-Dawley rat at 5 mg/kg, po to EC50 for human NCI-H146 cells in presence of 10% human serum",CHEMBL612545,Unchecked,Ratio,=,72.2,,,CHEMBL1142517
Navitoclax,JLYAXFNOILIKPP-KXQOOQHDSA-N,CHEMBL443684,2474106,CHEMBL985394,A,"AUC in CD1 mouse at 50 mg/kg, po",CHEMBL375,Mus musculus,AUC,=,55261.52,ng.hr.mL-1,,CHEMBL1142517
Navitoclax,JLYAXFNOILIKPP-KXQOOQHDSA-N,CHEMBL443684,2474110,CHEMBL985395,A,"AUC in Beagle dog at 2.5 mg/kg, iv or po",CHEMBL373,Canis familiaris,AUC,=,27094.71,ng.hr.mL-1,,CHEMBL1142517
Navitoclax,JLYAXFNOILIKPP-KXQOOQHDSA-N,CHEMBL443684,2474111,CHEMBL985396,A,"AUC in cynomolgus monkey at 2.5 mg/kg, po",CHEMBL613847,Cynomolgus monkey,AUC,=,6442.3,ng.hr.mL-1,,CHEMBL1142517
Navitoclax,JLYAXFNOILIKPP-KXQOOQHDSA-N,CHEMBL443684,2474131,CHEMBL985385,B,Displacement of fluorescein labeled BAD peptide from Bcl-XL by fluorescence polarization assay,CHEMBL3817,Bcl2-associated agonist of cell death,Ki,<,1.0,nM,,CHEMBL1142517
Navitoclax,JLYAXFNOILIKPP-KXQOOQHDSA-N,CHEMBL443684,2474149,CHEMBL985386,B,Displacement of fluorescein labeled Bax peptide from Bcl2 by fluorescence polarization assay,CHEMBL4860,Apoptosis regulator Bcl-2,Ki,<,1.0,nM,,CHEMBL1142517
Navitoclax,JLYAXFNOILIKPP-KXQOOQHDSA-N,CHEMBL443684,2474150,CHEMBL985397,A,Oral elimination half life in Sprague-Dawley rat,CHEMBL376,Rattus norvegicus,T1/2,=,4.0,hr,,CHEMBL1142517
Navitoclax,JLYAXFNOILIKPP-KXQOOQHDSA-N,CHEMBL443684,2474151,CHEMBL985398,A,Oral elimination half life in CD1 mouse,CHEMBL375,Mus musculus,T1/2,=,4.0,hr,,CHEMBL1142517
Navitoclax,JLYAXFNOILIKPP-KXQOOQHDSA-N,CHEMBL443684,2474152,CHEMBL985399,A,Oral elimination half life in Beagle dog,CHEMBL373,Canis familiaris,T1/2,=,4.0,hr,,CHEMBL1142517
Navitoclax,JLYAXFNOILIKPP-KXQOOQHDSA-N,CHEMBL443684,2474153,CHEMBL985400,A,Oral elimination half life in cynomolgus monkey,CHEMBL613847,Cynomolgus monkey,T1/2,=,4.0,hr,,CHEMBL1142517
Navitoclax,JLYAXFNOILIKPP-KXQOOQHDSA-N,CHEMBL443684,2474154,CHEMBL985401,A,Oral bioavailability in CD1 mouse,CHEMBL375,Mus musculus,F,=,20.0,%,,CHEMBL1142517
Navitoclax,JLYAXFNOILIKPP-KXQOOQHDSA-N,CHEMBL443684,2474155,CHEMBL985402,A,Oral bioavailability in Beagle dog,CHEMBL373,Canis familiaris,F,=,20.0,%,,CHEMBL1142517
Navitoclax,JLYAXFNOILIKPP-KXQOOQHDSA-N,CHEMBL443684,2474156,CHEMBL985403,A,Oral bioavailability in cynomolgus monkey,CHEMBL613847,Cynomolgus monkey,F,=,20.0,%,,CHEMBL1142517
Navitoclax,JLYAXFNOILIKPP-KXQOOQHDSA-N,CHEMBL443684,2474157,CHEMBL985404,F,"Antitumor activity against human NCI-H146 cells xenografted C.B-17 SCID-bg mouse assessed as inhibition of tumor growth at 100 mg/kg, po daily once for 21 days",CHEMBL3879801,NON-PROTEIN TARGET,TGI,=,100.0,%,,CHEMBL1142517
Navitoclax,JLYAXFNOILIKPP-KXQOOQHDSA-N,CHEMBL443684,2474158,CHEMBL985392,A,Oral bioavailability in Sprague-Dawley rat at 5 mg/kg,CHEMBL376,Rattus norvegicus,F,=,20.0,%,,CHEMBL1142517
Navitoclax,JLYAXFNOILIKPP-KXQOOQHDSA-N,CHEMBL443684,2474159,CHEMBL990639,A,Oral bioavailability in Sprague-Dawley rat,CHEMBL376,Rattus norvegicus,F,=,20.0,%,,CHEMBL1142517
Navitoclax,JLYAXFNOILIKPP-KXQOOQHDSA-N,CHEMBL443684,2474160,CHEMBL990640,T,"Toxicity against human NCI-H146 cells xenografted C.B-17 SCID-bg mouse assessed as weight loss at 100 mg/kg, po daily once for 21 days",CHEMBL375,Mus musculus,Activity,<,5.0,%,,CHEMBL1142517
Navitoclax,JLYAXFNOILIKPP-KXQOOQHDSA-N,CHEMBL443684,3121856,CHEMBL1072270,B,Binding affinity to Bcl-xL by competitive fluorescence polarization assay,CHEMBL4625,Bcl-2-like protein 1,Ki,<,1.0,nM,,CHEMBL1157656
Navitoclax,JLYAXFNOILIKPP-KXQOOQHDSA-N,CHEMBL443684,3526124,CHEMBL1274437,B,Binding affinity to Bcl-xl,CHEMBL4625,Bcl-2-like protein 1,Ki,=,36.0,nM,7.44,CHEMBL1268954
Navitoclax,JLYAXFNOILIKPP-KXQOOQHDSA-N,CHEMBL443684,5295734,CHEMBL1693337,F,Cytotoxicity against human NCI-H1963 after 48 hrs by MTS assay in presence of 10% human serum,CHEMBL2366075,NCI-H1963,EC50,=,51.0,nM,7.29,CHEMBL1687940
Navitoclax,JLYAXFNOILIKPP-KXQOOQHDSA-N,CHEMBL443684,5295742,CHEMBL1693336,F,Cytotoxicity against human NCI-H889 after 48 hrs by MTS assay in presence of 10% human serum,CHEMBL2366169,NCI-H889,EC50,=,120.0,nM,6.92,CHEMBL1687940
Navitoclax,JLYAXFNOILIKPP-KXQOOQHDSA-N,CHEMBL443684,5295750,CHEMBL1693335,F,Cytotoxicity against human NCI-H146 after 48 hrs by MTS assay in presence of 10% human serum,CHEMBL3879801,NON-PROTEIN TARGET,EC50,=,80.0,nM,7.10,CHEMBL1687940
Navitoclax,JLYAXFNOILIKPP-KXQOOQHDSA-N,CHEMBL443684,6748993,CHEMBL1794483,F,PUBCHEM_BIOASSAY: qHTS for Inhibitors of Polymerase Iota. (Class of assay: confirmatory) [Related pubchem assays (depositor defined):AID588623],CHEMBL5391,DNA polymerase iota,Potency,,39810.7,nM,,CHEMBL1201862
Navitoclax,JLYAXFNOILIKPP-KXQOOQHDSA-N,CHEMBL443684,6857041,CHEMBL1794486,F,PUBCHEM_BIOASSAY: qHTS Assay for the Inhibitors of Human Flap endonuclease 1 (FEN1). (Class of assay: confirmatory) [Related pubchem assays (depositor defined):AID488813],CHEMBL5027,Flap endonuclease 1,Potency,,89125.1,nM,,CHEMBL1201862
Navitoclax,JLYAXFNOILIKPP-KXQOOQHDSA-N,CHEMBL443684,7044352,CHEMBL1794536,F,PUBCHEM_BIOASSAY: qHTS for Inhibitors of Polymerase Kappa. (Class of assay: confirmatory) [Related pubchem assays (depositor defined):AID588638],CHEMBL5365,DNA polymerase kappa,Potency,,44668.4,nM,,CHEMBL1201862
Navitoclax,JLYAXFNOILIKPP-KXQOOQHDSA-N,CHEMBL443684,7067877,CHEMBL1794553,F,"PUBCHEM_BIOASSAY: qHTS for Inhibitors of TGF-b: Cytotox Counterscreen. (Class of assay: confirmatory) [Related pubchem assays (depositor defined):AID588855, AID588860]",CHEMBL395,HepG2,Potency,,5623.4,nM,,CHEMBL1201862
Navitoclax,JLYAXFNOILIKPP-KXQOOQHDSA-N,CHEMBL443684,7298060,CHEMBL1794584,F,"PUBCHEM_BIOASSAY: qHTS for Inhibitors of TGF-b. (Class of assay: confirmatory) [Related pubchem assays (depositor defined):AID588856, AID588860]",CHEMBL1293258,Mothers against decapentaplegic homolog 3,Potency,,3162.3,nM,,CHEMBL1201862
Navitoclax,JLYAXFNOILIKPP-KXQOOQHDSA-N,CHEMBL443684,10054745,CHEMBL1963893,F,PUBCHEM_BIOASSAY: qHTS for Inducers of the Endoplasmic Reticulum Stress Response (ERSR) in Human Glioma: qHTS. (Class of assay: confirmatory) ,CHEMBL1781865,Endoplasmic reticulum chaperone BiP,Potency,,22387.2,nM,,CHEMBL1201862
Navitoclax,JLYAXFNOILIKPP-KXQOOQHDSA-N,CHEMBL443684,10894431,CHEMBL2034050,F,Induction of apoptosis in human SU-DHL4 cells assessed as cytochrome c release at 0.1 to 10 uM after 24 hrs by Western blot analysis,CHEMBL613711,SUD4,Activity,,,,,CHEMBL2029223
Navitoclax,JLYAXFNOILIKPP-KXQOOQHDSA-N,CHEMBL443684,10894432,CHEMBL2034350,F,Induction of apoptosis in human SU-DHL4 cells assessed as BAK oligomerization at 0.1 to 10 uM after 24 hrs by Western blot analysis,CHEMBL613711,SUD4,Activity,,,,,CHEMBL2029223
Navitoclax,JLYAXFNOILIKPP-KXQOOQHDSA-N,CHEMBL443684,11457312,CHEMBL2114730,F,PubChem BioAssay. Cell Proliferation Assay against the TMD8 Cell Line (Caspase readout at 16 hrs). (Class of assay: confirmatory) ,CHEMBL612545,Unchecked,Potency,,2635.1,nM,,CHEMBL1201862
Navitoclax,JLYAXFNOILIKPP-KXQOOQHDSA-N,CHEMBL443684,11460337,CHEMBL2114770,F,PubChem BioAssay. qHTS Assay for Identification of Small Molecule Antagonists for NFkB Signaling Pathway. (Class of assay: confirmatory) ,CHEMBL612545,Unchecked,Potency,,14947.7,nM,,CHEMBL1201862
Navitoclax,JLYAXFNOILIKPP-KXQOOQHDSA-N,CHEMBL443684,11575173,CHEMBL2114777,F,PubChem BioAssay. Cell Proliferation Assay against a hMSC Cell Line. (Class of assay: confirmatory) ,CHEMBL612545,Unchecked,Potency,,5.9,nM,,CHEMBL1201862
Navitoclax,JLYAXFNOILIKPP-KXQOOQHDSA-N,CHEMBL443684,11582444,CHEMBL2114779,F,PubChem BioAssay. Cytotoxicity counterscreen for NFkB agonists and antagonists. (Class of assay: confirmatory) ,CHEMBL3879801,NON-PROTEIN TARGET,Potency,,4176.3,nM,,CHEMBL1201862
Navitoclax,JLYAXFNOILIKPP-KXQOOQHDSA-N,CHEMBL443684,11834654,CHEMBL2114803,F,PubChem BioAssay. Cell Proliferation Assay against the TMD8 Cell Line (Caspase readout at 8 hrs). (Class of assay: confirmatory) ,CHEMBL612545,Unchecked,Potency,,29565.9,nM,,CHEMBL1201862
Navitoclax,JLYAXFNOILIKPP-KXQOOQHDSA-N,CHEMBL443684,12098479,CHEMBL2173861,F,Induction of apoptosis in human NCI-H146 cells assessed as caspase 3 activation at 30 nM after 24 hrs by Western blot analysis,CHEMBL4523572,NCI-H146,Activity,,,,,CHEMBL2169845
Navitoclax,JLYAXFNOILIKPP-KXQOOQHDSA-N,CHEMBL443684,12098480,CHEMBL2173862,F,Induction of apoptosis in human NCI-H146 cells assessed as PARP cleavage at 30 nM after 24 hrs by Western blot analysis,CHEMBL4523572,NCI-H146,Activity,,,,,CHEMBL2169845
Navitoclax,JLYAXFNOILIKPP-KXQOOQHDSA-N,CHEMBL443684,12098501,CHEMBL2173953,F,Induction of apoptosis in human NCI-H146 cells assessed as cell viability at 30 to 100 nM after 24 hrs by trypan blue exclusion assay,CHEMBL4523572,NCI-H146,Activity,>,50.0,%,,CHEMBL2169845
Navitoclax,JLYAXFNOILIKPP-KXQOOQHDSA-N,CHEMBL443684,12098508,CHEMBL2173955,F,Induction of apoptosis in human NCI-H146 cells assessed as cell viability after 24 hrs by trypan blue exclusion assay,CHEMBL4523572,NCI-H146,Activity,,,,,CHEMBL2169845
Navitoclax,JLYAXFNOILIKPP-KXQOOQHDSA-N,CHEMBL443684,12660951,CHEMBL2329986,F,Cytotoxicity against human NCI-H1417 cells assessed as growth inhibition after 4 days by WST assay,CHEMBL2366149,NCI-H1417,IC50,=,54.2,nM,7.27,CHEMBL2321752
Navitoclax,JLYAXFNOILIKPP-KXQOOQHDSA-N,CHEMBL443684,12660955,CHEMBL2329987,F,Cytotoxicity against human NCI-H187 cells assessed as growth inhibition after 4 days by WST assay,CHEMBL2366276,NCI-H187,IC50,=,38.4,nM,7.42,CHEMBL2321752
Navitoclax,JLYAXFNOILIKPP-KXQOOQHDSA-N,CHEMBL443684,12660959,CHEMBL2330003,F,Cytotoxicity against human NCI-H1963 cells assessed as growth inhibition after 4 days by WST assay,CHEMBL2366075,NCI-H1963,IC50,=,26.6,nM,7.58,CHEMBL2321752
Navitoclax,JLYAXFNOILIKPP-KXQOOQHDSA-N,CHEMBL443684,12736579,CHEMBL2354221,F,PubChem BioAssay. qHTS for Inhibitors of human tyrosyl-DNA phosphodiesterase 1 (TDP1): qHTS in cells in absence of CPT. (Class of assay: confirmatory) ,CHEMBL1075138,Tyrosyl-DNA phosphodiesterase 1,Potency,,316.2,nM,,CHEMBL1201862
Navitoclax,JLYAXFNOILIKPP-KXQOOQHDSA-N,CHEMBL443684,13061224,CHEMBL2354254,F,PubChem BioAssay. qHTS for Inhibitors of human tyrosyl-DNA phosphodiesterase 1 (TDP1): qHTS in cells in presence of CPT. (Class of assay: confirmatory) ,CHEMBL1075138,Tyrosyl-DNA phosphodiesterase 1,Potency,,446.7,nM,,CHEMBL1201862
Navitoclax,JLYAXFNOILIKPP-KXQOOQHDSA-N,CHEMBL443684,13201872,CHEMBL2363186,F,SANGER: Inhibition of human DOK cell growth in a cell viability assay.,CHEMBL1075435,DOK,IC50,=,56232.51,nM,4.25,CHEMBL1201861
Resveratrol,LUKBXSAWLPMMSZ-OWOJBTEDSA-N,CHEMBL165,123477,CHEMBL689647,F,In vitro inhibitory concentration against proliferation of HL60 cells,CHEMBL383,HL-60,IC50,=,5000.0,nM,5.30,CHEMBL1144989
Resveratrol,LUKBXSAWLPMMSZ-OWOJBTEDSA-N,CHEMBL165,123478,CHEMBL689641,F,In vitro concentration required to induce apoptosis in HL60 cells,CHEMBL383,HL-60,AC50,=,50000.0,nM,4.30,CHEMBL1144989
Resveratrol,LUKBXSAWLPMMSZ-OWOJBTEDSA-N,CHEMBL165,389463,CHEMBL770635,F,Inhibitory effect on PGE-2 production in LPS-stimulated RAW264.7 cells,CHEMBL612557,RAW264.7,IC50,=,4000.0,nM,5.40,CHEMBL1147543
Resveratrol,LUKBXSAWLPMMSZ-OWOJBTEDSA-N,CHEMBL165,661918,CHEMBL765997,B,Tested in vitro for the inhibition of protein-tyrosine kinase p56lck using angiotensin I (1.2 mM) and [gamma-32P]-ATP (50 pM),CHEMBL258,Tyrosine-protein kinase Lck,IC50,=,112000.0,nM,,CHEMBL1126838
Resveratrol,LUKBXSAWLPMMSZ-OWOJBTEDSA-N,CHEMBL165,855747,CHEMBL844728,B,Free radical scavenging activity of DPPH was determined,CHEMBL612545,Unchecked,IC50,=,123300.0,nM,,CHEMBL1146840
Resveratrol,LUKBXSAWLPMMSZ-OWOJBTEDSA-N,CHEMBL165,855748,CHEMBL874054,B,Free radical scavenging activity of DPPH was determined; value taken from reference 11,CHEMBL612545,Unchecked,IC50,=,74000.0,nM,4.13,CHEMBL1146840
Resveratrol,LUKBXSAWLPMMSZ-OWOJBTEDSA-N,CHEMBL165,855749,CHEMBL838987,B,Free radical scavenging activity of DPPH w.r.t. resveratrol was determined,CHEMBL612545,Unchecked,Relative IC50,=,1.0,,,CHEMBL1146840
Resveratrol,LUKBXSAWLPMMSZ-OWOJBTEDSA-N,CHEMBL165,855750,CHEMBL844842,B,Free radical scavenging activity of DPPH expressed as percent polyphenol,CHEMBL612545,Unchecked,Activity,=,100.0,%,,CHEMBL1146840
Resveratrol,LUKBXSAWLPMMSZ-OWOJBTEDSA-N,CHEMBL165,973886,CHEMBL739443,F,Inhibitory activity against nitric oxide production in LPS-activated mouse peritoneal macrophages,CHEMBL375,Mus musculus,IC50,=,68000.0,nM,4.17,CHEMBL1133390
Resveratrol,LUKBXSAWLPMMSZ-OWOJBTEDSA-N,CHEMBL165,991672,CHEMBL754537,F,In vitro inhibition of P388 (murine leukemia) cell proliferation.,CHEMBL389,P388,ED50,=,4.49,ug ml-1,,CHEMBL1135463
Resveratrol,LUKBXSAWLPMMSZ-OWOJBTEDSA-N,CHEMBL165,991673,CHEMBL647434,F,In vitro growth inhibition of BXPC-3 (human pancreatic adenocarcinoma) cell line.,CHEMBL614530,BXPC-3,GI50,=,3.3,ug.mL-1,,CHEMBL1135463
Resveratrol,LUKBXSAWLPMMSZ-OWOJBTEDSA-N,CHEMBL165,991674,CHEMBL877243,F,"Cell growth inhibition of breast MCF-7 cells, expressed as 50% reduction in the net protein increase",CHEMBL387,MCF7,GI50,=,3.9,ug.mL-1,,CHEMBL1135463
Resveratrol,LUKBXSAWLPMMSZ-OWOJBTEDSA-N,CHEMBL165,991675,CHEMBL805982,F,In vitro growth inhibition of central nervous system SF-268 cell line.,CHEMBL613977,SF-268,GI50,=,4.1,ug.mL-1,,CHEMBL1135463
Resveratrol,LUKBXSAWLPMMSZ-OWOJBTEDSA-N,CHEMBL165,991676,CHEMBL750877,F,In vitro growth inhibition of NCI-H460 (human non-small cell lung carcinoma) cell line.,CHEMBL612545,Unchecked,GI50,=,3.6,ug.mL-1,,CHEMBL1135463
Resveratrol,LUKBXSAWLPMMSZ-OWOJBTEDSA-N,CHEMBL165,991677,CHEMBL704498,F,In vitro growth inhibition of KM20L2 cell line.,CHEMBL614791,KM-20L2,GI50,=,13.1,ug.mL-1,,CHEMBL1135463
Resveratrol,LUKBXSAWLPMMSZ-OWOJBTEDSA-N,CHEMBL165,991678,CHEMBL667648,F,In vitro growth inhibition of DU-145 (human prostate carcinoma) cell line.,CHEMBL613508,DU-145,GI50,=,3.5,ug.mL-1,,CHEMBL1135463
Resveratrol,LUKBXSAWLPMMSZ-OWOJBTEDSA-N,CHEMBL165,991679,CHEMBL664828,F,Minimum inhibitory concentration (MIC) that inhibits all visible growth of the Cryptococcus neoformans (fungus) at 64 ug/ml,CHEMBL365,Cryptococcus neoformans,MIC,=,0.0,ug.mL-1,,CHEMBL1135463
Resveratrol,LUKBXSAWLPMMSZ-OWOJBTEDSA-N,CHEMBL165,991680,CHEMBL659881,F,The minimum inhibitory concentration (MIC) that inhibits all visible growth of the Candida albicans (fungus) at 64 ug/ml,CHEMBL366,Candida albicans,MIC,=,0.0,ug.mL-1,,CHEMBL1135463
Resveratrol,LUKBXSAWLPMMSZ-OWOJBTEDSA-N,CHEMBL165,991681,CHEMBL810343,F,The minimum inhibitory concentration (MIC) that inhibits all visible growth of the Staphylococcus aureus (bacteria) at 64 ug/ml,CHEMBL352,Staphylococcus aureus,MIC,=,0.0,ug.mL-1,,CHEMBL1135463
Resveratrol,LUKBXSAWLPMMSZ-OWOJBTEDSA-N,CHEMBL165,991682,CHEMBL814670,F,The minimum inhibitory concentration (MIC) that inhibits all visible growth of the Streptococcus pneumoniae (bacteria) at 64 ug/ml,CHEMBL347,Streptococcus pneumoniae,MIC,=,0.0,ug.mL-1,,CHEMBL1135463
Resveratrol,LUKBXSAWLPMMSZ-OWOJBTEDSA-N,CHEMBL165,991683,CHEMBL681590,F,the minimum inhibitory concentration (MIC) that inhibits all visible growth of the Enterococcus faecalis (bacteria) at 64 ug/ml,CHEMBL362,Enterococcus faecalis,MIC,=,0.0,ug.mL-1,,CHEMBL1135463
Resveratrol,LUKBXSAWLPMMSZ-OWOJBTEDSA-N,CHEMBL165,991684,CHEMBL731197,F,the minimum inhibitory concentration (MIC) that inhibits all visible growth of the Micrococcus luteus (bacteria) at 64 ug/ml,CHEMBL614421,Micrococcus luteus,MIC,=,0.0,ug.mL-1,,CHEMBL1135463
Resveratrol,LUKBXSAWLPMMSZ-OWOJBTEDSA-N,CHEMBL165,991685,CHEMBL677984,F,The minimum inhibitory concentration (MIC) that inhibits all visible growth of the Escherichia coli (bacteria) at 64 ug/ml,CHEMBL354,Escherichia coli,MIC,=,0.0,ug.mL-1,,CHEMBL1135463
Resveratrol,LUKBXSAWLPMMSZ-OWOJBTEDSA-N,CHEMBL165,991686,CHEMBL675768,F,The minimum inhibitory concentration (MIC) that inhibits all visible growth of the Enterobacter cloacae (bacteria) at 64 ug/ml,CHEMBL349,Enterobacter cloacae,MIC,=,0.0,ug.mL-1,,CHEMBL1135463
Resveratrol,LUKBXSAWLPMMSZ-OWOJBTEDSA-N,CHEMBL165,991687,CHEMBL814083,F,The minimum inhibitory concentration (MIC) that inhibits all visible growth of the Stenotrophomonas maltophilia (bacteria) at 64 ug/ml,CHEMBL612366,Stenotrophomonas maltophilia,MIC,=,0.0,ug.mL-1,,CHEMBL1135463
Resveratrol,LUKBXSAWLPMMSZ-OWOJBTEDSA-N,CHEMBL165,991688,CHEMBL753617,F,The minimum inhibitory concentration (MIC) that inhibits all visible growth of the Neisseria gonorrhoeae (bacteria),CHEMBL614430,Neisseria gonorrhoeae,MIC,=,16.0,ug.mL-1,,CHEMBL1135463
Resveratrol,LUKBXSAWLPMMSZ-OWOJBTEDSA-N,CHEMBL165,991689,CHEMBL844434,F,Inhibition of tubulin polymerization reported as IC50,CHEMBL2094134,Tubulin,IC50,>,40000.0,nM,,CHEMBL1135463
Resveratrol,LUKBXSAWLPMMSZ-OWOJBTEDSA-N,CHEMBL165,1071573,CHEMBL770015,F,Inhibitory activity against nitric oxide production in lipopolysaccharide-activated mouse macrophage RAW264.7 cells,CHEMBL612557,RAW264.7,IC50,=,15900.0,nM,4.80,CHEMBL1146632
Resveratrol,LUKBXSAWLPMMSZ-OWOJBTEDSA-N,CHEMBL165,1412239,CHEMBL835649,F,In vitro growth inhibitory concentration against human mammary carcinoma cell line MDA MB 468,CHEMBL3879801,NON-PROTEIN TARGET,GI50,>,40000.0,nM,,CHEMBL1142677
Resveratrol,LUKBXSAWLPMMSZ-OWOJBTEDSA-N,CHEMBL165,1412240,CHEMBL836394,F,In vitro growth inhibitory concentration against human colon cancer cell line HCT 116,CHEMBL394,HCT-116,GI50,>,40000.0,nM,,CHEMBL1142677
Resveratrol,LUKBXSAWLPMMSZ-OWOJBTEDSA-N,CHEMBL165,1412241,CHEMBL877054,F,Percent of apoptosis in MDA MB 468 Cell line determined by Annexin-V-FITC/PI analysis at 10 uM,CHEMBL612545,Unchecked,Apoptosis,=,4.0,%,,CHEMBL1142677
Resveratrol,LUKBXSAWLPMMSZ-OWOJBTEDSA-N,CHEMBL165,1419643,CHEMBL828134,B,Binding affinity for aryl hydrocarbon receptor (AhR) of rabbit liver cytosol incubated with 0.2 nM [3H]-TCDD; Antagonist,CHEMBL4725,Aryl hydrocarbon receptor,Ki,=,169.0,nM,6.77,CHEMBL1139491
Resveratrol,LUKBXSAWLPMMSZ-OWOJBTEDSA-N,CHEMBL165,1419644,CHEMBL829990,B,Binding affinity for estrogen receptor (ER) alpha of MCF-7 cell cytosol incubated with 2 nM [3H]estradiol; Agonist,CHEMBL206,Estrogen receptor,Ki,=,785.0,nM,6.11,CHEMBL1139491
Resveratrol,LUKBXSAWLPMMSZ-OWOJBTEDSA-N,CHEMBL165,1460734,CHEMBL837264,F,inhibitory concentration against PGE-2 production in LPS-stimulated RAW264.7 cells,CHEMBL612557,RAW264.7,IC50,=,20800.0,nM,4.68,CHEMBL1137064
Resveratrol,LUKBXSAWLPMMSZ-OWOJBTEDSA-N,CHEMBL165,1610950,CHEMBL856244,F,Inhibitory concentration required for antiproliferative activity against human MDA-MB-231 cells,CHEMBL400,MDA-MB-231,IC50,=,20500.0,nM,4.69,CHEMBL1141133
Resveratrol,LUKBXSAWLPMMSZ-OWOJBTEDSA-N,CHEMBL165,1664636,CHEMBL863435,F,Noradrenaline induced vasorelaxant activity in intact rat aortic rings,CHEMBL326,Alpha-1D adrenergic receptor,IC50,=,19950.0,nM,4.70,CHEMBL1148563
Resveratrol,LUKBXSAWLPMMSZ-OWOJBTEDSA-N,CHEMBL165,1664637,CHEMBL863436,F,Inhibition of thrombin-induced platelet aggregation in human,CHEMBL221,Prostaglandin G/H synthase 1,IC50,=,195500.0,nM,,CHEMBL1148563
Resveratrol,LUKBXSAWLPMMSZ-OWOJBTEDSA-N,CHEMBL165,1673547,CHEMBL865744,F,Cytotoxicity against neuroblastoma SHSY5Y cell line by MTT assay at 100 uM,CHEMBL614910,SH-SY5Y,Activity,=,33.5,%,,CHEMBL1148612
Resveratrol,LUKBXSAWLPMMSZ-OWOJBTEDSA-N,CHEMBL165,1673550,CHEMBL859575,F,Cytotoxicity against basophilic leukemia RBL 2H3 cell line by MTT assay at 100 uM,CHEMBL614632,RBL-2H3,Activity,=,52.1,%,,CHEMBL1148612
Resveratrol,LUKBXSAWLPMMSZ-OWOJBTEDSA-N,CHEMBL165,1673553,CHEMBL859576,F,Cytotoxicity against human pancreatic carcinoma FG2 cell line by MTT assay at 100 uM,CHEMBL612407,FG2,Activity,=,42.2,%,,CHEMBL1148612
Resveratrol,LUKBXSAWLPMMSZ-OWOJBTEDSA-N,CHEMBL165,1673563,CHEMBL858947,F,Cytotoxicity against breast cancer MDA-MB-231 cell line by MTT assay at 100 uM,CHEMBL400,MDA-MB-231,Activity,=,67.9,%,,CHEMBL1148612
Resveratrol,LUKBXSAWLPMMSZ-OWOJBTEDSA-N,CHEMBL165,1713992,CHEMBL861697,F,Antiproliferative activity against human HL60 cell line,CHEMBL383,HL-60,IC50,=,5000.0,nM,5.30,CHEMBL1147681
Resveratrol,LUKBXSAWLPMMSZ-OWOJBTEDSA-N,CHEMBL165,1714014,CHEMBL861698,F,Proapoptotic activity against human HL60 cell line,CHEMBL383,HL-60,AC50,=,50000.0,nM,4.30,CHEMBL1147681
Resveratrol,LUKBXSAWLPMMSZ-OWOJBTEDSA-N,CHEMBL165,1714036,CHEMBL861699,F,Antiproliferative activity against MDR human HL60R cell line,CHEMBL4302,ATP-dependent translocase ABCB1,IC50,=,60000.0,nM,4.22,CHEMBL1147681
Resveratrol,LUKBXSAWLPMMSZ-OWOJBTEDSA-N,CHEMBL165,1714058,CHEMBL861700,F,Proapoptotic activity against MDR human HL60R cell line,CHEMBL4302,ATP-dependent translocase ABCB1,AC50,>,100000.0,nM,,CHEMBL1147681
Resveratrol,LUKBXSAWLPMMSZ-OWOJBTEDSA-N,CHEMBL165,1714080,CHEMBL861701,F,Antiproliferative activity against human K562 cell line expressing Bcr-Abl,CHEMBL2096618,Bcr/Abl fusion protein,IC50,=,28000.0,nM,4.55,CHEMBL1147681
Resveratrol,LUKBXSAWLPMMSZ-OWOJBTEDSA-N,CHEMBL165,1714102,CHEMBL861702,F,Proapoptotic activity against human K562 cell line expressing Bcr-Abl,CHEMBL2096618,Bcr/Abl fusion protein,AC50,>,100000.0,nM,,CHEMBL1147681
Resveratrol,LUKBXSAWLPMMSZ-OWOJBTEDSA-N,CHEMBL165,1714140,CHEMBL866874,F,Induction of differentiation of human HL60 cells at 10 uM measured as expression of monocytic marker CD14 after 4 days,CHEMBL383,HL-60,Activity,=,23.0,%,,CHEMBL1147681
Resveratrol,LUKBXSAWLPMMSZ-OWOJBTEDSA-N,CHEMBL165,1714142,CHEMBL866875,F,Induction of differentiation of human HL60 cells at 10 uM measured as expression of granulocytic marker CD11b after 4 days,CHEMBL383,HL-60,Activity,=,24.0,%,,CHEMBL1147681
Resveratrol,LUKBXSAWLPMMSZ-OWOJBTEDSA-N,CHEMBL165,1714144,CHEMBL866876,F,Induction of differentiation of human HL60 cells at 10 uM measured as expression of granulocytic marker CD11c after 4 days,CHEMBL383,HL-60,Activity,=,22.0,%,,CHEMBL1147681
Nicotinamide mononucleotide,DAYLJWODMCOQEW-TURQNECASA-N,CHEMBL610238,203732,CHEMBL682263,B,Inhibitory concentration against Trypanosoma mexicana glyceraldehyde-3-phosphate dehydrogenase (GAPDH),CHEMBL612545,Unchecked,IC50,>,500000.0,nM,,CHEMBL1133799
Nicotinamide mononucleotide,DAYLJWODMCOQEW-TURQNECASA-N,CHEMBL610238,203733,CHEMBL682265,B,Inhibitory concentration against rabbit muscle glyceraldehyde-3-phosphate dehydrogenase (GAPDH),CHEMBL612545,Unchecked,IC50,>,500000.0,nM,,CHEMBL1133799
Nicotinamide mononucleotide,DAYLJWODMCOQEW-TURQNECASA-N,CHEMBL610238,593352,CHEMBL683666,B,In vitro inhibitory activity against bovine liver glutamate dehydrogenase (GDH),CHEMBL4628,"Glutamate dehydrogenase 1, mitochondrial",Ki,>,10000000.0,nM,,CHEMBL1124735
Nicotinamide mononucleotide,DAYLJWODMCOQEW-TURQNECASA-N,CHEMBL610238,593353,CHEMBL645179,B,In vitro inhibitory activity against horse liver Alcohol dehydrogenase,CHEMBL2111372,Alcohol dehydrogenase,Ki,>,10000000.0,nM,,CHEMBL1124735
Nicotinamide mononucleotide,DAYLJWODMCOQEW-TURQNECASA-N,CHEMBL610238,593354,CHEMBL706196,B,In vitro inhibitory activity against pig heart lactate dehydrogenase (LDH); No data,CHEMBL3823,L-lactate dehydrogenase B chain,Ki,,,nM,,CHEMBL1124735
Nicotinamide mononucleotide,DAYLJWODMCOQEW-TURQNECASA-N,CHEMBL610238,593355,CHEMBL712427,B,In vitro inhibitory activity against pig heart cytoplasmic malate dehydrogenase (MDH); No data,CHEMBL4048,"Malate dehydrogenase, cytoplasmic",Ki,,,nM,,CHEMBL1124735
Nicotinamide mononucleotide,DAYLJWODMCOQEW-TURQNECASA-N,CHEMBL610238,1749976,CHEMBL854524,B,Inhibition of Escherichia coli KPR at 5 mM,CHEMBL4855,2-dehydropantoate 2-reductase,Inhibition,=,0.0,%,,CHEMBL1145346
Nicotinamide riboside,JLEBZPBDRKPWTD-TURQNECASA-O,CHEMBL438497,2010120,CHEMBL903038,F,Increase in NAD+ concentration in mouse AB1 cells at 1 mM after 24 hrs by isotope-dilution technique relative to control,CHEMBL3879801,NON-PROTEIN TARGET,Activity,=,2.7,%,,CHEMBL1138359
Nicotinamide riboside,JLEBZPBDRKPWTD-TURQNECASA-O,CHEMBL438497,2010121,CHEMBL903037,F,Increase in NAD+ concentration in HEK293 cells at 1 mM after 24 hrs by isotope-dilution technique relative to control,CHEMBL614818,HEK293,Activity,=,1.7,%,,CHEMBL1138359
Nicotinamide riboside,JLEBZPBDRKPWTD-TURQNECASA-O,CHEMBL438497,2010122,CHEMBL903039,F,Increase in NAD+ concentration in mouse Neuro 2a cells at 1 mM after 24 hrs by isotope-dilution technique relative to control,CHEMBL3879801,NON-PROTEIN TARGET,Activity,=,2.6,%,,CHEMBL1138359
Nicotinamide riboside,JLEBZPBDRKPWTD-TURQNECASA-O,CHEMBL438497,2010123,CHEMBL903052,A,Cell viability in mouse AB1 cells at 750 uM after 48 hrs by MTT assay relative to control,CHEMBL612558,ADMET,Activity,=,123.0,%,,CHEMBL1138359
Nicotinamide riboside,JLEBZPBDRKPWTD-TURQNECASA-O,CHEMBL438497,2010124,CHEMBL903053,A,Cell viability in HEK293 cells at 750 uM after 48 hrs by MTT assay relative to control,CHEMBL614818,HEK293,Activity,=,111.0,%,,CHEMBL1138359
Nicotinamide riboside,JLEBZPBDRKPWTD-TURQNECASA-O,CHEMBL438497,2010126,CHEMBL903054,A,Cell viability in mouse Neuro 2a cells at 750 uM after 48 hrs by MTT assay relative to control,CHEMBL612558,ADMET,Activity,=,107.0,%,,CHEMBL1138359
Nicotinamide riboside,JLEBZPBDRKPWTD-TURQNECASA-O,CHEMBL438497,22090064,CHEMBL4651403,F,Antiviral activity determined as inhibition of SARS-CoV-2 induced cytotoxicity of VERO-6 cells at 10 uM after 48 hours exposure to 0.01 MOI SARS CoV-2 virus by high content imaging,CHEMBL4303835,SARS-CoV-2,IC50,>,20000.0,nM,,CHEMBL4651402
Nicotinamide riboside,JLEBZPBDRKPWTD-TURQNECASA-O,CHEMBL438497,22090065,CHEMBL4651403,F,Antiviral activity determined as inhibition of SARS-CoV-2 induced cytotoxicity of VERO-6 cells at 10 uM after 48 hours exposure to 0.01 MOI SARS CoV-2 virus by high content imaging,CHEMBL4303835,SARS-CoV-2,IC50,>,19952.62,nM,,CHEMBL4651402
Urolithin A,RIUPLDUFZCXCHM-UHFFFAOYSA-N,CHEMBL1836264,6384042,CHEMBL1839508,F,"Antiinflammatory activity against carrageenan-induced paw edema in ICR mouse at 300 mg/kg, po administered 1 hr before carrageenan challenge measured after 3 hrs by plethysmometer relative to control",CHEMBL375,Mus musculus,Activity,=,35.0,%,,CHEMBL1833831
Urolithin A,RIUPLDUFZCXCHM-UHFFFAOYSA-N,CHEMBL1836264,6384043,CHEMBL1839509,F,"Antiinflammatory activity against carrageenan-induced paw edema in ICR mouse at 300 mg/kg, po administered 1 hr before carrageenan challenge measured after 6 hrs by plethysmometer relative to control",CHEMBL375,Mus musculus,Activity,=,26.0,%,,CHEMBL1833831
Urolithin A,RIUPLDUFZCXCHM-UHFFFAOYSA-N,CHEMBL1836264,6384044,CHEMBL1839510,F,"Antiinflammatory activity against carrageenan-induced paw edema in ICR mouse at 300 mg/kg, po administered 1 hr before carrageenan challenge measured after 24 hrs by plethysmometer relative to control",CHEMBL375,Mus musculus,Activity,=,34.0,%,,CHEMBL1833831
Urolithin A,RIUPLDUFZCXCHM-UHFFFAOYSA-N,CHEMBL1836264,6384045,CHEMBL1839511,F,"Antiinflammatory activity against carrageenan-induced paw edema in ICR mouse at 300 mg/kg, po administered 6 hr before carrageenan challenge measured after 3 to 24 hrs by plethysmometer",CHEMBL375,Mus musculus,Activity,,,,,CHEMBL1833831
Urolithin A,RIUPLDUFZCXCHM-UHFFFAOYSA-N,CHEMBL1836264,6384046,CHEMBL1839512,F,"Antioxidant activity against AAPH-induced lipid peroxidation in ICR mouse assessed as increase in ORAC score in plasma at 300 mg/kg, po after 1 hr relative to control",CHEMBL375,Mus musculus,Activity,=,142.0,%,,CHEMBL1833831
Urolithin A,RIUPLDUFZCXCHM-UHFFFAOYSA-N,CHEMBL1836264,6384047,CHEMBL1839513,F,"Antioxidant activity against AAPH-induced lipid peroxidation in ICR mouse assessed as decrease in ORAC score in plasma at 300 mg/kg, po after 6 hr relative to control",CHEMBL375,Mus musculus,Activity,=,118.0,%,,CHEMBL1833831
Urolithin A,RIUPLDUFZCXCHM-UHFFFAOYSA-N,CHEMBL1836264,6384048,CHEMBL1839514,A,Drug level in ICR mouse plasma assessed as total compound level after 1 hr in presence of beta-glucuronidase by HPLC-ESI-MS/MS analysis,CHEMBL613589,Plasma,Cp,=,3.88,uM,,CHEMBL1833831
Urolithin A,RIUPLDUFZCXCHM-UHFFFAOYSA-N,CHEMBL1836264,6384049,CHEMBL1839515,A,Drug level in ICR mouse plasma assessed as total compound level after 6 hrs in presence of beta-glucuronidase by HPLC-ESI-MS/MS analysis,CHEMBL613589,Plasma,Cp,=,1.27,uM,,CHEMBL1833831
Urolithin A,RIUPLDUFZCXCHM-UHFFFAOYSA-N,CHEMBL1836264,6384050,CHEMBL1839516,A,Drug level in ICR mouse plasma assessed as free compound level after 1 hr in presence of beta-glucuronidase by HPLC-ESI-MS/MS analysis,CHEMBL613589,Plasma,Cp(f),=,2.85,uM,,CHEMBL1833831
Urolithin A,RIUPLDUFZCXCHM-UHFFFAOYSA-N,CHEMBL1836264,6384051,CHEMBL1839517,A,Drug level in ICR mouse plasma assessed as free compound level after 6 hrs in presence of beta-glucuronidase by HPLC-ESI-MS/MS analysis,CHEMBL613589,Plasma,Cp(f),=,0.83,uM,,CHEMBL1833831
Urolithin A,RIUPLDUFZCXCHM-UHFFFAOYSA-N,CHEMBL1836264,6384052,CHEMBL1839521,A,Drug level in ICR mouse plasma assessed as free compound level after 1 hr in presence of beta-glucuronidase by HPLC-ESI-MS/MS analysis relative to total compound level,CHEMBL613589,Plasma,Cp(f),=,77.2,%,,CHEMBL1833831
Urolithin A,RIUPLDUFZCXCHM-UHFFFAOYSA-N,CHEMBL1836264,6384053,CHEMBL1839522,A,Drug level in ICR mouse plasma assessed as free compound level after 6 hrs in presence of beta-glucuronidase by HPLC-ESI-MS/MS analysis relative to total compound level,CHEMBL613589,Plasma,Cp(f),=,65.7,%,,CHEMBL1833831
Urolithin A,RIUPLDUFZCXCHM-UHFFFAOYSA-N,CHEMBL1836264,6384055,CHEMBL1839519,A,Drug level in human plasma after 0.5 hrs,CHEMBL613424,Plasma,Cp,=,0.04,uM,,CHEMBL1833831
Urolithin A,RIUPLDUFZCXCHM-UHFFFAOYSA-N,CHEMBL1836264,6384056,CHEMBL1839520,A,Drug level in human plasma after 6 hrs,CHEMBL613424,Plasma,Cp,=,0.11,uM,,CHEMBL1833831
Urolithin A,RIUPLDUFZCXCHM-UHFFFAOYSA-N,CHEMBL1836264,22085216,CHEMBL4651403,F,Antiviral activity determined as inhibition of SARS-CoV-2 induced cytotoxicity of VERO-6 cells at 10 uM after 48 hours exposure to 0.01 MOI SARS CoV-2 virus by high content imaging,CHEMBL4303835,SARS-CoV-2,IC50,>,20000.0,nM,,CHEMBL4651402
Urolithin A,RIUPLDUFZCXCHM-UHFFFAOYSA-N,CHEMBL1836264,22085217,CHEMBL4651403,F,Antiviral activity determined as inhibition of SARS-CoV-2 induced cytotoxicity of VERO-6 cells at 10 uM after 48 hours exposure to 0.01 MOI SARS CoV-2 virus by high content imaging,CHEMBL4303835,SARS-CoV-2,IC50,>,19952.62,nM,,CHEMBL4651402
Urolithin A,RIUPLDUFZCXCHM-UHFFFAOYSA-N,CHEMBL1836264,22441186,CHEMBL4678559,F,Induction of porcine IPEC-J2 cells monolayer development assessed as increase in transepithelial electrical resistance at 50 uM after 6 days by voltammetric method,CHEMBL612545,Unchecked,Activity,,,,,CHEMBL4673343
Urolithin A,RIUPLDUFZCXCHM-UHFFFAOYSA-N,CHEMBL1836264,22441196,CHEMBL4678564,F,Growth inhibition of Escherichia coli DSM 2840 at 20 to 500 uM measured every 5 mins for 24 hrs by turbidometric analysis,CHEMBL354,Escherichia coli,GI,,,,,CHEMBL4673343
Urolithin A,RIUPLDUFZCXCHM-UHFFFAOYSA-N,CHEMBL1836264,22441198,CHEMBL4678565,F,Growth inhibition of Escherichia coli 0147:K89:K88 at 20 to 500 uM measured every 5 mins for 24 hrs by turbidometric analysis,CHEMBL354,Escherichia coli,GI,,,,,CHEMBL4673343
Urolithin A,RIUPLDUFZCXCHM-UHFFFAOYSA-N,CHEMBL1836264,24777500,CHEMBL5128744,F,"Anti-obesity activity in male C57BL/6 mouse model of high-fat diet induced obesity assessed as body weight change at 30 mg/kg, po administered once a day for 10 weeks relative to control",CHEMBL375,Mus musculus,Activity,=,30.8,%,,CHEMBL5126556
Urolithin A,RIUPLDUFZCXCHM-UHFFFAOYSA-N,CHEMBL1836264,24777519,CHEMBL5128762,F,"Anti-obesity activity in high-fat diet induced C57BL/6 obese mouse model assessed as body weight change at 30 mg/kg, po administered once daily for 10 weeks relative to control",CHEMBL375,Mus musculus,Activity,=,42.7,%,,CHEMBL5126556
Urolithin A,RIUPLDUFZCXCHM-UHFFFAOYSA-N,CHEMBL1836264,29199156,CHEMBL6118436,B,Inhibition of PDE2 (unknown origin) using cAMP/cGMP as substrate preincubated with compound for 30 mins followed by substrate addition and measured after 20 mins by ELISA,CHEMBL2652,"cGMP-dependent 3',5'-cyclic phosphodiesterase",IC50,=,14160.0,nM,4.85,CHEMBL6115015
Berberine,YBHILYKTIRIUTE-UHFFFAOYSA-N,CHEMBL295124,3628765,CHEMBL1614531,F,PUBCHEM_BIOASSAY: qHTS Assay for Inhibitors Targeting the Menin-MLL Interaction in MLL Related Leukemias: Competition With Fluorescein Labeled MLL-derived Peptide. (Class of assay: confirmatory) ,CHEMBL2093861,Menin/Histone-lysine N-methyltransferase MLL,Potency,=,39810.7,nM,4.40,CHEMBL1201862
Berberine,YBHILYKTIRIUTE-UHFFFAOYSA-N,CHEMBL295124,3862104,CHEMBL1613842,F,PUBCHEM_BIOASSAY: qHTS Assay for Enhancers of SMN2 Splice Variant Expression. (Class of assay: confirmatory) ,CHEMBL1293232,Survival motor neuron protein,Potency,=,7079.5,nM,5.15,CHEMBL1201862
Berberine,YBHILYKTIRIUTE-UHFFFAOYSA-N,CHEMBL295124,3920868,CHEMBL1614361,F,PUBCHEM_BIOASSAY: qHTS Assay for Agonists of the Thyroid Stimulating Hormone Receptor. (Class of assay: confirmatory) ,CHEMBL1963,Thyrotropin receptor,Potency,=,12589.3,nM,4.90,CHEMBL1201862
Berberine,YBHILYKTIRIUTE-UHFFFAOYSA-N,CHEMBL295124,4055913,CHEMBL1614421,B,"PUBCHEM_BIOASSAY: qHTS for Inhibitors of Tau Fibril Formation, Thioflavin T Binding. (Class of assay: confirmatory) [Related pubchem assays: 596 ]",CHEMBL1293224,Microtubule-associated protein tau,Potency,=,12589.3,nM,4.90,CHEMBL1201862
Berberine,YBHILYKTIRIUTE-UHFFFAOYSA-N,CHEMBL295124,4129754,CHEMBL1614456,F,PUBCHEM_BIOASSAY: qHTS Assay for Identification of Small Molecule Agonists for Hypoxia Response Element Signaling Pathway. (Class of assay: confirmatory) [Related pubchem assays: 915 ],CHEMBL4261,Hypoxia-inducible factor 1-alpha,Potency,=,2511.9,nM,5.60,CHEMBL1201862
Berberine,YBHILYKTIRIUTE-UHFFFAOYSA-N,CHEMBL295124,4183876,CHEMBL1614458,F,PUBCHEM_BIOASSAY: qHTS Assay for Inhibitors of Aldehyde Dehydrogenase 1 (ALDH1A1). (Class of assay: confirmatory) [Related pubchem assays: 1030 (qHTS Validation Assay for Inhibitors of aldehyde dehydrogenase 1 (ALDH1A1))],CHEMBL3577,Aldehyde dehydrogenase 1A1,Potency,=,44668.4,nM,4.35,CHEMBL1201862
Berberine,YBHILYKTIRIUTE-UHFFFAOYSA-N,CHEMBL295124,4409097,CHEMBL1614234,F,PUBCHEM_BIOASSAY: qHTS Assay for Identifying the Cell-Membrane Permeable IMPase Inhibitors: Potentiation with Lithium. (Class of assay: confirmatory) [Related pubchem assays: 901 ],CHEMBL1293238,Inositol monophosphatase 1,Potency,=,5011.9,nM,5.30,CHEMBL1201862
Berberine,YBHILYKTIRIUTE-UHFFFAOYSA-N,CHEMBL295124,4518790,CHEMBL1613803,F,PUBCHEM_BIOASSAY: qHTS Assay for Identification of Small Molecule Antagonists for Hypoxia Response Element Signaling Pathway. (Class of assay: confirmatory) [Related pubchem assays: 914 ],CHEMBL4261,Hypoxia-inducible factor 1-alpha,Potency,=,2511.9,nM,5.60,CHEMBL1201862
Berberine,YBHILYKTIRIUTE-UHFFFAOYSA-N,CHEMBL295124,4587097,CHEMBL1614275,F,"PUBCHEM_BIOASSAY: qHTS Assay for Inhibitors of Fructose-1,6-bisphosphate Aldolase from Giardia Lamblia. (Class of assay: confirmatory) [Related pubchem assays: 2472, 2464 ]",CHEMBL1293234,Fructose-bisphosphate aldolase,Potency,=,3154.8,nM,5.50,CHEMBL1201862
Berberine,YBHILYKTIRIUTE-UHFFFAOYSA-N,CHEMBL295124,4600864,CHEMBL1614275,F,"PUBCHEM_BIOASSAY: qHTS Assay for Inhibitors of Fructose-1,6-bisphosphate Aldolase from Giardia Lamblia. (Class of assay: confirmatory) [Related pubchem assays: 2472, 2464 ]",CHEMBL1293234,Fructose-bisphosphate aldolase,Potency,=,9976.3,nM,5.00,CHEMBL1201862
Berberine,YBHILYKTIRIUTE-UHFFFAOYSA-N,CHEMBL295124,4860579,CHEMBL1614213,F,PUBCHEM_BIOASSAY: qHTS Assay for Identifying the Cell-Membrane Permeable IMPase Inhibitors. (Class of assay: confirmatory) ,CHEMBL1293238,Inositol monophosphatase 1,Potency,=,15848.9,nM,4.80,CHEMBL1201862
Berberine,YBHILYKTIRIUTE-UHFFFAOYSA-N,CHEMBL295124,4965796,CHEMBL1614110,A,PUBCHEM_BIOASSAY: qHTS Assay for Inhibitors and Substrates of Cytochrome P450 2D6. (Class of assay: confirmatory) [Related pubchem assays: 410 ],CHEMBL289,Cytochrome P450 2D6,Potency,=,2511.9,nM,5.60,CHEMBL1201862
Berberine,YBHILYKTIRIUTE-UHFFFAOYSA-N,CHEMBL295124,4981662,CHEMBL1614108,A,PUBCHEM_BIOASSAY: qHTS Assay for Activators of Cytochrome P450 3A4. (Class of assay: confirmatory) [Related pubchem assays: 410 ],CHEMBL340,Cytochrome P450 3A4,Potency,=,12589.3,nM,4.90,CHEMBL1201862
Berberine,YBHILYKTIRIUTE-UHFFFAOYSA-N,CHEMBL295124,5050689,CHEMBL1613886,A,PUBCHEM_BIOASSAY: qHTS Assay for Inhibitors and Substrates of Cytochrome P450 3A4. (Class of assay: confirmatory) [Related pubchem assays: 410 ],CHEMBL340,Cytochrome P450 3A4,Potency,=,12589.3,nM,4.90,CHEMBL1201862
Berberine,YBHILYKTIRIUTE-UHFFFAOYSA-N,CHEMBL295124,5218992,CHEMBL1676103,B,Inhibition of human ERG,CHEMBL240,Voltage-gated inwardly rectifying potassium channel KCNH2,IC50,=,66069.34,nM,4.18,CHEMBL1671772
Berberine,YBHILYKTIRIUTE-UHFFFAOYSA-N,CHEMBL295124,5986565,CHEMBL1613933,B,"PUBCHEM_BIOASSAY: qHTS Assay for Compounds Blocking the Interaction Between CBF-beta and RUNX1 for the Treatment of Acute Myeloid Leukemia. (Class of assay: confirmatory) [Related pubchem assays (depositor defined):AID1484, AID504370, AID504374, AID504375]",CHEMBL2093862,Runt-related transcription factor 1/Core-binding factor subunit beta,Potency,,39810.7,nM,,CHEMBL1201862
Berberine,YBHILYKTIRIUTE-UHFFFAOYSA-N,CHEMBL295124,5987156,CHEMBL1741321,F,PUBCHEM_BIOASSAY: Cytochrome panel assay with activity outcomes. (Class of assay: other) Panel member name: p450-cyp2d6 Compounds with AC50 equal or less than 10 uM are considered active,CHEMBL289,Cytochrome P450 2D6,AC50,=,2511.89,nM,5.60,CHEMBL1201862
Berberine,YBHILYKTIRIUTE-UHFFFAOYSA-N,CHEMBL295124,5990688,CHEMBL1741325,F,PUBCHEM_BIOASSAY: Cytochrome panel assay with activity outcomes. (Class of assay: other) Panel member name: p450-cyp2c9 Compounds with AC50 equal or less than 10 uM are considered active,CHEMBL3397,Cytochrome P450 2C9,AC50,,,,,CHEMBL1201862
Berberine,YBHILYKTIRIUTE-UHFFFAOYSA-N,CHEMBL295124,6011998,CHEMBL1741322,F,PUBCHEM_BIOASSAY: Cytochrome panel assay with activity outcomes. (Class of assay: other) Panel member name: p450-cyp1a2 Compounds with AC50 equal or less than 10 uM are considered active,CHEMBL3356,Cytochrome P450 1A2,AC50,=,5011.87,nM,5.30,CHEMBL1201862
Berberine,YBHILYKTIRIUTE-UHFFFAOYSA-N,CHEMBL295124,6018256,CHEMBL1741323,F,PUBCHEM_BIOASSAY: Cytochrome panel assay with activity outcomes. (Class of assay: other) Panel member name: p450-cyp2c19 Compounds with AC50 equal or less than 10 uM are considered active,CHEMBL3622,Cytochrome P450 2C19,AC50,,,,,CHEMBL1201862
Berberine,YBHILYKTIRIUTE-UHFFFAOYSA-N,CHEMBL295124,6070467,CHEMBL1741324,F,PUBCHEM_BIOASSAY: Cytochrome panel assay with activity outcomes. (Class of assay: other) Panel member name: p450-cyp3a4 Compounds with AC50 equal or less than 10 uM are considered active,CHEMBL340,Cytochrome P450 3A4,AC50,=,12589.25,nM,4.90,CHEMBL1201862
Berberine,YBHILYKTIRIUTE-UHFFFAOYSA-N,CHEMBL295124,6334878,CHEMBL1819799,F,Antimicrobial activity against Staphylococcus aureus,CHEMBL352,Staphylococcus aureus,MIC,=,150.0,ug.mL-1,,CHEMBL1817627
Berberine,YBHILYKTIRIUTE-UHFFFAOYSA-N,CHEMBL295124,6334879,CHEMBL1819800,F,Antimicrobial activity against wild-type Staphylococcus aureus NCTC8325-4,CHEMBL352,Staphylococcus aureus,MIC,=,150.0,ug.mL-1,,CHEMBL1817627
Berberine,YBHILYKTIRIUTE-UHFFFAOYSA-N,CHEMBL295124,6334880,CHEMBL1819801,F,Antimicrobial activity against NorA efflux pump overexpressing Staphylococcus aureus K2378,CHEMBL352,Staphylococcus aureus,MIC,=,300.0,ug.mL-1,,CHEMBL1817627
Berberine,YBHILYKTIRIUTE-UHFFFAOYSA-N,CHEMBL295124,6369000,CHEMBL1833732,B,Activation of AMPK in human HepG2 cells assessed as increase in AMPK phosphorylation at 1 to 20 uM after 30 mins by Western blotting,CHEMBL2096907,"AMP-activated protein kinase, AMPK",Activity,,,,,CHEMBL1828565
Berberine,YBHILYKTIRIUTE-UHFFFAOYSA-N,CHEMBL295124,6692438,CHEMBL1794345,F,"PUBCHEM_BIOASSAY: Primary qHTS for delayed death inhibitors of the malarial parasite plastid, 96 hour incubation. (Class of assay: confirmatory) [Related pubchem assays (depositor defined):AID488745, AID488752, AID488774, AID504848, AID504850]",CHEMBL364,Plasmodium falciparum,Potency,,33.8,nM,,CHEMBL1201862
Berberine,YBHILYKTIRIUTE-UHFFFAOYSA-N,CHEMBL295124,7098706,CHEMBL1794580,F,"PUBCHEM_BIOASSAY: Primary qHTS for delayed death inhibitors of the malarial parasite plastid, 48 hour incubation. (Class of assay: confirmatory) [Related pubchem assays (depositor defined):AID488752, AID488774, AID504848, AID504850]",CHEMBL364,Plasmodium falciparum,Potency,,338.1,nM,,CHEMBL1201862
Berberine,YBHILYKTIRIUTE-UHFFFAOYSA-N,CHEMBL295124,7561495,CHEMBL1794465,F,"PUBCHEM_BIOASSAY: Confirmation screen for delayed death inhibitors of the malarial parasite plastid, 48 hour incubation. (Class of assay: confirmatory) [Related pubchem assays (depositor defined):AID504832, AID504834]",CHEMBL612545,Unchecked,Potency,,1122.0,nM,,CHEMBL1201862
Berberine,YBHILYKTIRIUTE-UHFFFAOYSA-N,CHEMBL295124,7563075,CHEMBL1794469,F,"PUBCHEM_BIOASSAY: Confirmation screen for delayed death inhibitors of the malarial parasite plastid, 96 hour incubation. (Class of assay: confirmatory) [Related pubchem assays (depositor defined):AID504832, AID504834]",CHEMBL612545,Unchecked,Potency,,501.2,nM,,CHEMBL1201862
Berberine,YBHILYKTIRIUTE-UHFFFAOYSA-N,CHEMBL295124,7936981,CHEMBL1918529,B,Inhibition of electric eel AChE using acetylthiocholine chloride substrate as substrate preincubated for 15 mins by Ellman's method,CHEMBL4078,Acetylcholinesterase,IC50,=,374.0,nM,6.43,CHEMBL1914458
Berberine,YBHILYKTIRIUTE-UHFFFAOYSA-N,CHEMBL295124,7937007,CHEMBL1918527,B,Inhibition of equine serum BuChE using butyrylthiocholine chloride as substrate preincubated for 15 mins by Ellman's method,CHEMBL5763,Cholinesterase,IC50,=,18200.0,nM,4.74,CHEMBL1914458
Berberine,YBHILYKTIRIUTE-UHFFFAOYSA-N,CHEMBL295124,7937033,CHEMBL1918528,B,Selectivity ratio of IC50 for equine serum BuChE to IC50 for electric eel AChE,CHEMBL612545,Unchecked,Ratio IC50,=,48.6,,,CHEMBL1914458
Berberine,YBHILYKTIRIUTE-UHFFFAOYSA-N,CHEMBL295124,7937059,CHEMBL1918526,F,Antioxidant activity assessed as trolox equivalent of AAPH-induced peroxyl radical scavenging activity at 0.5 to 10 uM after 10 mins by oxygen radical absorbance capacity-fluorescein assay,CHEMBL2362975,No relevant target,Ratio,=,0.4,,,CHEMBL1914458
Berberine,YBHILYKTIRIUTE-UHFFFAOYSA-N,CHEMBL295124,7937072,CHEMBL1918524,B,Inhibition of self-mediated amyloid beta (1 to 42) aggregation at 20 uM after 48 hrs by thioflavin T fluorescence assay,CHEMBL612545,Unchecked,Inhibition,=,36.3,%,,CHEMBL1914458
Berberine,YBHILYKTIRIUTE-UHFFFAOYSA-N,CHEMBL295124,7937084,CHEMBL1918523,B,Inhibition of self-mediated amyloid beta (1 to 42) aggregation at 10 uM after 48 hrs by thioflavin T fluorescence assay,CHEMBL612545,Unchecked,Inhibition,=,8.9,%,,CHEMBL1914458
Berberine,YBHILYKTIRIUTE-UHFFFAOYSA-N,CHEMBL295124,7937096,CHEMBL1918434,B,Inhibition of self-mediated amyloid beta (1 to 42) aggregation after 48 hrs by thioflavin T fluorescence assay,CHEMBL612545,Unchecked,IC50,,,,,CHEMBL1914458
Berberine,YBHILYKTIRIUTE-UHFFFAOYSA-N,CHEMBL295124,7952680,CHEMBL1924977,F,Antiinflammatory activity in mouse RAW264.7 cells assessed as inhibition of LPS-induced nitric oxide production after 24 hrs by griess assay,CHEMBL612557,RAW264.7,IC50,>,30000.0,nM,,CHEMBL1921688
Berberine,YBHILYKTIRIUTE-UHFFFAOYSA-N,CHEMBL295124,7952688,CHEMBL1924978,A,Cytotoxicity against mouse RAW264.7 cells assessed as cell viability at 50 uM after 24 hrs by MTT assay,CHEMBL612557,RAW264.7,Activity,,,,,CHEMBL1921688
Berberine,YBHILYKTIRIUTE-UHFFFAOYSA-N,CHEMBL295124,8031378,CHEMBL1954708,B,Binding affinity to human pre-hsa-mir-155 miRNA assessed as inhibition of dicer-catalysed (33P)-labelled pre-miRNA processing at 1 mM after 1 hr by PAGE analysis,CHEMBL345,Nucleic Acid,Inhibition,,,%,,CHEMBL1949550
Berberine,YBHILYKTIRIUTE-UHFFFAOYSA-N,CHEMBL295124,8041610,CHEMBL1954604,B,Binding affinity to human telomeric G-quadruplex DNA at 200 uM after 1 hr by ESI-TOF-MS analysis,CHEMBL345,Nucleic Acid,Activity,=,58.9,%,,CHEMBL1949616
Berberine,YBHILYKTIRIUTE-UHFFFAOYSA-N,CHEMBL295124,8055536,CHEMBL1958529,B,Inhibition of telomerase,CHEMBL2916,Telomerase reverse transcriptase,IC50,=,37000.0,nM,4.43,CHEMBL1955734
Berberine,YBHILYKTIRIUTE-UHFFFAOYSA-N,CHEMBL295124,9004364,CHEMBL1964055,F,PUBCHEM_BIOASSAY: S16 Schwann cell PMP22 intronic element beta-lactamase assay. (Class of assay: confirmatory) ,CHEMBL2007624,Peripheral myelin protein 22,Potency,,7937.3,nM,,CHEMBL1201862
Berberine,YBHILYKTIRIUTE-UHFFFAOYSA-N,CHEMBL295124,9342516,CHEMBL1964081,F,PUBCHEM_BIOASSAY: S16 Schwann cell PMP22 intronic element firefly luciferase assay. (Class of assay: confirmatory) ,CHEMBL2007624,Peripheral myelin protein 22,Potency,,4547.9,nM,,CHEMBL1201862
Berberine,YBHILYKTIRIUTE-UHFFFAOYSA-N,CHEMBL295124,10850864,CHEMBL2020020,F,Antiparasitic activity against Toxoplasma gondii ATCC 50839 infected in human fibroblasts assessed as inhibition of replication of tachyzoites after 4 days by bacterial beta-galactosidase assay,CHEMBL612888,Toxoplasma gondii,ID50,=,0.58,uM,,CHEMBL2016442
Berberine,YBHILYKTIRIUTE-UHFFFAOYSA-N,CHEMBL295124,10850877,CHEMBL2020021,A,Cytotoxicity against human fibroblasts assessed as cell viability by microplate reader,CHEMBL612558,ADMET,TD50,=,0.85,uM,,CHEMBL2016442
Berberine,YBHILYKTIRIUTE-UHFFFAOYSA-N,CHEMBL295124,10850890,CHEMBL2020022,A,"Therapeutic index, ratio of TD50 for human fibroblast cell to ID 50 for Toxoplasma gondii ATCC 50839",CHEMBL612558,ADMET,TI,=,1.5,,,CHEMBL2016442
Berberine,YBHILYKTIRIUTE-UHFFFAOYSA-N,CHEMBL295124,10850903,CHEMBL2020023,F,Ratio of trimethoprim ID50 to compound ID50 for Toxoplasma gondii ATCC 50839,CHEMBL612888,Toxoplasma gondii,Ratio,=,30.0,,,CHEMBL2016442
Berberine,YBHILYKTIRIUTE-UHFFFAOYSA-N,CHEMBL295124,10866598,CHEMBL2025880,B,Inhibition of electric eel AChE using acetylcholine as substrate by Ellman's method,CHEMBL4078,Acetylcholinesterase,IC50,=,374.0,nM,6.43,CHEMBL2021783
Berberine,YBHILYKTIRIUTE-UHFFFAOYSA-N,CHEMBL295124,10866618,CHEMBL2025881,B,Inhibition of equine serum BuChE using butyrylcholine as substrate by Ellman's method,CHEMBL5763,Cholinesterase,IC50,=,18200.0,nM,4.74,CHEMBL2021783
Berberine,YBHILYKTIRIUTE-UHFFFAOYSA-N,CHEMBL295124,10866638,CHEMBL2025882,B,Selectivity ratio of IC50 for equine serum BuChE to IC50 for electric eel AChE,CHEMBL612545,Unchecked,Ratio IC50,=,48.6,,,CHEMBL2021783
Curcumin,VFLDPWHFBUODDF-FCXRPNKRSA-N,CHEMBL140,145840,CHEMBL873207,B,Inhibition of 3'- processing activity of HIV-1 integrase,CHEMBL3471,Human immunodeficiency virus type 1 integrase,IC50,=,150000.0,nM,,CHEMBL1130151
Curcumin,VFLDPWHFBUODDF-FCXRPNKRSA-N,CHEMBL140,145841,CHEMBL701113,B,Inhibition of strand transfer activity of HIV-1 integrase,CHEMBL3471,Human immunodeficiency virus type 1 integrase,IC50,=,140000.0,nM,,CHEMBL1130151
Curcumin,VFLDPWHFBUODDF-FCXRPNKRSA-N,CHEMBL140,466582,CHEMBL702428,B,Compound concentration required to reduce HIV-1 Integrase 3'-processing activity by 50%,CHEMBL3471,Human immunodeficiency virus type 1 integrase,IC50,=,30000.0,nM,4.52,CHEMBL1131129
Curcumin,VFLDPWHFBUODDF-FCXRPNKRSA-N,CHEMBL140,466583,CHEMBL715022,F,Compound concentration required to reduce the exponential growth of MT-4 cells by 50%,CHEMBL388,MT4,CC50,=,7400.0,nM,,CHEMBL1131129
Curcumin,VFLDPWHFBUODDF-FCXRPNKRSA-N,CHEMBL140,466584,CHEMBL702983,F,Compound concentration required to reduce the exponential growth of KB cells by 50%,CHEMBL398,KB,CC50,=,16000.0,nM,,CHEMBL1131129
Curcumin,VFLDPWHFBUODDF-FCXRPNKRSA-N,CHEMBL140,466585,CHEMBL702437,F,Fold increase in protein-linked DNA breaks (PLDB) with respect to untreated controls.,CHEMBL612558,ADMET,Fold increase,=,1.0,,,CHEMBL1131129
Curcumin,VFLDPWHFBUODDF-FCXRPNKRSA-N,CHEMBL140,729899,CHEMBL649827,F,Inhibition of lung metastasis of B16 melanoma cells in mice after 20 mg/kg po administration of the compound,CHEMBL381,B16,Inhibition,=,87.0,%,,CHEMBL1136494
Curcumin,VFLDPWHFBUODDF-FCXRPNKRSA-N,CHEMBL140,781473,CHEMBL702429,B,Inhibitory activity against HIV-1 integrase,CHEMBL3471,Human immunodeficiency virus type 1 integrase,IC50,=,57500.0,nM,4.24,CHEMBL1133281
Curcumin,VFLDPWHFBUODDF-FCXRPNKRSA-N,CHEMBL140,800819,CHEMBL757572,F,"Evaluated for neuronal cell protectivity against beta-amyloid (25,35) insult towards PC12 rat pheochromocytoma cell",CHEMBL612556,PC-12,ED50,=,7.1,ug ml-1,,CHEMBL1133965
Curcumin,VFLDPWHFBUODDF-FCXRPNKRSA-N,CHEMBL140,800820,CHEMBL700684,F,"Evaluated for neuronal cell protectivity against beta-amyloid (25,35) insult towards IMR-32 human neuroblastoma cell",CHEMBL614585,IMR-32,ED50,=,7.4,ug ml-1,,CHEMBL1133965
Curcumin,VFLDPWHFBUODDF-FCXRPNKRSA-N,CHEMBL140,1019241,CHEMBL857173,B,Inhibitory activity against HIV-1 Integrase (HIV-1-IN),CHEMBL3471,Human immunodeficiency virus type 1 integrase,IC50,=,30199.52,nM,4.52,CHEMBL1135718
Curcumin,VFLDPWHFBUODDF-FCXRPNKRSA-N,CHEMBL140,1152170,CHEMBL743183,F,In vivo inhibitory activity on the increase of serum GPT induced by D-GalN / LPS (liver injury) in mice at 50 mg/kg peroral administration,CHEMBL375,Mus musculus,Inhibition,=,71.2,%,,CHEMBL1130745
Curcumin,VFLDPWHFBUODDF-FCXRPNKRSA-N,CHEMBL140,1152171,CHEMBL741457,F,In vivo inhibitory activity on the increase of serum GOT induced by D-GalN / LPS (liver injury) in mice at 50 mg/kg peroral administration,CHEMBL375,Mus musculus,Inhibition,=,63.4,%,,CHEMBL1130745
Curcumin,VFLDPWHFBUODDF-FCXRPNKRSA-N,CHEMBL140,1152172,CHEMBL787068,F,In vitro hepatocytotoxicity induced by D-GalN in primary cultured rat hepatocytes at a concentration of 10e-4 M,CHEMBL376,Rattus norvegicus,Inhibition,=,-44.3,%,,CHEMBL1130745
Curcumin,VFLDPWHFBUODDF-FCXRPNKRSA-N,CHEMBL140,1152173,CHEMBL876984,F,In vitro inhibitory activity on the production of nitric oxide (NO) induced by LPS in mouse peritoneal macrophages at a concentration of 10e-4 M,CHEMBL375,Mus musculus,Inhibition,=,98.8,%,,CHEMBL1130745
Curcumin,VFLDPWHFBUODDF-FCXRPNKRSA-N,CHEMBL140,1293509,CHEMBL757571,F,Effective dose to protect PC12 cells from beta-Amyloid (BA) insult was determined using MTT reduction assay,CHEMBL612556,PC-12,ED50,=,17.1,uM,,CHEMBL1147607
Curcumin,VFLDPWHFBUODDF-FCXRPNKRSA-N,CHEMBL140,1293510,CHEMBL877917,F,Effective dose to protect IMR-32 cells from beta-Amyloid (BA) insult was determined using MTT reduction assay,CHEMBL614585,IMR-32,ED50,=,23.9,uM,,CHEMBL1147607
Curcumin,VFLDPWHFBUODDF-FCXRPNKRSA-N,CHEMBL140,1420641,CHEMBL834728,F,Inhibitory concentration against human umbilical vein endothelial cells(HUVEC) growth,CHEMBL613979,HUVEC,IC50,=,10.84,ug.mL-1,,CHEMBL1142785
Curcumin,VFLDPWHFBUODDF-FCXRPNKRSA-N,CHEMBL140,1429669,CHEMBL834024,B,Percent inhibition against Prostaglandin G/H synthase 1 from ram seminal vesicles at 100 uM,CHEMBL2949,Prostaglandin G/H synthase 1,Inhibition,=,80.5,%,,CHEMBL1141914
Curcumin,VFLDPWHFBUODDF-FCXRPNKRSA-N,CHEMBL140,1429670,CHEMBL834029,B,Percent inhibition against Prostaglandin G/H synthase 2 from sheep placenta at 100 uM,CHEMBL4102,Prostaglandin G/H synthase 2,Inhibition,=,35.0,%,,CHEMBL1141914
Curcumin,VFLDPWHFBUODDF-FCXRPNKRSA-N,CHEMBL140,1429671,CHEMBL830626,F,Anti-inflammatory activity in rat paw edema assay at 75 mg/kg,CHEMBL2977,Prostaglandin G/H synthase 2,Inhibition,=,61.4,%,,CHEMBL1141914
Curcumin,VFLDPWHFBUODDF-FCXRPNKRSA-N,CHEMBL140,1429698,CHEMBL825457,F,Anti-oxidant activity in DPPH radicak scavenging assay; n=3-4,CHEMBL230,Prostaglandin G/H synthase 2,IC50,=,11060.0,nM,4.96,CHEMBL1141914
Curcumin,VFLDPWHFBUODDF-FCXRPNKRSA-N,CHEMBL140,1480864,CHEMBL874352,F,Compound (10 uM) tested for percent inhibition of c-radiation induced lipid peroxidation in rat liver microsomes; Range 80-60%,CHEMBL376,Rattus norvegicus,Inhibition,=,80.0,%,,CHEMBL1145267
Curcumin,VFLDPWHFBUODDF-FCXRPNKRSA-N,CHEMBL140,1480865,CHEMBL825092,F,Compound tested for percent viability of human MCF-7 cell line at 1 mg/mL concentration after 24 hrs by MTT method,CHEMBL387,MCF7,Viability,=,64.0,%,,CHEMBL1145267
Curcumin,VFLDPWHFBUODDF-FCXRPNKRSA-N,CHEMBL140,1745455,CHEMBL866631,F,Cytotoxicity against human LNCaP cell line,CHEMBL612518,LNCaP,IC50,=,3800.0,nM,5.42,CHEMBL1138035
Curcumin,VFLDPWHFBUODDF-FCXRPNKRSA-N,CHEMBL140,1745457,CHEMBL866629,F,Cytotoxicity against human PC3 cell line,CHEMBL390,PC-3,IC50,=,7700.0,nM,5.11,CHEMBL1138035
Curcumin,VFLDPWHFBUODDF-FCXRPNKRSA-N,CHEMBL140,1773962,CHEMBL907197,B,Displacement of [125I]IMSB from beta amyloid protein 40,CHEMBL2487,Amyloid-beta precursor protein,Ki,=,0.208,nM,9.68,CHEMBL1137373
Curcumin,VFLDPWHFBUODDF-FCXRPNKRSA-N,CHEMBL140,1777335,CHEMBL908286,A,Increase in bioavailability in human in presence of piperine after 45 mins,CHEMBL372,Homo sapiens,Bioavailability Increase,=,2000.0,%,,CHEMBL1137373
Curcumin,VFLDPWHFBUODDF-FCXRPNKRSA-N,CHEMBL140,1777336,CHEMBL908287,A,Increase in bioavailability in rat in presence of piperine at 1 to 2 hrs,CHEMBL376,Rattus norvegicus,Bioavailability Increase,=,154.0,%,,CHEMBL1137373
Curcumin,VFLDPWHFBUODDF-FCXRPNKRSA-N,CHEMBL140,1780127,CHEMBL911242,F,Inhibition of HAT in human U937 cells at 50 uM,CHEMBL612794,U-937,Activity,=,17.5,%,,CHEMBL1137341
Curcumin,VFLDPWHFBUODDF-FCXRPNKRSA-N,CHEMBL140,1820784,CHEMBL919885,B,Inhibition of Aspergillus nidulans recombinant GST-RmtA expressed in BL21 cells,CHEMBL1075069,RmtA,IC50,=,1100000.0,nM,,CHEMBL1142956
Curcumin,VFLDPWHFBUODDF-FCXRPNKRSA-N,CHEMBL140,1820844,CHEMBL919884,B,Inhibition of human recombinant GST-PRMT1 expressed in BL21 cells,CHEMBL5524,Protein arginine N-methyltransferase 1,IC50,=,1070000.0,nM,,CHEMBL1142956
Curcumin,VFLDPWHFBUODDF-FCXRPNKRSA-N,CHEMBL140,1832024,CHEMBL904249,B,Inhibition of GST-p300 HAT assessed as histone acetylation,CHEMBL3784,Histone acetyltransferase p300,IC50,>,400000.0,nM,,CHEMBL1142987
Curcumin,VFLDPWHFBUODDF-FCXRPNKRSA-N,CHEMBL140,1832909,CHEMBL904262,B,Inhibition of GST-p300 HAT expressed in bacteria assessed as histone acetylation,CHEMBL3784,Histone acetyltransferase p300,Activity,,,,,CHEMBL1142987
Curcumin,VFLDPWHFBUODDF-FCXRPNKRSA-N,CHEMBL140,1832910,CHEMBL904261,B,Inhibition of full length GST-p300 expressed in Sf9 cells assessed as histone acetylation,CHEMBL3784,Histone acetyltransferase p300,Activity,,,,,CHEMBL1142987
Curcumin,VFLDPWHFBUODDF-FCXRPNKRSA-N,CHEMBL140,1835670,CHEMBL917597,F,Antimalarial activity against chloroquine-susceptible Plasmodium falciparum D10,CHEMBL364,Plasmodium falciparum,IC50,=,24690.0,nM,4.61,CHEMBL1142205
Curcumin,VFLDPWHFBUODDF-FCXRPNKRSA-N,CHEMBL140,1835671,CHEMBL917597,F,Antimalarial activity against chloroquine-susceptible Plasmodium falciparum D10,CHEMBL364,Plasmodium falciparum,IC90,=,44450.0,nM,,CHEMBL1142205
Curcumin,VFLDPWHFBUODDF-FCXRPNKRSA-N,CHEMBL140,1835673,CHEMBL917598,F,Antimalarial activity against chloroquine-susceptible Plasmodium falciparum D10,CHEMBL364,Plasmodium falciparum,IC50,=,22930.0,nM,4.64,CHEMBL1142205
Curcumin,VFLDPWHFBUODDF-FCXRPNKRSA-N,CHEMBL140,1835675,CHEMBL917598,F,Antimalarial activity against chloroquine-susceptible Plasmodium falciparum D10,CHEMBL364,Plasmodium falciparum,IC90,=,41270.0,nM,,CHEMBL1142205
Curcumin,VFLDPWHFBUODDF-FCXRPNKRSA-N,CHEMBL140,1835676,CHEMBL917599,F,Antimalarial activity against chloroquine-resistant Plasmodium falciparum Dd2,CHEMBL364,Plasmodium falciparum,IC50,=,27450.0,nM,4.56,CHEMBL1142205
Curcumin,VFLDPWHFBUODDF-FCXRPNKRSA-N,CHEMBL140,1835678,CHEMBL917599,F,Antimalarial activity against chloroquine-resistant Plasmodium falciparum Dd2,CHEMBL364,Plasmodium falciparum,IC90,=,49420.0,nM,,CHEMBL1142205
Curcumin,VFLDPWHFBUODDF-FCXRPNKRSA-N,CHEMBL140,1835686,CHEMBL917600,F,Antimalarial activity against chloroquine-resistant Plasmodium falciparum 7G8,CHEMBL364,Plasmodium falciparum,IC50,=,29610.0,nM,4.53,CHEMBL1142205
Curcumin,VFLDPWHFBUODDF-FCXRPNKRSA-N,CHEMBL140,1835688,CHEMBL917600,F,Antimalarial activity against chloroquine-resistant Plasmodium falciparum 7G8,CHEMBL364,Plasmodium falciparum,IC90,=,53290.0,nM,,CHEMBL1142205
Curcumin,VFLDPWHFBUODDF-FCXRPNKRSA-N,CHEMBL140,1835702,CHEMBL917601,F,Growth inhibition of chloroquine-susceptible Plasmodium falciparum 3D7 at 5 uM,CHEMBL364,Plasmodium falciparum,Activity,,,,,CHEMBL1142205
Curcumin,VFLDPWHFBUODDF-FCXRPNKRSA-N,CHEMBL140,1835703,CHEMBL917602,F,Growth inhibition of chloroquine-susceptible Plasmodium falciparum 3D7 at 20 uM,CHEMBL364,Plasmodium falciparum,Activity,,,,,CHEMBL1142205
Curcumin,VFLDPWHFBUODDF-FCXRPNKRSA-N,CHEMBL140,1835705,CHEMBL917603,F,Growth inhibition of chloroquine-resistant Plasmodium falciparum 7G8 at 5 uM,CHEMBL364,Plasmodium falciparum,Activity,,,,,CHEMBL1142205
Curcumin,VFLDPWHFBUODDF-FCXRPNKRSA-N,CHEMBL140,1835706,CHEMBL916675,F,Growth inhibition of chloroquine-resistant Plasmodium falciparum 7G8 at 20 uM,CHEMBL364,Plasmodium falciparum,Activity,,,,,CHEMBL1142205
Curcumin,VFLDPWHFBUODDF-FCXRPNKRSA-N,CHEMBL140,1835709,CHEMBL917605,F,Increase of Plasmodium falciparum 3D7 mitochondrial DNA damage by real-time PCR analysis,CHEMBL612545,Unchecked,Activity,,,,,CHEMBL1142205
Curcumin,VFLDPWHFBUODDF-FCXRPNKRSA-N,CHEMBL140,1835711,CHEMBL917606,F,Increase of Plasmodium falciparum 3D7 nuclear DNA damage by real-time PCR analysis,CHEMBL612545,Unchecked,Activity,,,,,CHEMBL1142205
Curcumin,VFLDPWHFBUODDF-FCXRPNKRSA-N,CHEMBL140,1835712,CHEMBL917607,F,Increased DNA damage in Plasmodium falciparum after 12 hrs in TUNEL assay,CHEMBL364,Plasmodium falciparum,Activity,,,,,CHEMBL1142205
Trametinib,LIRYPHYGHXZJBZ-UHFFFAOYSA-N,CHEMBL2103875,11460929,CHEMBL2114730,F,PubChem BioAssay. Cell Proliferation Assay against the TMD8 Cell Line (Caspase readout at 16 hrs). (Class of assay: confirmatory) ,CHEMBL612545,Unchecked,Potency,,37221.2,nM,,CHEMBL1201862
Trametinib,LIRYPHYGHXZJBZ-UHFFFAOYSA-N,CHEMBL2103875,11463970,CHEMBL2114770,F,PubChem BioAssay. qHTS Assay for Identification of Small Molecule Antagonists for NFkB Signaling Pathway. (Class of assay: confirmatory) ,CHEMBL612545,Unchecked,Potency,,29824.5,nM,,CHEMBL1201862
Trametinib,LIRYPHYGHXZJBZ-UHFFFAOYSA-N,CHEMBL2103875,11578791,CHEMBL2114777,F,PubChem BioAssay. Cell Proliferation Assay against a hMSC Cell Line. (Class of assay: confirmatory) ,CHEMBL612545,Unchecked,Potency,,26.4,nM,,CHEMBL1201862
Trametinib,LIRYPHYGHXZJBZ-UHFFFAOYSA-N,CHEMBL2103875,11582575,CHEMBL2114779,F,PubChem BioAssay. Cytotoxicity counterscreen for NFkB agonists and antagonists. (Class of assay: confirmatory) ,CHEMBL3879801,NON-PROTEIN TARGET,Potency,,18654.8,nM,,CHEMBL1201862
Trametinib,LIRYPHYGHXZJBZ-UHFFFAOYSA-N,CHEMBL2103875,11838293,CHEMBL2114803,F,PubChem BioAssay. Cell Proliferation Assay against the TMD8 Cell Line (Caspase readout at 8 hrs). (Class of assay: confirmatory) ,CHEMBL612545,Unchecked,Potency,,33173.4,nM,,CHEMBL1201862
Trametinib,LIRYPHYGHXZJBZ-UHFFFAOYSA-N,CHEMBL2103875,13972298,CHEMBL3135537,F,Induction of morphological changes in red fluorescent labelled human MDA-MB-231 cells assessed as rounded-up cells at 6.25 to 1000 nM after 16 hrs by microscopic analysis,CHEMBL400,MDA-MB-231,Activity,,,,,CHEMBL3132762
Trametinib,LIRYPHYGHXZJBZ-UHFFFAOYSA-N,CHEMBL2103875,13972309,CHEMBL3135549,F,Growth inhibition of human MDA-MB-231 cells after 3 days by DAPI staining,CHEMBL400,MDA-MB-231,GI50,=,25.0,nM,,CHEMBL3132762
Trametinib,LIRYPHYGHXZJBZ-UHFFFAOYSA-N,CHEMBL2103875,13972310,CHEMBL3135550,B,Inhibition of B-Raf activated MEK2 (unknown origin) assessed as ERK2-mediated MBP phosphorylation after 30 mins by ELISA,CHEMBL2964,Dual specificity mitogen-activated protein kinase kinase 2,IC50,=,1.6,nM,8.80,CHEMBL3132762
Trametinib,LIRYPHYGHXZJBZ-UHFFFAOYSA-N,CHEMBL2103875,13972311,CHEMBL3136009,B,Inhibition of B-Raf activated MEK1 (unknown origin) assessed as ERK2-mediated MBP phosphorylation after 30 mins by ELISA,CHEMBL3587,Dual specificity mitogen-activated protein kinase kinase 1,IC50,=,3.4,nM,8.47,CHEMBL3132762
Trametinib,LIRYPHYGHXZJBZ-UHFFFAOYSA-N,CHEMBL2103875,14458437,CHEMBL3214970,F,PubChem BioAssay. qHTS Assay for Identifying Gametocytocidal Compounds.   (Class of assay: confirmatory) ,CHEMBL612545,Unchecked,Potency,,935.0,nM,,CHEMBL1201862
Trametinib,LIRYPHYGHXZJBZ-UHFFFAOYSA-N,CHEMBL2103875,14767030,CHEMBL3301365,A,"ASTRAZENECA: % bound to plasma by equilibrium dialysis. Compound is incubated with whole human plasma  at 37C for >5hrs.  Method described in B. Testa et al (Eds.), Pharmacokinetic Profiling in Drug Research: Biological, Physicochemical, and Computational Strategies, Wiley-VCH, Weinheim, 2006, pp.119-141. Experimental range 10% to 99.95% bound.",CHEMBL612558,ADMET,PPB,,99.05,%,,CHEMBL3301361
Trametinib,LIRYPHYGHXZJBZ-UHFFFAOYSA-N,CHEMBL2103875,15547571,CHEMBL3562067,F,PubChem BioAssay. Immunotoxin (HA22) sensitization/mitigation study - treatment arm (low dose).   (Class of assay: confirmatory) ,CHEMBL612545,Unchecked,Potency,,23485.0,nM,,CHEMBL1201862
Trametinib,LIRYPHYGHXZJBZ-UHFFFAOYSA-N,CHEMBL2103875,15550215,CHEMBL3562018,F,PubChem BioAssay. Immunotoxin (SS1P) sensitization/mitigation study - treatment arm.   (Class of assay: confirmatory) ,CHEMBL612545,Unchecked,Potency,,16626.1,nM,,CHEMBL1201862
Trametinib,LIRYPHYGHXZJBZ-UHFFFAOYSA-N,CHEMBL2103875,15557734,CHEMBL3562034,F,PubChem BioAssay. Immunotoxin (SS1P) sensitization/mitigation study. Vehicle arm (DMEM).   (Class of assay: confirmatory) ,CHEMBL612545,Unchecked,Potency,,29565.9,nM,,CHEMBL1201862
Trametinib,LIRYPHYGHXZJBZ-UHFFFAOYSA-N,CHEMBL2103875,15571854,CHEMBL3562002,F,PubChem BioAssay. Immunotoxin (HA22) sensitization/mitigation study. Vehicle arm (PBS).   (Class of assay: confirmatory) ,CHEMBL612545,Unchecked,Potency,,29565.9,nM,,CHEMBL1201862
Trametinib,LIRYPHYGHXZJBZ-UHFFFAOYSA-N,CHEMBL2103875,15718865,CHEMBL3620373,A,Effective half life in patient,CHEMBL372,Homo sapiens,T1/2,>,40.0,hr,,CHEMBL3616393
Trametinib,LIRYPHYGHXZJBZ-UHFFFAOYSA-N,CHEMBL2103875,15718866,CHEMBL3620372,A,Plasma half life in po dosed Sprague-Dawley rat,CHEMBL376,Rattus norvegicus,T1/2,>,30.0,hr,,CHEMBL3616393
Trametinib,LIRYPHYGHXZJBZ-UHFFFAOYSA-N,CHEMBL2103875,16878480,CHEMBL3880489,F,Growth inhibition of human MDA-MB-175-VII cells incubated for 72 hrs by Cell-titer-Glo reagent based assay,CHEMBL3879801,NON-PROTEIN TARGET,IC50,=,96.0,nM,7.02,CHEMBL3880386
Trametinib,LIRYPHYGHXZJBZ-UHFFFAOYSA-N,CHEMBL2103875,16878482,CHEMBL3880490,F,Growth inhibition of human EFM19 cells incubated for 72 hrs by Cell-titer-Glo reagent based assay,CHEMBL3879801,NON-PROTEIN TARGET,IC50,>,1000.0,nM,,CHEMBL3880386
Trametinib,LIRYPHYGHXZJBZ-UHFFFAOYSA-N,CHEMBL2103875,16878484,CHEMBL3880491,F,Growth inhibition of human RKO cells incubated for 72 hrs by Cell-titer-Glo reagent based assay,CHEMBL3879801,NON-PROTEIN TARGET,IC50,=,18.0,nM,7.75,CHEMBL3880386
Trametinib,LIRYPHYGHXZJBZ-UHFFFAOYSA-N,CHEMBL2103875,16878486,CHEMBL3880492,F,Growth inhibition of human HCT8 cells incubated for 72 hrs by Cell-titer-Glo reagent based assay,CHEMBL3879801,NON-PROTEIN TARGET,IC50,=,55.0,nM,7.26,CHEMBL3880386
Trametinib,LIRYPHYGHXZJBZ-UHFFFAOYSA-N,CHEMBL2103875,16878488,CHEMBL3880493,F,Growth inhibition of human NCI-H508 cells incubated for 72 hrs by Cell-titer-Glo reagent based assay,CHEMBL3879801,NON-PROTEIN TARGET,IC50,=,23.0,nM,7.64,CHEMBL3880386
Trametinib,LIRYPHYGHXZJBZ-UHFFFAOYSA-N,CHEMBL2103875,16878490,CHEMBL3880494,F,Growth inhibition of human DLD1 cells incubated for 72 hrs by Cell-titer-Glo reagent based assay,CHEMBL3879801,NON-PROTEIN TARGET,IC50,=,632.0,nM,6.20,CHEMBL3880386
Trametinib,LIRYPHYGHXZJBZ-UHFFFAOYSA-N,CHEMBL2103875,16878492,CHEMBL3880495,F,Growth inhibition of human T84 cells incubated for 72 hrs by Cell-titer-Glo reagent based assay,CHEMBL3879801,NON-PROTEIN TARGET,IC50,=,61.0,nM,7.21,CHEMBL3880386
Trametinib,LIRYPHYGHXZJBZ-UHFFFAOYSA-N,CHEMBL2103875,16878494,CHEMBL3880496,F,Growth inhibition of human KM12 cells incubated for 72 hrs by Cell-titer-Glo reagent based assay,CHEMBL3879801,NON-PROTEIN TARGET,IC50,=,23.0,nM,7.64,CHEMBL3880386
Trametinib,LIRYPHYGHXZJBZ-UHFFFAOYSA-N,CHEMBL2103875,16878496,CHEMBL3880497,F,Growth inhibition of human SW837 cells incubated for 72 hrs by Cell-titer-Glo reagent based assay,CHEMBL3879801,NON-PROTEIN TARGET,IC50,=,74.0,nM,7.13,CHEMBL3880386
Trametinib,LIRYPHYGHXZJBZ-UHFFFAOYSA-N,CHEMBL2103875,16878498,CHEMBL3880498,F,Growth inhibition of human LS1034 cells incubated for 72 hrs by Cell-titer-Glo reagent based assay,CHEMBL3879801,NON-PROTEIN TARGET,IC50,=,5.0,nM,8.30,CHEMBL3880386
Trametinib,LIRYPHYGHXZJBZ-UHFFFAOYSA-N,CHEMBL2103875,16878500,CHEMBL3880499,F,Growth inhibition of human COLO205 cells incubated for 72 hrs by Cell-titer-Glo reagent based assay,CHEMBL3879801,NON-PROTEIN TARGET,IC50,=,1.0,nM,9.00,CHEMBL3880386
Trametinib,LIRYPHYGHXZJBZ-UHFFFAOYSA-N,CHEMBL2103875,16878502,CHEMBL3880500,F,Growth inhibition of human SW1463 cells incubated for 72 hrs by Cell-titer-Glo reagent based assay,CHEMBL3879801,NON-PROTEIN TARGET,IC50,=,4.0,nM,8.40,CHEMBL3880386
Trametinib,LIRYPHYGHXZJBZ-UHFFFAOYSA-N,CHEMBL2103875,16878504,CHEMBL3880501,F,Growth inhibition of human HT-29 cells incubated for 72 hrs by Cell-titer-Glo reagent based assay,CHEMBL3879801,NON-PROTEIN TARGET,IC50,=,2.0,nM,8.70,CHEMBL3880386
Trametinib,LIRYPHYGHXZJBZ-UHFFFAOYSA-N,CHEMBL2103875,16878506,CHEMBL3880502,F,Growth inhibition of human SW480 cells incubated for 72 hrs by Cell-titer-Glo reagent based assay,CHEMBL3879801,NON-PROTEIN TARGET,IC50,=,37.0,nM,7.43,CHEMBL3880386
Trametinib,LIRYPHYGHXZJBZ-UHFFFAOYSA-N,CHEMBL2103875,16878508,CHEMBL3880503,F,Growth inhibition of human SW1417 cells incubated for 72 hrs by Cell-titer-Glo reagent based assay,CHEMBL3879801,NON-PROTEIN TARGET,IC50,=,3.0,nM,8.52,CHEMBL3880386
Trametinib,LIRYPHYGHXZJBZ-UHFFFAOYSA-N,CHEMBL2103875,16878510,CHEMBL3880504,F,Growth inhibition of human COR-L23 cells incubated for 72 hrs by Cell-titer-Glo reagent based assay,CHEMBL3879801,NON-PROTEIN TARGET,IC50,=,329.0,nM,6.48,CHEMBL3880386
Trametinib,LIRYPHYGHXZJBZ-UHFFFAOYSA-N,CHEMBL2103875,16878512,CHEMBL3880505,F,Growth inhibition of human A549 cells incubated for 72 hrs by Cell-titer-Glo reagent based assay,CHEMBL3879801,NON-PROTEIN TARGET,IC50,=,34.0,nM,7.47,CHEMBL3880386
Trametinib,LIRYPHYGHXZJBZ-UHFFFAOYSA-N,CHEMBL2103875,16878514,CHEMBL3880506,F,Growth inhibition of human NCI-H1355 cells incubated for 72 hrs by Cell-titer-Glo reagent based assay,CHEMBL3879801,NON-PROTEIN TARGET,IC50,=,52.0,nM,7.28,CHEMBL3880386
Trametinib,LIRYPHYGHXZJBZ-UHFFFAOYSA-N,CHEMBL2103875,16878516,CHEMBL3880507,F,Growth inhibition of human NCI-H1792 cells incubated for 72 hrs by Cell-titer-Glo reagent based assay,CHEMBL3879801,NON-PROTEIN TARGET,IC50,=,53.0,nM,7.28,CHEMBL3880386
Trametinib,LIRYPHYGHXZJBZ-UHFFFAOYSA-N,CHEMBL2103875,16878518,CHEMBL3880508,F,Growth inhibition of human NCI-H23 cells incubated for 72 hrs by Cell-titer-Glo reagent based assay,CHEMBL3879801,NON-PROTEIN TARGET,IC50,=,29.0,nM,7.54,CHEMBL3880386
Trametinib,LIRYPHYGHXZJBZ-UHFFFAOYSA-N,CHEMBL2103875,16878520,CHEMBL3880509,F,Growth inhibition of human Calu6 cells incubated for 72 hrs by Cell-titer-Glo reagent based assay,CHEMBL3879801,NON-PROTEIN TARGET,IC50,=,4.0,nM,8.40,CHEMBL3880386
Trametinib,LIRYPHYGHXZJBZ-UHFFFAOYSA-N,CHEMBL2103875,16878522,CHEMBL3880510,F,Growth inhibition of human MV522 cells incubated for 72 hrs by Cell-titer-Glo reagent based assay,CHEMBL3879801,NON-PROTEIN TARGET,IC50,=,2.0,nM,8.70,CHEMBL3880386
Trametinib,LIRYPHYGHXZJBZ-UHFFFAOYSA-N,CHEMBL2103875,16878524,CHEMBL3880511,F,Growth inhibition of human NCI-H1155 cells incubated for 72 hrs by Cell-titer-Glo reagent based assay,CHEMBL3879801,NON-PROTEIN TARGET,IC50,>,1000.0,nM,,CHEMBL3880386
Trametinib,LIRYPHYGHXZJBZ-UHFFFAOYSA-N,CHEMBL2103875,16878526,CHEMBL3880512,F,Growth inhibition of human SW1573 cells incubated for 72 hrs by Cell-titer-Glo reagent based assay,CHEMBL3879801,NON-PROTEIN TARGET,IC50,>,1000.0,nM,,CHEMBL3880386
Trametinib,LIRYPHYGHXZJBZ-UHFFFAOYSA-N,CHEMBL2103875,16878528,CHEMBL3880513,F,Growth inhibition of human HOP62 cells incubated for 72 hrs by Cell-titer-Glo reagent based assay,CHEMBL3879801,NON-PROTEIN TARGET,IC50,>,1000.0,nM,,CHEMBL3880386
Trametinib,LIRYPHYGHXZJBZ-UHFFFAOYSA-N,CHEMBL2103875,16878530,CHEMBL3880514,F,Growth inhibition of human SW900 cells incubated for 72 hrs by Cell-titer-Glo reagent based assay,CHEMBL3879801,NON-PROTEIN TARGET,IC50,=,127.0,nM,6.90,CHEMBL3880386
Trametinib,LIRYPHYGHXZJBZ-UHFFFAOYSA-N,CHEMBL2103875,16878532,CHEMBL3880515,F,Growth inhibition of human A427 cells incubated for 72 hrs by Cell-titer-Glo reagent based assay,CHEMBL3879801,NON-PROTEIN TARGET,IC50,=,22.0,nM,7.66,CHEMBL3880386
Trametinib,LIRYPHYGHXZJBZ-UHFFFAOYSA-N,CHEMBL2103875,16878534,CHEMBL3880516,F,Growth inhibition of human HCC827 cells incubated for 72 hrs by Cell-titer-Glo reagent based assay,CHEMBL3879801,NON-PROTEIN TARGET,IC50,>,1000.0,nM,,CHEMBL3880386
Trametinib,LIRYPHYGHXZJBZ-UHFFFAOYSA-N,CHEMBL2103875,16878536,CHEMBL3880517,F,Growth inhibition of human Calu3 cells incubated for 72 hrs by Cell-titer-Glo reagent based assay,CHEMBL3879801,NON-PROTEIN TARGET,IC50,=,158.0,nM,6.80,CHEMBL3880386
Trametinib,LIRYPHYGHXZJBZ-UHFFFAOYSA-N,CHEMBL2103875,16878538,CHEMBL3880518,F,Growth inhibition of human NCI-H727 cells incubated for 72 hrs by Cell-titer-Glo reagent based assay,CHEMBL3879801,NON-PROTEIN TARGET,IC50,=,2.0,nM,8.70,CHEMBL3880386
Trametinib,LIRYPHYGHXZJBZ-UHFFFAOYSA-N,CHEMBL2103875,16878540,CHEMBL3880519,F,Growth inhibition of human MDA-MB-175-VII cells at 1:10 molar ratio of compound in presence of N-{(1S)-2-amino-1-[(3-fluorophenyl)methyl]ethyl}-5-chloro-4-(4-chloro-1-methyl-1H-pyrazol-5-yl)-2-thiophenecar- boxamide incubated for 72 hrs by Cell-titer-Glo reagent based assay,CHEMBL3879801,NON-PROTEIN TARGET,IC50,=,16.0,nM,7.80,CHEMBL3880386
Trametinib,LIRYPHYGHXZJBZ-UHFFFAOYSA-N,CHEMBL2103875,16878541,CHEMBL3880520,F,Growth inhibition of human EFM19 cells at 1:10 molar ratio of compound in presence of N-{(1S)-2-amino-1-[(3-fluorophenyl)methyl]ethyl}-5-chloro-4-(4-chloro-1-methyl-1H-pyrazol-5-yl)-2-thiophenecar- boxamide incubated for 72 hrs by Cell-titer-Glo reagent based assay,CHEMBL3879801,NON-PROTEIN TARGET,IC50,=,30.0,nM,7.52,CHEMBL3880386
Trametinib,LIRYPHYGHXZJBZ-UHFFFAOYSA-N,CHEMBL2103875,16878542,CHEMBL3880521,F,Growth inhibition of human RKO cells at 1:10 molar ratio of compound in presence of N-{(1S)-2-amino-1-[(3-fluorophenyl)methyl]ethyl}-5-chloro-4-(4-chloro-1-methyl-1H-pyrazol-5-yl)-2-thiophenecar- boxamide incubated for 72 hrs by Cell-titer-Glo reagent based assay,CHEMBL3879801,NON-PROTEIN TARGET,IC50,=,5.0,nM,8.30,CHEMBL3880386
Canagliflozin,XTNGUQKDFGDXSJ-ZXGKGEBGSA-N,CHEMBL2048484,10949234,CHEMBL2051076,B,Inhibition of human SGLT2 expressed in CHO-K1 cells by [14C]AMG uptake assay,CHEMBL3884,Sodium/glucose cotransporter 2,IC50,=,6.7,nM,8.17,CHEMBL2046440
Canagliflozin,XTNGUQKDFGDXSJ-ZXGKGEBGSA-N,CHEMBL2048484,10949252,CHEMBL2051077,B,Inhibition of human SGLT1 expressed in CHO-K1 cells by [14C]AMG uptake assay,CHEMBL4979,Sodium/glucose cotransporter 1,IC50,=,1900.0,nM,5.72,CHEMBL2046440
Canagliflozin,XTNGUQKDFGDXSJ-ZXGKGEBGSA-N,CHEMBL2048484,10949270,CHEMBL2051078,B,"Selectivity index, ratio of IC50 for human SGLT1 to IC50 for human SGLT2",CHEMBL612545,Unchecked,Ratio IC50,=,280.0,,,CHEMBL2046440
Canagliflozin,XTNGUQKDFGDXSJ-ZXGKGEBGSA-N,CHEMBL2048484,10949288,CHEMBL2051079,A,Inhibition of CYP3A4 using BFC substrate in which compound added to reaction mixture simultaneously with BFC substrate by fluorometric assay,CHEMBL340,Cytochrome P450 3A4,IC50,,,,,CHEMBL2046440
Canagliflozin,XTNGUQKDFGDXSJ-ZXGKGEBGSA-N,CHEMBL2048484,10949306,CHEMBL2051080,A,Inhibition of CYP3A4 using BFC substrate in which compound added to reaction mixture before addition of BFC substrate by fluorometric assay,CHEMBL340,Cytochrome P450 3A4,IC50,,,,,CHEMBL2046440
Canagliflozin,XTNGUQKDFGDXSJ-ZXGKGEBGSA-N,CHEMBL2048484,10949324,CHEMBL2051190,A,"Potency index, ratio of IC50 for CYP3A4 (unknown origin) using BFC substrate in which compound added to reaction mixture simultaneously with BFC substrate to IC50 for CYP3A4 using BFC substrate in which compound added to reaction mixture before addition of BFC substrate",CHEMBL340,Cytochrome P450 3A4,Ratio IC50,,,,,CHEMBL2046440
Canagliflozin,XTNGUQKDFGDXSJ-ZXGKGEBGSA-N,CHEMBL2048484,18072008,CHEMBL4015660,F,"Antidiabetic activity in rhesus monkey assessed as increase in urinary glucose excrection at 25 mg/kg, po administered as single dose 30 mins prior to glucose challenge and subsequent re-feeding after 1 hr of glucose challenge measured less than 3 days",CHEMBL614875,Rhesus monkey,Activity,,,,,CHEMBL4014312
Canagliflozin,XTNGUQKDFGDXSJ-ZXGKGEBGSA-N,CHEMBL2048484,18072026,CHEMBL4015644,B,Inhibition of human SGLT2 expressed in CHO cells assessed as decrease in uptake of [14C]AMG after 120 mins by TopCount method,CHEMBL3884,Sodium/glucose cotransporter 2,IC50,=,2.2,nM,8.66,CHEMBL4014312
Canagliflozin,XTNGUQKDFGDXSJ-ZXGKGEBGSA-N,CHEMBL2048484,18072034,CHEMBL4015645,B,Inhibition of human SGLT1 expressed in CHO cells assessed as decrease in uptake of [14C]AMG after 120 mins by TopCount method,CHEMBL4979,Sodium/glucose cotransporter 1,IC50,=,265.0,nM,6.58,CHEMBL4014312
Canagliflozin,XTNGUQKDFGDXSJ-ZXGKGEBGSA-N,CHEMBL2048484,18072042,CHEMBL4015646,B,Selectivity ratio of IC50 for human SGLT1 expressed in CHO cells to IC50 for human SGLT2 expressed in CHO cells,CHEMBL612545,Unchecked,Ratio IC50,=,120.0,,,CHEMBL4014312
Canagliflozin,XTNGUQKDFGDXSJ-ZXGKGEBGSA-N,CHEMBL2048484,18072063,CHEMBL4015654,F,"Antidiabetic activity in Sprague-Dawley rat assessed as increase in urinary glucose excrection at 1 to 10 mg/kg, po administered as single dose 30 mins prior to glucose challenge and subsequent re-feeding after 1 hr of glucose challenge measured after 24 hrs relative to vehicle-treated control",CHEMBL376,Rattus norvegicus,Activity,,,,,CHEMBL4014312
Canagliflozin,XTNGUQKDFGDXSJ-ZXGKGEBGSA-N,CHEMBL2048484,18665719,CHEMBL4233439,B,Inhibition of SGLT2 (unknown origin),CHEMBL3884,Sodium/glucose cotransporter 2,IC50,=,2.2,nM,8.66,CHEMBL4229423
Canagliflozin,XTNGUQKDFGDXSJ-ZXGKGEBGSA-N,CHEMBL2048484,18832846,CHEMBL4303805,F,Antiviral activity determined as inhibition of SARS-CoV-2 induced cytotoxicity of Caco-2 cells at 10 uM after 48 hours by high content imaging,CHEMBL4303835,SARS-CoV-2,Inhibition,=,7.31,%,,CHEMBL4303101
Canagliflozin,XTNGUQKDFGDXSJ-ZXGKGEBGSA-N,CHEMBL2048484,18835395,CHEMBL4303810,F,Antiviral activity against SARS-CoV-2 (USA-WA1/2020 strain) measured by imaging in HRCE cells at MOI 0.4 after 96 hrs (reported as hit score from 0-1 for on-disease vs off-disease activity: scores >0.6 considered hits),CHEMBL4303835,SARS-CoV-2,Hit score,=,0.2292,,,CHEMBL4303122
Canagliflozin,XTNGUQKDFGDXSJ-ZXGKGEBGSA-N,CHEMBL2048484,19001155,CHEMBL4343612,B,Inhibition of human SGLT1,CHEMBL4979,Sodium/glucose cotransporter 1,IC50,=,684.0,nM,6.17,CHEMBL4342422
Canagliflozin,XTNGUQKDFGDXSJ-ZXGKGEBGSA-N,CHEMBL2048484,19001164,CHEMBL4343613,B,Inhibition of human SGLT2,CHEMBL3884,Sodium/glucose cotransporter 2,IC50,=,4.4,nM,8.36,CHEMBL4342422
Canagliflozin,XTNGUQKDFGDXSJ-ZXGKGEBGSA-N,CHEMBL2048484,19001183,CHEMBL4343622,B,Selectivity ratio of IC50 for inhibition of human SGLT1 to IC50 for inhibition of human SGLT2,CHEMBL612545,Unchecked,Ratio IC50,=,155.0,,,CHEMBL4342422
Canagliflozin,XTNGUQKDFGDXSJ-ZXGKGEBGSA-N,CHEMBL2048484,19005389,CHEMBL4344292,B,Inhibition of SGLT1 (unknown origin),CHEMBL4979,Sodium/glucose cotransporter 1,EC50,=,910.0,nM,6.04,CHEMBL4342459
Canagliflozin,XTNGUQKDFGDXSJ-ZXGKGEBGSA-N,CHEMBL2048484,19005390,CHEMBL4344293,B,Inhibition of SGLT2 (unknown origin),CHEMBL3884,Sodium/glucose cotransporter 2,EC50,=,2.2,nM,8.66,CHEMBL4342459
Canagliflozin,XTNGUQKDFGDXSJ-ZXGKGEBGSA-N,CHEMBL2048484,19957860,CHEMBL4495582,F,SARS-CoV-2 3CL-Pro protease inhibition percentage at 20µM  by FRET kind of response from peptide substrate,CHEMBL4523582,Replicase polyprotein 1ab,Inhibition,=,13.64,%,,CHEMBL4495564
Canagliflozin,XTNGUQKDFGDXSJ-ZXGKGEBGSA-N,CHEMBL2048484,19963773,CHEMBL4495582,F,SARS-CoV-2 3CL-Pro protease inhibition percentage at 20µM  by FRET kind of response from peptide substrate,CHEMBL4523582,Replicase polyprotein 1ab,Inhibition,=,16.16,%,,CHEMBL4495564
Canagliflozin,XTNGUQKDFGDXSJ-ZXGKGEBGSA-N,CHEMBL2048484,20151670,CHEMBL4513082,F,Antiviral activity determined as inhibition of SARS-CoV-2 induced cytotoxicity of VERO-6 cells at 10 uM after 48 hours exposure to 0.01 MOI SARS CoV-2 virus by high content imaging,CHEMBL4303835,SARS-CoV-2,Inhibition,=,-0.14,%,,CHEMBL4495565
Canagliflozin,XTNGUQKDFGDXSJ-ZXGKGEBGSA-N,CHEMBL2048484,20152355,CHEMBL4513082,F,Antiviral activity determined as inhibition of SARS-CoV-2 induced cytotoxicity of VERO-6 cells at 10 uM after 48 hours exposure to 0.01 MOI SARS CoV-2 virus by high content imaging,CHEMBL4303835,SARS-CoV-2,Inhibition,=,0.05,%,,CHEMBL4495565
Canagliflozin,XTNGUQKDFGDXSJ-ZXGKGEBGSA-N,CHEMBL2048484,22073640,CHEMBL4513082,F,Antiviral activity determined as inhibition of SARS-CoV-2 induced cytotoxicity of VERO-6 cells at 10 uM after 48 hours exposure to 0.01 MOI SARS CoV-2 virus by high content imaging,CHEMBL4303835,SARS-CoV-2,Inhibition,=,0.05,%,,CHEMBL4495565
Canagliflozin,XTNGUQKDFGDXSJ-ZXGKGEBGSA-N,CHEMBL2048484,22079553,CHEMBL4513082,F,Antiviral activity determined as inhibition of SARS-CoV-2 induced cytotoxicity of VERO-6 cells at 10 uM after 48 hours exposure to 0.01 MOI SARS CoV-2 virus by high content imaging,CHEMBL4303835,SARS-CoV-2,Inhibition,=,-0.14,%,,CHEMBL4495565
Canagliflozin,XTNGUQKDFGDXSJ-ZXGKGEBGSA-N,CHEMBL2048484,22082042,CHEMBL4651403,F,Antiviral activity determined as inhibition of SARS-CoV-2 induced cytotoxicity of VERO-6 cells at 10 uM after 48 hours exposure to 0.01 MOI SARS CoV-2 virus by high content imaging,CHEMBL4303835,SARS-CoV-2,IC50,>,20000.0,nM,,CHEMBL4651402
Canagliflozin,XTNGUQKDFGDXSJ-ZXGKGEBGSA-N,CHEMBL2048484,22082043,CHEMBL4651403,F,Antiviral activity determined as inhibition of SARS-CoV-2 induced cytotoxicity of VERO-6 cells at 10 uM after 48 hours exposure to 0.01 MOI SARS CoV-2 virus by high content imaging,CHEMBL4303835,SARS-CoV-2,IC50,>,19952.62,nM,,CHEMBL4651402
Canagliflozin,XTNGUQKDFGDXSJ-ZXGKGEBGSA-N,CHEMBL2048484,23131793,CHEMBL4808149,B,Enzymatic assay of human HDAC6 with commercial peptide substrate,CHEMBL1865,Protein deacetylase HDAC6,Inhibition,=,-5.59,%,,CHEMBL4808148
Canagliflozin,XTNGUQKDFGDXSJ-ZXGKGEBGSA-N,CHEMBL2048484,23138299,CHEMBL4808150,B,Enzymatic assay of human HDAC6 with custom peptide substrate,CHEMBL1865,Protein deacetylase HDAC6,Inhibition,=,0.37,%,,CHEMBL4808148
Canagliflozin,XTNGUQKDFGDXSJ-ZXGKGEBGSA-N,CHEMBL2048484,25115191,CHEMBL5291779,B,Binding affinity towards human DRD1 in an in vitro assay with cellular components (NIBR assay) measured by scintillation counting,CHEMBL2056,D(1A) dopamine receptor,AC50,>,30000.0,nM,,CHEMBL5291721
Canagliflozin,XTNGUQKDFGDXSJ-ZXGKGEBGSA-N,CHEMBL2048484,25117577,CHEMBL5291828,F,"Compound was evaluated for inhibition of human KCNH2 in an in vitro assay with cellular components measured by membrane filtration, radioactivity method",CHEMBL240,Voltage-gated inwardly rectifying potassium channel KCNH2,AC50,>,30000.0,nM,,CHEMBL5291721
Canagliflozin,XTNGUQKDFGDXSJ-ZXGKGEBGSA-N,CHEMBL2048484,25124940,CHEMBL5291882,B,Binding affinity towards human SLC6A3 in an in vitro assay with cellular components measured by scintillation counting,CHEMBL238,Sodium-dependent dopamine transporter,AC50,=,3535.6,nM,5.45,CHEMBL5291721
Canagliflozin,XTNGUQKDFGDXSJ-ZXGKGEBGSA-N,CHEMBL2048484,25126921,CHEMBL5291722,F,"Compound was evaluated for inhibition of human ABCB11 in an in vitro assay with cellular components measured by filtration, liquid scintillation counting",CHEMBL6020,Bile salt export pump,AC50,=,37999.7,nM,4.42,CHEMBL5291721
Canagliflozin,XTNGUQKDFGDXSJ-ZXGKGEBGSA-N,CHEMBL2048484,25138839,CHEMBL5291792,B,Binding affinity towards human ESR1 in an in vitro cell free assay (CRO assay) measured by membrane filtration,CHEMBL206,Estrogen receptor,AC50,>,30000.0,nM,,CHEMBL5291721
Canagliflozin,XTNGUQKDFGDXSJ-ZXGKGEBGSA-N,CHEMBL2048484,25142529,CHEMBL5291723,F,Compound was evaluated for inhibition of human ACHE in an vitro cell free assay measured by absorbance method,CHEMBL220,Acetylcholinesterase,AC50,>,30000.0,nM,,CHEMBL5291721
Canagliflozin,XTNGUQKDFGDXSJ-ZXGKGEBGSA-N,CHEMBL2048484,25145981,CHEMBL5291881,B,Binding affinity towards human SLC6A2 in an in vitro assay with cellular components measured by scintillation counting,CHEMBL222,Sodium-dependent noradrenaline transporter,AC50,>,30000.0,nM,,CHEMBL5291721
Canagliflozin,XTNGUQKDFGDXSJ-ZXGKGEBGSA-N,CHEMBL2048484,25151308,CHEMBL5291883,B,Binding affinity towards human SLC6A4 in an in vitro assay with cellular components measured by scintillation counting,CHEMBL228,Sodium-dependent serotonin transporter,AC50,=,26084.9,nM,4.58,CHEMBL5291721
Canagliflozin,XTNGUQKDFGDXSJ-ZXGKGEBGSA-N,CHEMBL2048484,25156410,CHEMBL5291736,B,Binding affinity towards human ADRA2A in an in vitro assay with cellular components measured by scintillation counting,CHEMBL1867,Alpha-2A adrenergic receptor,AC50,>,30000.0,nM,,CHEMBL5291721
Canagliflozin,XTNGUQKDFGDXSJ-ZXGKGEBGSA-N,CHEMBL2048484,25158156,CHEMBL5291855,B,Binding affinity towards human OPRM1 in an in vitro assay with cellular components measured by scintillation counting,CHEMBL233,Mu-type opioid receptor,AC50,>,30000.0,nM,,CHEMBL5291721
Canagliflozin,XTNGUQKDFGDXSJ-ZXGKGEBGSA-N,CHEMBL2048484,25158872,CHEMBL5291878,F,Compound was evaluated for inhibition of human SCN5A in an in vitro cell-based assay measured by IonWorks automated patch clamp,CHEMBL1980,Sodium channel protein type 5 subunit alpha,AC50,>,50000.0,nM,,CHEMBL5291721
Canagliflozin,XTNGUQKDFGDXSJ-ZXGKGEBGSA-N,CHEMBL2048484,25160672,CHEMBL5291830,F,Compound was evaluated for inhibition of human MAOA in an in vitro cell free assay measured by fluorescence spectroscopy,CHEMBL1951,Amine oxidase [flavin-containing] A,AC50,>,30000.0,nM,,CHEMBL5291721
Canagliflozin,XTNGUQKDFGDXSJ-ZXGKGEBGSA-N,CHEMBL2048484,25165005,CHEMBL5291815,B,Binding affinity towards human HTR1A in an in vitro assay with cellular components measured by scintillation counting,CHEMBL214,5-hydroxytryptamine receptor 1A,AC50,>,30000.0,nM,,CHEMBL5291721
Canagliflozin,XTNGUQKDFGDXSJ-ZXGKGEBGSA-N,CHEMBL2048484,25168213,CHEMBL5291829,F,Compound was evaluated for inhibition of human KDR in an in vitro cell free assay measured by time-resolved fluorescence resonance energy transfer method,CHEMBL279,Vascular endothelial growth factor receptor 2,AC50,>,30000.0,nM,,CHEMBL5291721
Canagliflozin,XTNGUQKDFGDXSJ-ZXGKGEBGSA-N,CHEMBL2048484,25191698,CHEMBL5291856,F,Compound was evaluated for inhibition of human PDE3A in an in vitro cell free assay measured by time-resolved fluorescence resonance energy transfer method,CHEMBL241,"cGMP-inhibited 3',5'-cyclic phosphodiesterase 3A",AC50,>,30000.0,nM,,CHEMBL5291721
Canagliflozin,XTNGUQKDFGDXSJ-ZXGKGEBGSA-N,CHEMBL2048484,25194504,CHEMBL5291782,B,Binding affinity towards human DRD3 in an in vitro assay with cellular components measured by scintillation counting,CHEMBL234,D(3) dopamine receptor,AC50,>,30000.0,nM,,CHEMBL5291721
Canagliflozin,XTNGUQKDFGDXSJ-ZXGKGEBGSA-N,CHEMBL2048484,25195717,CHEMBL5291766,B,Binding affinity towards human CHRM2 in an in vitro assay with cellular components measured by scintillation counting,CHEMBL211,Muscarinic acetylcholine receptor M2,AC50,>,30000.0,nM,,CHEMBL5291721
Canagliflozin,XTNGUQKDFGDXSJ-ZXGKGEBGSA-N,CHEMBL2048484,25196687,CHEMBL5291794,F,Compound was evaluated for inhibition of human F2 in an in vitro cell free assay measured by fluorescence spectroscopy,CHEMBL204,Prothrombin,AC50,>,30000.0,nM,,CHEMBL5291721
Canagliflozin,XTNGUQKDFGDXSJ-ZXGKGEBGSA-N,CHEMBL2048484,25197361,CHEMBL5291879,F,Compound was evaluated for inhibition of rat Slc18a2 in an ex vivo assay measured by radioactivity method,CHEMBL4828,Synaptic vesicular amine transporter,AC50,=,20000.0,nM,4.70,CHEMBL5291721
Canagliflozin,XTNGUQKDFGDXSJ-ZXGKGEBGSA-N,CHEMBL2048484,25197839,CHEMBL5291888,F,Antagonist activity at human TBXA2R in an in vitro cell-based assay measured by fluorescence spectroscopy,CHEMBL2069,Thromboxane A2 receptor,AC50,>,30000.0,nM,,CHEMBL5291721
Canagliflozin,XTNGUQKDFGDXSJ-ZXGKGEBGSA-N,CHEMBL2048484,25198701,CHEMBL5291728,B,Binding affinity towards human ADORA3 (agonistic activity) in an in vitro assay with cellular components measured by scintillation counting,CHEMBL256,Adenosine receptor A3,AC50,=,18422.1,nM,4.74,CHEMBL5291721
