connectivity,document_chembl_id,assay_chembl_id,active,similarity_seed_42,logistic_seed_42,hgb_seed_42,similarity_seed_123,logistic_seed_123,hgb_seed_123,similarity_seed_456,logistic_seed_456,hgb_seed_456
AADSOLQDZDPBJN,CHEMBL3639133,CHEMBL3706375,1,0.2727272727272727,0.8865992,0.9893711508031898,0.25510204081632654,0.8853997,0.9954732990453085,0.2727272727272727,0.947893,0.999453592895378
AAJQCSICTDAGMQ,CHEMBL5543164,CHEMBL5548923,1,0.640625,0.99916565,0.9999906673880937,0.6379310344827587,0.99921906,0.9999810884052215,0.640625,0.9996111,0.99998617189093
AAMKUWYDJAVAKV,CHEMBL3112582,CHEMBL3116931,1,0.21138211382113822,0.8448505,0.9987168946647194,0.21428571428571427,0.8670098,0.9927437454405708,0.21428571428571427,0.66248345,0.9968338892920591
AASGDYPVVLTOTG,CHEMBL3639133,CHEMBL3706375,1,0.23076923076923078,0.69027215,0.9870529426199456,0.23076923076923078,0.59496355,0.9980776581550191,0.23076923076923078,0.48401818,0.9994085426712329
AATCBLYHOUOCTO,CHEMBL2417539,CHEMBL2423428,0,0.25,0.8055255,0.25866998250255907,0.5972222222222222,0.3613831,0.1693029909372979,0.5972222222222222,0.23384199,0.02413891841431844
ABBYYXANEINXOV,CHEMBL3638592,CHEMBL3706089,1,0.25274725274725274,0.844313,0.8720489727084499,0.23809523809523808,0.89521664,0.835227089956065,0.25274725274725274,0.88865846,0.9629035369672432
ABFSEKIPQPPYFD,CHEMBL5729432,CHEMBL5738687,0,0.25555555555555554,0.8700688,0.9978289673141715,0.25555555555555554,0.88665545,0.9967786882223452,0.25555555555555554,0.90280795,0.9993968661702206
ABJDGWXKAMVWGP,CHEMBL4411315,CHEMBL4413545,1,0.5333333333333333,0.98944354,0.9506703439458084,0.5333333333333333,0.9854101,0.9818051303139803,0.5333333333333333,0.9706924,0.6155107592687845
ABJKKLPYCQAHCN,CHEMBL3638644,CHEMBL3705655,1,0.30392156862745096,0.87510896,0.9995533897469793,0.3707865168539326,0.96396416,0.9957023670440298,0.3707865168539326,0.9842271,0.9997939403824219
ABNIDWHBBSGUDX,CHEMBL3639133,CHEMBL3706375,1,0.17777777777777778,0.24908693,0.1123947096732776,0.17142857142857143,0.30731866,0.20389063634805804,0.17777777777777778,0.43047085,0.3912846546694145
ABNYACFXLIXBBW,CHEMBL3638592,CHEMBL3706089,1,0.26373626373626374,0.82668895,0.6070654466821717,0.26804123711340205,0.9181465,0.7640493616359385,0.2708333333333333,0.944375,0.9823447457445519
ACCFLVVUVBJNGT,CHEMBL5230127,CHEMBL5231748,1,0.21649484536082475,0.92107445,0.8733443358565801,0.21649484536082475,0.8351095,0.9982105880981221,0.18604651162790697,0.8169384,0.9710786016551117
ACPURVIILGKNKV,CHEMBL4680347,CHEMBL4689247,1,0.38095238095238093,0.38229042,0.9157981380762692,0.38095238095238093,0.4900232,0.96550782384018,0.38095238095238093,0.71865165,0.9991778512144085
ACRVFUXUPCCBKG,CHEMBL3638592,CHEMBL3706089,1,0.21505376344086022,0.89901835,0.9870599309113576,0.21505376344086022,0.92263037,0.9783538702150545,0.21505376344086022,0.8602206,0.9870529897187241
ACSAZDYAONWBPF,CHEMBL4251704,CHEMBL4255944,1,0.1839080459770115,0.5990693,0.9593550240113432,0.1839080459770115,0.40805346,0.9942290960212509,0.1839080459770115,0.24841356,0.9989092181447978
ADDMBJZNTUSTIL,CHEMBL5370564,CHEMBL5372078,1,0.3870967741935484,0.57910067,0.8938313494459718,0.3870967741935484,0.73067075,0.09549028756638205,0.3870967741935484,0.65068555,0.03142986992739155
ADFBGHLIVBZYKW,CHEMBL5725838,CHEMBL5731581,0,0.20588235294117646,0.60672855,0.9994692583746302,0.20588235294117646,0.77114403,0.9993585911838603,0.20588235294117646,0.6573194,0.9995962585519333
ADGGYDAFIHSYFI,CHEMBL4017506,CHEMBL4019293,1,0.35294117647058826,0.9235139,0.24238548713944394,0.35294117647058826,0.92594224,0.3400170139646022,0.35294117647058826,0.9280906,0.9593952722349596
ADGGYDAFIHSYFI,CHEMBL4017506,CHEMBL4019299,1,0.35294117647058826,0.9235139,0.24238548713944394,0.35294117647058826,0.92594224,0.3400170139646022,0.35294117647058826,0.9280906,0.9593952722349596
ADOWSBVOHPXUHY,CHEMBL3638541,CHEMBL3706289,1,0.25,0.8744497,0.9997130749828287,0.25,0.95022404,0.9957457645888511,0.2441860465116279,0.8682705,0.9984671981723894
ADTBLSNEZSDCAS,CHEMBL3638997,CHEMBL3705850,1,0.21978021978021978,0.7001105,0.38797186301637193,0.21978021978021978,0.6932593,0.5406373541204529,0.21978021978021978,0.7528968,0.974579415673532
ADUBJHAQOLSRND,CHEMBL3638592,CHEMBL3706089,1,0.24210526315789474,0.61289304,0.6802115694726434,0.2247191011235955,0.7847724,0.8555595522376908,0.2247191011235955,0.6680069,0.8980832737834324
AEDYQRGLUVZRAF,CHEMBL3638644,CHEMBL3705655,1,0.3157894736842105,0.9202222,0.9996420012656274,0.4069767441860465,0.9677838,0.9995479753963573,0.4069767441860465,0.9729067,0.9999525574949418
AEPOITNLAPHSGR,CHEMBL3638592,CHEMBL3706089,1,0.26851851851851855,0.9737124,0.9788344038228391,0.26851851851851855,0.9074466,0.9483573608893132,0.23529411764705882,0.8552173,0.9807557806877537
AEQJSXYZDSSECD,CHEMBL3639211,CHEMBL3706278,1,0.25510204081632654,0.8317439,0.9452526424490661,0.25510204081632654,0.8636932,0.9883065453481996,0.25510204081632654,0.8836317,0.9888354804170204
AERUYLXGFLTZIW,CHEMBL3638997,CHEMBL3705850,1,0.2222222222222222,0.68606937,0.3860366923327662,0.2222222222222222,0.74814206,0.6899071722593271,0.19753086419753085,0.720796,0.9661051586452386
AEVSKGADWGWYLF,CHEMBL3638644,CHEMBL3705655,1,0.3055555555555556,0.7967715,0.8866883194627159,0.5,0.9436017,0.5984787011584083,0.5,0.89389575,0.9008176261613621
AEWXDIJJSLVFGC,CHEMBL4364276,CHEMBL4366252,1,0.20408163265306123,0.7647669,0.9983312224872893,0.20408163265306123,0.5312382,0.9849255976027094,0.2159090909090909,0.34390596,0.9944262856149721
AEZTZVXEQNZMAV,CHEMBL3108735,CHEMBL3112126,1,0.660377358490566,0.9025057,0.9155707021030256,0.660377358490566,0.60272956,0.36638341979077854,0.6296296296296297,0.72087526,0.4785877754480695
AFBWDMCJTDLZBM,CHEMBL5725838,CHEMBL5731581,0,0.19230769230769232,0.83539623,0.9987173646215468,0.19230769230769232,0.93613267,0.9997284178712577,0.19230769230769232,0.8640281,0.9997791632185805
AFDLQICELPDAMN,CHEMBL5365498,CHEMBL5368968,1,0.4925373134328358,0.98126894,0.9996376193741706,0.5737704918032787,0.98503786,0.9847100129234743,0.4925373134328358,0.98887223,0.9998789088086462
AFEDBZIUBHABQS,CHEMBL3638997,CHEMBL3705850,1,0.2777777777777778,0.77741575,0.9291344278774315,0.2777777777777778,0.7596033,0.9262079178127938,0.2777777777777778,0.93516314,0.9971649227997034
AFNBVNVFQQHFDE,CHEMBL3638644,CHEMBL3705655,1,0.3333333333333333,0.79813164,0.9431450356027333,0.37362637362637363,0.8979474,0.9724427636256584,0.37362637362637363,0.9573347,0.9925962935563809
AFOFCKBBOOXESI,CHEMBL3638592,CHEMBL3706089,1,0.2830188679245283,0.73496586,0.9184076728066733,0.3076923076923077,0.9032186,0.9074825869558747,0.3076923076923077,0.8573549,0.9669350107997293
AGEJZNKBSFIHNS,CHEMBL3351642,CHEMBL3380578,1,0.1836734693877551,0.76442146,0.9827934157259346,0.1836734693877551,0.8126163,0.9970575157840158,0.1836734693877551,0.8125372,0.9900527757851015
AGNNECORVWYOSN,CHEMBL3638592,CHEMBL3706089,1,0.2376237623762376,0.9051986,0.9869854434781197,0.2376237623762376,0.9025721,0.9293386709364345,0.2376237623762376,0.8722499,0.9822574171087995
AGUQPSPLYMXJEI,CHEMBL3638592,CHEMBL3706089,1,0.25274725274725274,0.8848074,0.9894285942790569,0.25274725274725274,0.902563,0.9320826855863982,0.24175824175824176,0.88405704,0.9794989969833601
AGYXYHWJLHZTCM,CHEMBL3638644,CHEMBL3705655,1,0.3854166666666667,0.885017,0.9921228322609434,0.38636363636363635,0.9626917,0.989782618621688,0.38636363636363635,0.9548658,0.9974033051980431
AHCKFHZQHYSMOV,CHEMBL3638541,CHEMBL3706289,0,0.3132530120481928,0.99596393,0.9997583924159059,0.3,0.9967263,0.9940766507066893,0.3132530120481928,0.99547184,0.9950569943407207
AHFMYWWJZZPHBU,CHEMBL3638592,CHEMBL3706089,1,0.25842696629213485,0.8847503,0.8423125089180569,0.25842696629213485,0.946291,0.8784554755688644,0.24719101123595505,0.9301083,0.9675326082042893
AHTXWEHJMLNLGH,CHEMBL3585264,CHEMBL3587521,1,0.23711340206185566,0.91286325,0.46391729898181394,0.1834862385321101,0.89163566,0.6905449616308862,0.1834862385321101,0.95558244,0.8288335094416911
AIDMXXRYUDRZOV,CHEMBL3638997,CHEMBL3705850,1,0.23170731707317074,0.86290175,0.3808241095960202,0.23170731707317074,0.8631634,0.590442487125605,0.1927710843373494,0.8433969,0.9826240291198549
AIEZAQLQTGRIBK,CHEMBL5729432,CHEMBL5738687,0,0.32142857142857145,0.9424448,0.9999495573636306,0.32142857142857145,0.9492638,0.998373552441425,0.32142857142857145,0.95297354,0.9991799124851873
AIFHWHSQHAFQTF,CHEMBL3352220,CHEMBL3371734,1,0.6451612903225806,0.910399,0.9969808616333953,0.6451612903225806,0.8206161,0.976686965669912,0.6451612903225806,0.8636232,0.9980750022638498
AIGSGJXYLHDMBA,CHEMBL5223150,CHEMBL5225378,1,0.5714285714285714,0.99935156,0.9991252691963655,0.5714285714285714,0.99961275,0.9773278926746561,0.5714285714285714,0.9983884,0.9821654292471261
AIGSGJXYLHDMBA,CHEMBL5346869,CHEMBL5347353,1,0.5714285714285714,0.99935156,0.9991252691963655,0.5714285714285714,0.99961275,0.9773278926746561,0.5714285714285714,0.9983884,0.9821654292471261
AIJDYIDNXVGOGC,CHEMBL5137017,CHEMBL5138978,0,0.2967032967032967,0.9887249,0.9989443459561638,0.2967032967032967,0.9881627,0.9937855113292111,0.2967032967032967,0.993086,0.9979022899892263
AIMDSAWCOUJHRC,CHEMBL3638644,CHEMBL3705655,1,0.308411214953271,0.9665698,0.9993256781060516,0.5802469135802469,0.9630695,0.9953079177387169,0.5802469135802469,0.9660311,0.9914835409901338
AINIBIDPBURRQT,CHEMBL3638592,CHEMBL3706089,1,0.25471698113207547,0.5801544,0.3888802857903641,0.25471698113207547,0.76590025,0.6618402770316194,0.25471698113207547,0.7765924,0.9397340221382094
AIPICQLHLRIESB,CHEMBL4680347,CHEMBL4689247,1,0.3150684931506849,0.7664261,0.9929868554597026,0.3150684931506849,0.81442785,0.9826704851395254,0.3150684931506849,0.84920955,0.9924344028601068
AITCUHKCFNGKEI,CHEMBL3639133,CHEMBL3706375,1,0.36363636363636365,0.98083466,0.9998448914890347,0.36363636363636365,0.96139324,0.9986548235405274,0.36363636363636365,0.97461104,0.9997246740965894
AIXAGVPEXKGMST,CHEMBL3638644,CHEMBL3705655,1,0.29906542056074764,0.9562384,0.9932074376920862,0.620253164556962,0.9527177,0.9511174304065344,0.620253164556962,0.95262134,0.9933437355185405
AIZZNZJPGXQXCX,CHEMBL3638997,CHEMBL3705850,1,0.2558139534883721,0.11649881,0.2151639196651576,0.2558139534883721,0.17358337,0.3406429254683316,0.2558139534883721,0.18970239,0.899508284342667
AJIFBWGIJALXHJ,CHEMBL4359925,CHEMBL4363902,0,0.46875,0.9898252,0.9999672259844027,0.5517241379310345,0.9924517,0.9999456099240149,0.46875,0.9954976,0.9999830701411605
AJKMIKJFDDXTDN,CHEMBL3638592,CHEMBL3706089,1,0.2571428571428571,0.7341629,0.6652023988277783,0.2571428571428571,0.8627394,0.6498362354390176,0.2571428571428571,0.76916873,0.8620862133652533
AJYJGZPVGQOKOB,CHEMBL4842397,CHEMBL4845571,0,0.21782178217821782,0.9976279,0.9927337705416893,0.21782178217821782,0.9927007,0.9956561942678944,0.21782178217821782,0.9949706,0.9854645770995674
AKCRNFFTGXBONI,CHEMBL1255226,CHEMBL1261684,1,0.2336448598130841,0.904635,0.3566186042742456,0.2336448598130841,0.9419751,0.9942620943283451,0.2336448598130841,0.7563684,0.5207919023701656
AKCRNFFTGXBONI,CHEMBL1255226,CHEMBL1261705,1,0.2336448598130841,0.904635,0.3566186042742456,0.2336448598130841,0.9419751,0.9942620943283451,0.2336448598130841,0.7563684,0.5207919023701656
AKCRNFFTGXBONI,CHEMBL5446079,CHEMBL5446180,1,0.2336448598130841,0.904635,0.3566186042742456,0.2336448598130841,0.9419751,0.9942620943283451,0.2336448598130841,0.7563684,0.5207919023701656
AKCRNFFTGXBONI,CHEMBL5465560,CHEMBL5477195,1,0.2336448598130841,0.904635,0.3566186042742456,0.2336448598130841,0.9419751,0.9942620943283451,0.2336448598130841,0.7563684,0.5207919023701656
AKGUESJWAUTYNJ,CHEMBL3638644,CHEMBL3705655,1,0.3106796116504854,0.9341702,0.945221597301994,0.6533333333333333,0.9402126,0.9016556837615101,0.6533333333333333,0.9469147,0.9858273688508741
AKRKPYLJMKNEOI,CHEMBL4819017,CHEMBL4820258,1,0.17857142857142858,0.96729326,0.029199348245749126,0.17857142857142858,0.9009343,0.5415861424881513,0.1774193548387097,0.76656693,0.06492747615765182
AKWRAOIQSKZBBI,CHEMBL3639133,CHEMBL3706375,1,0.19767441860465115,0.70463,0.6391375613955929,0.19767441860465115,0.65748954,0.7311006678582985,0.19767441860465115,0.5589131,0.8590050143461402
ALNQLISVOLPLER,CHEMBL3576869,CHEMBL3579762,1,0.16853932584269662,0.22360624,0.9193776132108393,0.16853932584269662,0.14518395,0.9905808395749044,0.16853932584269662,0.02594005,0.9960614068367963
AMLSTGMUISSLPX,CHEMBL3638541,CHEMBL3706289,1,0.2159090909090909,0.97731596,0.9985764430775953,0.2159090909090909,0.98295826,0.9927485213315801,0.2159090909090909,0.93815315,0.9966588511833708
AMPQEZYSNKUKMZ,CHEMBL3638644,CHEMBL3705655,1,0.29545454545454547,0.92150486,0.9815052083010423,0.38271604938271603,0.96858054,0.9739270694044025,0.38271604938271603,0.9644252,0.9938861735873843
ANQSGBWLHJQQLV,CHEMBL3638644,CHEMBL3705655,1,0.29473684210526313,0.9796887,0.9967528658884691,0.3595505617977528,0.98099613,0.9839856136159905,0.3595505617977528,0.9722301,0.99558504787838
AOCLEMAZPXBCKF,CHEMBL4428080,CHEMBL4430046,0,0.34615384615384615,0.97271234,0.9384431529674673,0.3010752688172043,0.98003983,0.9946380725253471,0.34615384615384615,0.9612088,0.8227200480161813
AOIIPRRAWWVKKQ,CHEMBL1773044,CHEMBL1777163,1,0.5161290322580645,0.99895096,0.9999704362662718,0.5161290322580645,0.99958533,0.9999470734530933,0.5161290322580645,0.9996582,0.9999877800955932
AOIIPRRAWWVKKQ,CHEMBL1773044,CHEMBL1777165,1,0.5161290322580645,0.99895096,0.9999704362662718,0.5161290322580645,0.99958533,0.9999470734530933,0.5161290322580645,0.9996582,0.9999877800955932
AOMRAAWDEWKSPA,CHEMBL3638644,CHEMBL3705655,1,0.33,0.76105875,0.9900938800294214,0.5641025641025641,0.8766564,0.976746896083843,0.5641025641025641,0.8214768,0.9937312290194467
AOTRIQLYUAFVSC,CHEMBL4152224,CHEMBL4153804,1,0.2857142857142857,0.90517044,0.9675741499721487,0.2803738317757009,0.9294864,0.9966761320070636,0.29896907216494845,0.9360086,0.5785596992746695
AOTRIQLYUAFVSC,CHEMBL5528042,CHEMBL5529686,0,0.2857142857142857,0.90517044,0.9675741499721487,0.2803738317757009,0.9294864,0.9966761320070636,0.29896907216494845,0.9360086,0.5785596992746695
AOWRCZBSXPRAAZ,CHEMBL3639133,CHEMBL3706375,1,0.22807017543859648,0.8252506,0.7988281754937092,0.23711340206185566,0.7453716,0.7870478823105076,0.20202020202020202,0.74081534,0.9632787471412673
APNLXCGVAMJYCB,CHEMBL3638644,CHEMBL3705655,1,0.3364485981308411,0.9301368,0.9935812637478133,0.5,0.9623128,0.8729268845436574,0.5,0.9393053,0.9518299054825436
APOWQGDXINRTKI,CHEMBL1255226,CHEMBL1261684,1,0.2962962962962963,0.9354158,0.8991895417338678,0.2962962962962963,0.9173511,0.9635472868637251,0.2962962962962963,0.7813251,0.020908550463592596
APXSIFBNNVIMQF,CHEMBL3638997,CHEMBL3705850,1,0.2564102564102564,0.9184143,0.6546911246489582,0.2564102564102564,0.859621,0.7111237151293223,0.22340425531914893,0.8890969,0.9780344039933807
AQKWKBKPEQNWIP,CHEMBL3638592,CHEMBL3706089,1,0.22988505747126436,0.8136115,0.7794103773861961,0.22988505747126436,0.76550275,0.9206726619196037,0.22988505747126436,0.6745163,0.9453046285635778
AQYTWWQAZAOONP,CHEMBL3865829,CHEMBL3867034,1,0.18181818181818182,0.4768807,0.5524193097060593,0.18421052631578946,0.2586346,0.8821668650439966,0.18421052631578946,0.056375068,0.9919970097720763
ARAFZLNEXXVYMQ,CHEMBL1944561,CHEMBL1949072,1,0.24468085106382978,0.23213765,0.7332739996876565,0.2625,0.21337251,0.9717609050835415,0.2625,0.40202856,0.25524832899065575
ARAFZLNEXXVYMQ,CHEMBL1944561,CHEMBL1949073,1,0.24468085106382978,0.23213765,0.7332739996876565,0.2625,0.21337251,0.9717609050835415,0.2625,0.40202856,0.25524832899065575
ARDWVIIRTDNEHG,CHEMBL4842376,CHEMBL4844752,1,0.4155844155844156,0.32914713,0.035342726059503934,0.5285714285714286,0.8393406,0.877168701479053,0.5285714285714286,0.78893954,0.7912834416839494
ARQVUQLTJMJHQG,CHEMBL5725838,CHEMBL5731581,0,0.18,0.9908289,0.9999473232506441,0.1827956989247312,0.9924068,0.9998496042277306,0.1827956989247312,0.99205446,0.999945462609337
ASTSNUYFXYGROQ,CHEMBL3638592,CHEMBL3706089,1,0.23853211009174313,0.962678,0.9145865397998583,0.23853211009174313,0.9799554,0.9658455308966337,0.23853211009174313,0.9542799,0.9762572148309574
ASWXTYJRGSFHAP,CHEMBL3638592,CHEMBL3706089,1,0.24175824175824176,0.8500675,0.8476617027342446,0.24175824175824176,0.93802035,0.7051583394116766,0.22580645161290322,0.90490794,0.8738197302936923
ASXCPYGVRLVYBF,CHEMBL3638592,CHEMBL3706089,1,0.22340425531914893,0.6649705,0.9137790522326693,0.22105263157894736,0.7753238,0.9337412019438898,0.22340425531914893,0.8003603,0.9911363649265872
ASZDDSOEOYZMAH,CHEMBL3638644,CHEMBL3705655,1,0.3157894736842105,0.9879776,0.990140691765005,0.4125,0.9923767,0.9974611228540063,0.4125,0.9861347,0.9990066984478743
ATCGKEPMLRLQDX,CHEMBL5726558,CHEMBL5732909,0,0.3,0.977449,0.9996459269856706,0.6025641025641025,0.9770815,0.9990131382383055,0.6025641025641025,0.96786445,0.9988406169351748
ATKHYZXUMVNCIO,CHEMBL4837246,CHEMBL4839366,0,0.20481927710843373,0.9617581,0.9947655923892362,0.20481927710843373,0.8829466,0.9737820405189033,0.2,0.80510205,0.8910211382235013
ATLXJJAEFPYDCK,CHEMBL5352392,CHEMBL5352938,1,0.38202247191011235,0.9999769,0.9999075350966407,0.38202247191011235,0.99994516,0.9999901014639444,0.38202247191011235,0.99969196,0.9999879502783401
ATOYGHKJTIKHRW,CHEMBL3108735,CHEMBL3112126,1,0.6491228070175439,0.86005366,0.9971097815351556,0.6491228070175439,0.4004401,0.9309577059173627,0.6491228070175439,0.6716631,0.9815726792507413
ATQAOKMLPXWTNJ,CHEMBL3638592,CHEMBL3706089,1,0.25555555555555554,0.9245702,0.6453365573352011,0.25555555555555554,0.9358639,0.9463450116525328,0.25555555555555554,0.9413784,0.9915684235404912
ATQSLFOVLSQNJQ,CHEMBL4819087,CHEMBL4821861,0,0.3,0.45009896,0.9978439951364863,0.3,0.6810679,0.9968197337802387,0.3,0.59610623,0.9988779653354085
ATTPWYSTEFHYPE,CHEMBL3638644,CHEMBL3705655,1,0.30337078651685395,0.49131978,0.9889161115679665,0.6049382716049383,0.58058196,0.8485527051169727,0.6049382716049383,0.6241131,0.4295465468392608
AUEZWXLCYWYYPN,CHEMBL4229417,CHEMBL4233142,1,0.33766233766233766,0.9126268,0.9456311785762581,0.6714285714285714,0.92574495,0.9665089102592052,0.6714285714285714,0.9400452,0.8752151385567049
AUFKOTTWBBDHMY,CHEMBL4680347,CHEMBL4689247,1,0.3466666666666667,0.822087,0.9286283843111315,0.3466666666666667,0.89575857,0.9936041161759738,0.3466666666666667,0.9260775,0.9995121818198811
AUFXEJFFYMFFGA,CHEMBL5729432,CHEMBL5738687,0,0.30526315789473685,0.24802446,0.9962913909383024,0.30526315789473685,0.24325128,0.9850154915662721,0.30526315789473685,0.39021,0.9980353463310793
AUITVYDQGYFFNN,CHEMBL3638592,CHEMBL3706089,1,0.24731182795698925,0.7164761,0.9191725334808154,0.24731182795698925,0.7295628,0.8221769705337997,0.24731182795698925,0.5808694,0.9168653723630495
AUKWWAUZUXEEMR,CHEMBL4819087,CHEMBL4821861,0,0.21875,0.018328244,0.05044064394311692,0.21875,0.01775451,0.16910227532014643,0.19540229885057472,0.01141941,0.03353924867045193
AUXOGZPFZJCDLH,CHEMBL1773044,CHEMBL1777163,1,0.5466666666666666,0.99274385,0.9999341201671211,0.6229508196721312,0.9964645,0.9999502046902907,0.5466666666666666,0.9969511,0.9999752356923173
AUXOGZPFZJCDLH,CHEMBL1773044,CHEMBL1777165,1,0.5466666666666666,0.99274385,0.9999341201671211,0.6229508196721312,0.9964645,0.9999502046902907,0.5466666666666666,0.9969511,0.9999752356923173
AVAPHZUWGJXYJI,CHEMBL4819087,CHEMBL4821861,0,0.3246753246753247,0.58946246,0.08845765204018977,0.3246753246753247,0.54425985,0.03408346603352161,0.3246753246753247,0.37146926,0.003844029885491177
AVFBWXOQOHKAKW,CHEMBL3639211,CHEMBL3706278,0,0.25,0.9006364,0.9788821308682397,0.25,0.8519916,0.9470026910234165,0.25,0.87068886,0.9806472107242789
AVFGZOOUDRXDJW,CHEMBL3638592,CHEMBL3706089,1,0.25806451612903225,0.9143041,0.9965921807583129,0.2897196261682243,0.9390039,0.9862228392509421,0.2897196261682243,0.96248907,0.9951482303686447
AVILTHUBVNNBDQ,CHEMBL4819087,CHEMBL4821861,0,0.1951219512195122,0.07875518,0.04231339915910511,0.1951219512195122,0.028175214,0.007501390093138527,0.2,0.013924636,0.008389879308888461
AVMVQHVGIPSGDM,CHEMBL2057167,CHEMBL2060320,1,0.3424657534246575,0.9621177,0.9423654514214386,0.3424657534246575,0.97260326,0.9657183615204407,0.3424657534246575,0.97067136,0.9852046498776166
AVOLABBAFBXDDY,CHEMBL3638592,CHEMBL3706089,1,0.24242424242424243,0.8902568,0.9080235921517819,0.22580645161290322,0.92403513,0.8142981044024686,0.22580645161290322,0.82486117,0.9644399119307585
AVSDJUUZCZSIGH,CHEMBL5729432,CHEMBL5738687,0,0.29069767441860467,0.32129687,0.9914475859062427,0.29069767441860467,0.51305467,0.9635891151369893,0.29069767441860467,0.5670497,0.9979055137362084
AVZAKRMYVPBYAL,CHEMBL5543164,CHEMBL5548923,1,0.639344262295082,0.9991503,0.9999762060603709,0.6153846153846154,0.9990171,0.9999849684962847,0.6153846153846154,0.9991899,0.9999584940674077
AVZHYHYGHFCESH,CHEMBL3638592,CHEMBL3706089,1,0.2413793103448276,0.94246155,0.912006439949646,0.23958333333333334,0.95764333,0.9242514948270729,0.2413793103448276,0.9413906,0.9685240059067076
AWKBWQVKZBUMPV,CHEMBL5725838,CHEMBL5731581,0,0.20930232558139536,0.58695525,0.9992808508811097,0.20930232558139536,0.7099072,0.9997535767718678,0.20930232558139536,0.7041166,0.9996611117735589
AWZWPELECDCGDJ,CHEMBL3638644,CHEMBL3705655,1,0.30851063829787234,0.9579953,0.9991214163192393,0.3563218390804598,0.9837622,0.9995268097506446,0.3563218390804598,0.98767453,0.9999308733230952
AXAQWRBRCXUTNW,CHEMBL3407441,CHEMBL3414045,1,0.29411764705882354,0.83382857,0.7019975527768622,0.29411764705882354,0.7792641,0.9106228175831554,0.29411764705882354,0.5594329,0.33691961525135167
AXCAPRQLXOINLF,CHEMBL5108059,CHEMBL5112157,1,0.23333333333333334,0.9788442,0.6346312360593678,0.27380952380952384,0.9986085,0.9990331564377174,0.27380952380952384,0.9896522,0.9997698688356813
AXKLBHOPXDGYOK,CHEMBL5108059,CHEMBL5112157,1,0.21428571428571427,0.84974724,0.35769667626693213,0.21428571428571427,0.782859,0.8385223036626333,0.21428571428571427,0.24089406,0.22486501965992642
AXRRYQQSRRBWPJ,CHEMBL3639163,CHEMBL3705287,1,0.1839080459770115,0.4422358,0.9968387892556226,0.1839080459770115,0.19811402,0.951675621240054,0.18,0.04854267,0.9986277118816151
AXSUJMFUIXJCLT,CHEMBL5729432,CHEMBL5738687,0,0.34615384615384615,0.38358077,0.9960504034487038,0.34615384615384615,0.48737743,0.9930119802689352,0.34615384615384615,0.7463059,0.9994529275609498
AXWVVLXMEOJVOW,CHEMBL3593172,CHEMBL3595885,1,0.26744186046511625,0.8926162,0.9991357011314032,0.23404255319148937,0.69341797,0.9969895856225114,0.26744186046511625,0.3353332,0.9996865832268382
AYBCLTUZHMNRNR,CHEMBL3638592,CHEMBL3706089,1,0.24705882352941178,0.8294205,0.6887460563919693,0.24705882352941178,0.89232594,0.30480216565215873,0.2441860465116279,0.7948614,0.7195592594153349
AYJCVQNROZTYMD,CHEMBL4020805,CHEMBL4022584,1,0.49333333333333335,0.99990535,0.9999848898918612,0.49333333333333335,0.9995546,0.9999856840649681,0.463768115942029,0.9989054,0.9999730534348688
AYKQWTUMCIMOFO,CHEMBL3638592,CHEMBL3706089,1,0.25,0.7232213,0.4522202888869579,0.25,0.8552552,0.6486653622443758,0.25,0.7571423,0.9428078989263424
AYMFOFYDVCDELI,CHEMBL3638644,CHEMBL3705655,1,0.3119266055045872,0.9442509,0.9812066161696282,0.5975609756097561,0.91079116,0.9926070017371794,0.5975609756097561,0.9440742,0.9947859865966069
AYTVFBDQSLPHCP,CHEMBL3639211,CHEMBL3706278,1,0.18,0.8341026,0.9514175772572506,0.18,0.80190116,0.6095530496112403,0.18,0.6016045,0.11044397880647559
AYWPBCOHUJYCOP,CHEMBL4680347,CHEMBL4689247,1,0.4,0.4579626,0.8998826691278726,0.4,0.25882098,0.8300626080432449,0.4,0.35648954,0.9944921144484423
AYYDDQQSFKKJPC,CHEMBL3638644,CHEMBL3705655,1,0.3523809523809524,0.97104836,0.993411575737067,0.5116279069767442,0.9728958,0.9974438467381627,0.5116279069767442,0.966789,0.9968221869223547
AZIYBLSQVBVTEA,CHEMBL3638644,CHEMBL3705655,1,0.32989690721649484,0.98324627,0.997927749520249,0.4936708860759494,0.98627484,0.9910473317133314,0.4936708860759494,0.9918705,0.998550303147828
AZNXDDUMHYOLFX,CHEMBL4819017,CHEMBL4820258,1,0.2072072072072072,0.99079823,0.8560004069388343,0.2072072072072072,0.97946036,0.9874143816982455,0.19791666666666666,0.95109,0.7411577841227563
AZSTYRYVRLXDFR,CHEMBL3638592,CHEMBL3706089,1,0.24731182795698925,0.9200658,0.9684775135347593,0.24719101123595505,0.8927874,0.9424038835343488,0.24719101123595505,0.77811444,0.9768345520555366
AZUIZZBFQBKTCG,CHEMBL3638541,CHEMBL3706289,1,0.28125,0.99488306,0.9998758065878577,0.28125,0.9898206,0.9027025174501531,0.28125,0.98312634,0.997908967872679
BAEYAMDRDPMTJI,CHEMBL4020823,CHEMBL4023016,1,0.23255813953488372,0.9649878,0.36972265646676006,0.23255813953488372,0.9634912,0.9940984561410472,0.2682926829268293,0.9028955,0.9388750576243173
BAIHCABUCZDWNF,CHEMBL5370564,CHEMBL5372078,1,0.33663366336633666,0.8816439,0.9833548769302706,0.33663366336633666,0.9553381,0.8085511032036364,0.33663366336633666,0.92281806,0.9831599386583112
BAPFSLSWVWETLT,CHEMBL1773044,CHEMBL1777163,1,0.4523809523809524,0.99747354,0.999964989846754,0.4523809523809524,0.99744844,0.9999400814240924,0.4523809523809524,0.99868816,0.9999883132589912
BAPFSLSWVWETLT,CHEMBL1773044,CHEMBL1777165,1,0.4523809523809524,0.99747354,0.999964989846754,0.4523809523809524,0.99744844,0.9999400814240924,0.4523809523809524,0.99868816,0.9999883132589912
BAQGYVIJTGMSNW,CHEMBL5726472,CHEMBL5732754,1,0.29473684210526313,0.9897655,0.9994894466080801,0.29473684210526313,0.9902317,0.9982849752629948,0.29473684210526313,0.97901285,0.9989776211968101
BARPDYDGCPMOPI,CHEMBL3638592,CHEMBL3706089,1,0.24444444444444444,0.8733374,0.8931417891559431,0.24468085106382978,0.9109431,0.9298619542555181,0.24444444444444444,0.8994895,0.9840894587425899
BAUJGAAVCKPEHQ,CHEMBL3108735,CHEMBL3112126,1,0.6296296296296297,0.95958185,0.9980291492304698,0.6296296296296297,0.777011,0.9586936350825707,0.6296296296296297,0.77326035,0.48492261489612876
BAVZYDJZUOOMCG,CHEMBL3638592,CHEMBL3706089,1,0.29,0.9822136,0.9988999456953832,0.29896907216494845,0.9913532,0.9979207486330852,0.3020833333333333,0.9978435,0.9988902125672265
BBAADHSKLBRJIT,CHEMBL5543164,CHEMBL5548923,1,0.7058823529411765,0.99841106,0.9999888592097744,0.7058823529411765,0.9986307,0.9999713799387911,0.7058823529411765,0.99842167,0.999980660152134
BBDRIYWPYVGCQJ,CHEMBL3638592,CHEMBL3706089,1,0.2261904761904762,0.9399412,0.9496413958953117,0.2261904761904762,0.94031286,0.9914766371179399,0.2261904761904762,0.8990412,0.9892903544475099
BBKFJTBFLUHLAO,CHEMBL5726558,CHEMBL5732909,1,0.32989690721649484,0.9594764,0.9967799356009591,0.4936708860759494,0.9399901,0.9953413038295962,0.4936708860759494,0.938327,0.9988690656001776
BBRINJUWZRLWKK,CHEMBL3763019,CHEMBL3766570,1,0.23809523809523808,0.904612,0.9880358418835733,0.23809523809523808,0.6358531,0.9444615270907432,0.23809523809523808,0.3080777,0.9984338091950239
BBTZNRYIQTVBSF,CHEMBL3638644,CHEMBL3705655,1,0.3177570093457944,0.967679,0.8880126113525747,0.6049382716049383,0.97120565,0.7771520839577585,0.6049382716049383,0.98244905,0.97464286600065
BBWOBAJVRZKBTR,CHEMBL3108735,CHEMBL3112126,1,0.696969696969697,0.99777585,0.9999860296908457,0.696969696969697,0.99287295,0.9999718814555522,0.696969696969697,0.99417984,0.9999876707676564
BCEYKPBEGDRLEW,CHEMBL3639133,CHEMBL3706375,1,0.21428571428571427,0.8273644,0.9769956466766673,0.21296296296296297,0.8189123,0.9886182769375244,0.21428571428571427,0.754966,0.9997593326024627
BCKFHTQSIHLUGM,CHEMBL4020805,CHEMBL4022584,1,0.6440677966101694,0.9868204,0.9999281340159845,0.6440677966101694,0.9358421,0.998369626609277,0.6440677966101694,0.9363448,0.999431686813521
BCSLJLLCFAZVMN,CHEMBL3638592,CHEMBL3706089,1,0.22772277227722773,0.9601057,0.9599197543362668,0.22580645161290322,0.9778414,0.9835953810920837,0.2268041237113402,0.96282756,0.9885951838089057
BCUJPBNUGKHRSC,CHEMBL3638644,CHEMBL3705655,1,0.3055555555555556,0.840681,0.9663689559962315,0.5365853658536586,0.88447344,0.8653121104863907,0.5365853658536586,0.82073647,0.9858714310358274
BCVKAXPGYIFKBX,CHEMBL5543164,CHEMBL5548923,1,0.5692307692307692,0.9974268,0.9999888958248759,0.5692307692307692,0.997276,0.9998448909080501,0.5692307692307692,0.9982994,0.9999917688804342
BCWPGDPJRGMPOR,CHEMBL3639211,CHEMBL3706278,1,0.19491525423728814,0.8779255,0.785918548887172,0.19491525423728814,0.9308209,0.9457864993765439,0.19491525423728814,0.81599367,0.8879996642859191
BDCBAMRLYXORPZ,CHEMBL5108059,CHEMBL5112157,1,0.23809523809523808,0.83868164,0.5213519707033025,0.2987012987012987,0.9543772,0.9655210032751518,0.2987012987012987,0.7443225,0.9802845031945386
BDFJMBGWYNMRAF,CHEMBL3639133,CHEMBL3706375,1,0.24778761061946902,0.8683906,0.9816794296353919,0.24778761061946902,0.80304116,0.9619558266843977,0.23300970873786409,0.7000768,0.976685972143927
BDLSKLWGMQKKQU,CHEMBL3638592,CHEMBL3706089,1,0.3,0.8938603,0.9872265816371726,0.3,0.9281377,0.986625549266343,0.3,0.9484559,0.9954544631835844
BDQILVSATHMCPZ,CHEMBL3112582,CHEMBL3116931,1,0.1935483870967742,0.7446408,0.9941839207294,0.2875,0.79953885,0.9989101926743005,0.2875,0.8378977,0.9955030601525989
BEDYFZPCJYGHSY,CHEMBL3638644,CHEMBL3705655,1,0.3655913978494624,0.98629296,0.9939556003337235,0.3707865168539326,0.99462587,0.9764020883895027,0.3707865168539326,0.9969055,0.9992589988502406
BEGIICRUPSWHJC,CHEMBL3638644,CHEMBL3705655,1,0.3253012048192771,0.97885317,0.9933249246313619,0.38461538461538464,0.9865442,0.9754148082808298,0.38461538461538464,0.98134273,0.9964553051986029
BEVPZSCSVBGHBS,CHEMBL3639085,CHEMBL3705815,1,0.39080459770114945,0.9845419,0.9983988097180847,0.39080459770114945,0.9929939,0.9984425176322833,0.39080459770114945,0.99494666,0.9998988049927009
BEXKSZVHHBDOBF,CHEMBL4819017,CHEMBL4820258,1,0.21739130434782608,0.9942298,0.9462281384001098,0.21487603305785125,0.98397875,0.9955439386824149,0.21739130434782608,0.9823966,0.9932204982671714
BEYGUGXOWUDVRK,CHEMBL3639085,CHEMBL3705815,0,0.3225806451612903,0.9897043,0.9885612528011716,0.3225806451612903,0.9851399,0.9446637692191701,0.3225806451612903,0.9884073,0.9966591567628429
BFQLNFXKRXENAT,CHEMBL4706478,CHEMBL4707201,0,0.3707865168539326,0.91446215,0.11850117911283213,0.3707865168539326,0.94841766,0.5582264112439091,0.3684210526315789,0.96460444,0.07269481022509579
BFUAMEMDRSZWDZ,CHEMBL1759974,CHEMBL1763481,1,0.23376623376623376,0.9289323,0.9974518310045443,0.23376623376623376,0.9847015,0.9997611361704757,0.23376623376623376,0.97362673,0.9998613820479606
BFUAMEMDRSZWDZ,CHEMBL1759974,CHEMBL1763561,1,0.23376623376623376,0.9289323,0.9974518310045443,0.23376623376623376,0.9847015,0.9997611361704757,0.23376623376623376,0.97362673,0.9998613820479606
BFXWZSOPJFGJDB,CHEMBL3638644,CHEMBL3705655,1,0.32710280373831774,0.893645,0.9656968597378828,0.5116279069767442,0.85991776,0.8922054602259762,0.5116279069767442,0.8221536,0.9774963894596967
BGEXTJGOTZMOEE,CHEMBL3352452,CHEMBL3379685,0,0.23809523809523808,0.9287299,0.5795184977404401,0.23809523809523808,0.9441982,0.7248379773421352,0.23809523809523808,0.86604583,0.8132507469336259
BGEXTJGOTZMOEE,CHEMBL3638541,CHEMBL3706289,0,0.23809523809523808,0.9287299,0.5795184977404401,0.23809523809523808,0.9441982,0.7248379773421352,0.23809523809523808,0.86604583,0.8132507469336259
BGJXMULJUXWUQQ,CHEMBL3639211,CHEMBL3706278,1,0.24752475247524752,0.3057606,0.80705380386788,0.24752475247524752,0.40325573,0.8290244232192168,0.23809523809523808,0.46019992,0.7332771578538865
BGMKCGCGSXNEDR,CHEMBL1759974,CHEMBL1763481,0,0.2413793103448276,0.44231886,0.30183159138755256,0.2413793103448276,0.6585953,0.8163790144268995,0.2413793103448276,0.39522448,0.7287866231141655
BGMKCGCGSXNEDR,CHEMBL1759974,CHEMBL1763561,1,0.2413793103448276,0.44231886,0.30183159138755256,0.2413793103448276,0.6585953,0.8163790144268995,0.2413793103448276,0.39522448,0.7287866231141655
BGNRHJBZCKJOLD,CHEMBL5725838,CHEMBL5731581,0,0.20454545454545456,0.8153271,0.9999643751460228,0.20454545454545456,0.91025084,0.9993446237619349,0.20454545454545456,0.9009981,0.9997809282474969
BGSUWKCDGIKBKL,CHEMBL3639211,CHEMBL3706278,1,0.2,0.9384426,0.9804050721085427,0.2,0.95218,0.9926028997686787,0.2,0.9315634,0.9442367148728682
BGXCBDCLCHEQRP,CHEMBL3638997,CHEMBL3705850,1,0.21428571428571427,0.8384939,0.8820982245220317,0.21428571428571427,0.8345907,0.9682633373432795,0.19047619047619047,0.8470052,0.9451955842497286
BGYWFSIOPIGLNT,CHEMBL3638644,CHEMBL3705655,1,0.2967032967032967,0.94119656,0.9834112811856962,0.5903614457831325,0.95220715,0.9806717661720752,0.5903614457831325,0.9573357,0.9325961464523604
BHDLSMOLUYOZIL,CHEMBL3638644,CHEMBL3705655,1,0.3148148148148148,0.81774896,0.9930861276843461,0.5301204819277109,0.8639307,0.9905017261603897,0.5301204819277109,0.78911006,0.9931120395761013
BHEMPSVJQFJQIN,CHEMBL3638541,CHEMBL3706289,1,0.2,0.9807622,0.9976482007583426,0.18181818181818182,0.98706704,0.9809572447187456,0.2,0.9342563,0.9994221168495548
BHGGTFMFYHMOGS,CHEMBL4020823,CHEMBL4023016,1,0.32608695652173914,0.90279114,0.9974113372704179,0.32608695652173914,0.9311976,0.999959052943378,0.32608695652173914,0.82661897,0.9999755417944941
BHJLTYJJLINYEL,CHEMBL3638644,CHEMBL3705655,1,0.33962264150943394,0.86591536,0.9892298258529482,0.6049382716049383,0.87031865,0.9966854224389208,0.6049382716049383,0.8575352,0.7078848401370942
BHPWHRPVZOWBAN,CHEMBL1944561,CHEMBL1949072,0,0.22105263157894736,0.3447854,0.24750476684868492,0.24096385542168675,0.40461618,0.89862943963596,0.2345679012345679,0.62738484,0.11466997350966472
BHPWHRPVZOWBAN,CHEMBL1944561,CHEMBL1949073,1,0.22105263157894736,0.3447854,0.24750476684868492,0.24096385542168675,0.40461618,0.89862943963596,0.2345679012345679,0.62738484,0.11466997350966472
BHWSEPICTRTMAN,CHEMBL3638997,CHEMBL3705850,1,0.2,0.25087482,0.43689159485174245,0.2,0.3490385,0.7543692155020634,0.2,0.3902456,0.9663917824386441
BHYMNRLSUPBBAU,CHEMBL3638592,CHEMBL3706089,1,0.22727272727272727,0.67249745,0.7287734763695207,0.22727272727272727,0.8021255,0.8572786134163464,0.22727272727272727,0.58179915,0.6665976006450255
BIFBYEJOLHDPSN,CHEMBL5370564,CHEMBL5372078,1,0.3469387755102041,0.86741203,0.9958238203191068,0.3469387755102041,0.94868654,0.9286553717780457,0.3469387755102041,0.91217613,0.9811703693532802
BILFQSMPUCGDFK,CHEMBL3638644,CHEMBL3705655,1,0.313953488372093,0.9804801,0.9973464368091121,0.3875,0.98753035,0.9961227368010344,0.3875,0.99467057,0.9999138583165184
BIMBUGIPOPZBMW,CHEMBL3639133,CHEMBL3706375,1,0.2125,0.75822866,0.9210870535629511,0.2125,0.70651585,0.9552940727917668,0.2125,0.6620403,0.9982526787147559
BIVPSVOHMHKNQJ,CHEMBL5729432,CHEMBL5738687,0,0.25882352941176473,0.9383266,0.9994323394655652,0.25882352941176473,0.9493289,0.9962446908104546,0.25,0.9146723,0.9992001143754179
BIXRJWGIAMKCEU,CHEMBL3638644,CHEMBL3705655,1,0.36046511627906974,0.93056655,0.9974117518609922,0.3815789473684211,0.9485474,0.9982108044300544,0.3815789473684211,0.9558871,0.9991919990299389
BIYXBMJPSRSLCH,CHEMBL3585264,CHEMBL3587521,1,0.22105263157894736,0.96656543,0.6457166188978775,0.18269230769230768,0.93041986,0.8286636331350739,0.18269230769230768,0.96500725,0.9242776384376015
BKFFXTRSUXDNKC,CHEMBL3638644,CHEMBL3705655,1,0.32673267326732675,0.663699,0.9879446466127726,0.3977272727272727,0.81772244,0.9893101052174158,0.3977272727272727,0.92279845,0.9975958245979837
BKMXVVIHRZYVSO,CHEMBL4007445,CHEMBL4009793,1,0.4533333333333333,0.9962412,0.9999912095906587,0.4533333333333333,0.9935487,0.9999303034147969,0.4235294117647059,0.99471515,0.9999851632131371
BKQIPNIYJKPTPT,CHEMBL3638644,CHEMBL3705655,1,0.35106382978723405,0.92786986,0.9848165673395901,0.4146341463414634,0.97795206,0.9902677209135592,0.4146341463414634,0.9705809,0.9983497920834773
BKRGDZWMDGXZPS,CHEMBL5108059,CHEMBL5112157,1,0.26373626373626374,0.9528467,0.9645621634754963,0.30120481927710846,0.99063313,0.9966261698001195,0.30120481927710846,0.9872039,0.9993337088536963
BKSAZOOKXIPCTM,CHEMBL3639211,CHEMBL3706278,1,0.26126126126126126,0.87361366,0.947004213109974,0.25,0.855628,0.9783938407792605,0.26126126126126126,0.91927314,0.925704113826105
BKTLIGOGQODWOD,CHEMBL4020823,CHEMBL4023016,1,0.3333333333333333,0.94842,0.32075694911076214,0.3333333333333333,0.95505553,0.995163311278679,0.3333333333333333,0.8854526,0.9298962988508099
BLRUSFZMPCAZSF,CHEMBL5726558,CHEMBL5732909,0,0.32926829268292684,0.9744461,0.9901730230939318,0.7323943661971831,0.97355753,0.9957934054084848,0.7323943661971831,0.97941554,0.9951589154158977
BLXXUETXNSWMCI,CHEMBL4725466,CHEMBL4731424,1,0.46153846153846156,0.58725995,0.9614032943999561,0.46153846153846156,0.5825591,0.9099199149314142,0.46153846153846156,0.7364569,0.9664736498649341
BMFICIIDERHOOI,CHEMBL3638644,CHEMBL3705655,1,0.34523809523809523,0.9929507,0.9989958735368227,0.4177215189873418,0.99298346,0.9946420913676302,0.4177215189873418,0.9924368,0.9997717137451391
BMHREZWGYXVBCN,CHEMBL3638592,CHEMBL3706089,1,0.21666666666666667,0.88686204,0.8060561268576426,0.21666666666666667,0.8165728,0.9001313270094939,0.21100917431192662,0.5252609,0.8701680552433151
BMOBPUAXMGRSJZ,CHEMBL3638644,CHEMBL3705655,1,0.3238095238095238,0.9573007,0.9999856312081791,0.5875,0.9782063,0.9999449764181703,0.5875,0.98345274,0.9999870887321035
BMPMOFIKRWQSBW,CHEMBL3638644,CHEMBL3705655,1,0.3466666666666667,0.8478553,0.8066648410324699,0.581081081081081,0.8643391,0.40585567643980175,0.581081081081081,0.89326066,0.9230212917320699
BMUFRBXJJMLXDF,CHEMBL3638592,CHEMBL3706089,1,0.25555555555555554,0.699268,0.5490596825628226,0.2808988764044944,0.79401994,0.7967212696973245,0.25555555555555554,0.7446119,0.949599304255752
BMVXHIWDQOUFMP,CHEMBL3639211,CHEMBL3706278,1,0.1981981981981982,0.66400963,0.7697290503866596,0.1981981981981982,0.6653999,0.97698967016051,0.1981981981981982,0.60387886,0.9336640801666168
BMZYRRJVSQNPFA,CHEMBL3351642,CHEMBL3380578,1,0.19387755102040816,0.85733265,0.9429868456594102,0.19387755102040816,0.8842667,0.9972348766374334,0.19387755102040816,0.8422659,0.9910526642020451
BNIPUKZJMJVTAM,CHEMBL3112582,CHEMBL3116931,1,0.1978021978021978,0.86065376,0.9945561443082823,0.2948717948717949,0.8713524,0.9989292300896517,0.2948717948717949,0.8470911,0.9941863298249094
BNUOKHOUSRKOPD,CHEMBL3638644,CHEMBL3705655,1,0.3300970873786408,0.9375085,0.9787004737492745,0.43529411764705883,0.9535288,0.9293945145526598,0.43529411764705883,0.883785,0.993749041317267
BNWDVYZUXHCJSS,CHEMBL3638592,CHEMBL3706089,1,0.22340425531914893,0.47036868,0.5556068873523612,0.2222222222222222,0.7265089,0.8384833824927372,0.22340425531914893,0.71971905,0.9769878222494099
BNZSSQVATQECNZ,CHEMBL5726558,CHEMBL5732909,1,0.37362637362637363,0.9860093,0.9962035481896848,0.5844155844155844,0.97838587,0.9988833344536617,0.5844155844155844,0.979882,0.9984977508761756
BOHKZPRWJLGCNK,CHEMBL4680347,CHEMBL4689247,1,0.375,0.5706002,0.910649458626833,0.375,0.6309369,0.9769388786636093,0.375,0.8640945,0.9985195105222006
BOJADHJSGIYKND,CHEMBL3638592,CHEMBL3706089,1,0.23255813953488372,0.81903243,0.9943551723192011,0.23255813953488372,0.8812161,0.9590984091505201,0.23255813953488372,0.81747043,0.9756126172253076
BOKIHQZAKKRILZ,CHEMBL3638644,CHEMBL3705655,1,0.30392156862745096,0.86159676,0.9999714898920372,0.3595505617977528,0.943789,0.9999614539862426,0.3595505617977528,0.97296846,0.9999771820492639
BOONTNKAGPREEJ,CHEMBL3639211,CHEMBL3706278,1,0.20869565217391303,0.49662182,0.8724743924600231,0.20869565217391303,0.711244,0.8785085072232182,0.20869565217391303,0.6063206,0.8916266920017273
BOWLTCSRJMCFBE,CHEMBL5729432,CHEMBL5738687,1,0.375,0.8642744,0.8959289681974923,0.375,0.9182494,0.9530196284320089,0.375,0.9162041,0.9843469089098494
BOWNHBOPRXQQHZ,CHEMBL3638592,CHEMBL3706089,1,0.25263157894736843,0.9868391,0.9213130752974538,0.25263157894736843,0.99174833,0.9798371226904994,0.2268041237113402,0.988272,0.9956338507442746
BOXUYVBYBMEUMT,CHEMBL6103629,CHEMBL6107268,0,0.28703703703703703,0.99813145,0.979166795321049,0.28703703703703703,0.99546367,0.9939118145714688,0.28703703703703703,0.9975661,0.5799554206886934
BPDFXDZYVBHPFO,CHEMBL3639163,CHEMBL3705287,0,0.2702702702702703,0.34710446,0.9813701402865442,0.2702702702702703,0.41492432,0.8498570100475054,0.2702702702702703,0.35430276,0.5930994567510666
BPIKMMDBFJECAI,CHEMBL5137017,CHEMBL5138978,0,0.3287671232876712,0.9823517,0.9913161808309613,0.3287671232876712,0.9764068,0.6424320034283322,0.3287671232876712,0.98077536,0.9121032657226961
BPKWXBSQPKUOLV,CHEMBL3638592,CHEMBL3706089,1,0.2,0.908529,0.8732835601378761,0.2,0.9584059,0.958151694414795,0.2,0.9669834,0.9852678594512889
BQDPTUSOTVLDOT,CHEMBL3638644,CHEMBL3705655,1,0.34,0.6749267,0.9873991380629867,0.34,0.8165932,0.9780680058572799,0.33,0.90898305,0.996838639551296
BQIOEDLTIQWUAZ,CHEMBL3638541,CHEMBL3706289,0,0.18699186991869918,0.9942503,0.9999191559398141,0.1792452830188679,0.99573416,0.9972398786952464,0.18699186991869918,0.9799217,0.9992317568472641
BQJPZFLREHORGE,CHEMBL3352452,CHEMBL3379685,0,0.2441860465116279,0.9171805,0.543574089355978,0.2441860465116279,0.96228456,0.3305356305937732,0.2441860465116279,0.9370378,0.8095052418008477
BQKQDMVFQZHPJZ,CHEMBL4311940,CHEMBL4312260,0,0.2073170731707317,0.024868391,0.0023137863959631316,0.2073170731707317,0.026704783,0.17594309812723197,0.2073170731707317,0.01843198,0.0052184252179791535
BQKWFZVBJCVZBO,CHEMBL4020805,CHEMBL4022584,1,0.5362318840579711,0.9998584,0.999991003109252,0.5362318840579711,0.9994295,0.9999907783384377,0.5079365079365079,0.9990451,0.9999850659236073
BQPZIYSVGQSCET,CHEMBL4699485,CHEMBL4701746,1,0.3717948717948718,0.9770767,0.9385182073972596,0.3717948717948718,0.99323165,0.9795298150827393,0.3717948717948718,0.9775504,0.9925531744697869
BQRDDONMKAAIFN,CHEMBL5726558,CHEMBL5732909,1,0.3235294117647059,0.8702934,0.9964349901042244,0.3333333333333333,0.8208294,0.9891492868483778,0.3235294117647059,0.8959094,0.996386854080033
BQRTZZXEYYXREE,CHEMBL4699485,CHEMBL4701746,1,0.43243243243243246,0.9939301,0.9889525704141758,0.43243243243243246,0.9978667,0.984410684197983,0.43243243243243246,0.9937499,0.992840360329883
BRAHJBBKMUUXMR,CHEMBL3638592,CHEMBL3706089,1,0.22330097087378642,0.9325782,0.5208554448655028,0.21875,0.9827239,0.8710588522737372,0.21875,0.96725565,0.991243048090648
BRPVOIKSYPEHFJ,CHEMBL5244238,CHEMBL5245700,1,0.2926829268292683,0.88734865,0.9813526170422404,0.2708333333333333,0.9257042,0.989427627439383,0.2926829268292683,0.72421384,0.7074478405683592
BRRLTJPRSNFRQS,CHEMBL3638644,CHEMBL3705655,1,0.32,0.8220722,0.9960482642941856,0.5714285714285714,0.88608545,0.9884002576650199,0.5714285714285714,0.86767864,0.9971650990661558
BRZQAAMDZKUIKF,CHEMBL3112582,CHEMBL3116931,1,0.23595505617977527,0.9176038,0.9941761666388775,0.4305555555555556,0.9841055,0.9990167377970933,0.4305555555555556,0.9823522,0.9985369976795061
BSMZGMHSPCUVAP,CHEMBL4350972,CHEMBL4352821,1,0.18681318681318682,0.7560929,0.9889458370990846,0.1839080459770115,0.6343501,0.9743348199536545,0.18681318681318682,0.3607939,0.6098596543718406
BSOQJARDANKISZ,CHEMBL3112582,CHEMBL3116931,1,0.26136363636363635,0.96871537,0.5934367480387102,0.25,0.9226562,0.9875539898143967,0.25,0.92077404,0.7883580437345713
BSSHDKHPBMJLRV,CHEMBL3638997,CHEMBL3705850,1,0.2631578947368421,0.8924369,0.6398587712384037,0.2631578947368421,0.8296548,0.6841045739386057,0.2222222222222222,0.8757212,0.9704871378255499
BSWWWMIFNUFSMO,CHEMBL5729432,CHEMBL5738687,0,0.3333333333333333,0.5300072,0.9834455787392223,0.3333333333333333,0.49761438,0.9665894359540004,0.3333333333333333,0.3287515,0.9930311763485015
BSYIKIPUNRLIEZ,CHEMBL4837246,CHEMBL4839366,0,0.2558139534883721,0.94392246,0.9852522443665197,0.2558139534883721,0.8726951,0.9676463236912302,0.2558139534883721,0.770682,0.8621329028776025
BTFDKNWRSWJHKV,CHEMBL2057167,CHEMBL2060320,1,0.35714285714285715,0.9402875,0.915591301994391,0.35714285714285715,0.958553,0.9922716676903863,0.35714285714285715,0.9477063,0.9960667107207459
BTFFGMWWLUOANZ,CHEMBL3639133,CHEMBL3706375,1,0.24347826086956523,0.6891007,0.8925286613023043,0.24347826086956523,0.6182718,0.8058592779141475,0.2403846153846154,0.44801712,0.9395022095727409
BTGWXRWVIAQIMC,CHEMBL4138149,CHEMBL4141549,0,0.7450980392156863,0.99573886,0.9999415229561053,0.7450980392156863,0.9965294,0.9997912484328392,0.7450980392156863,0.9905826,0.9999890967011286
BTHZAHIZMRYHOX,CHEMBL1773044,CHEMBL1777163,1,0.4838709677419355,0.99652916,0.9999565126691036,0.4838709677419355,0.9924785,0.9996127982917654,0.4838709677419355,0.9961279,0.9999879980104487
BTHZAHIZMRYHOX,CHEMBL1773044,CHEMBL1777165,1,0.4838709677419355,0.99652916,0.9999565126691036,0.4838709677419355,0.9924785,0.9996127982917654,0.4838709677419355,0.9961279,0.9999879980104487
BTQGTEOACTXARD,CHEMBL3638997,CHEMBL3705850,1,0.2361111111111111,0.8129928,0.7286489603982269,0.2236842105263158,0.7895768,0.5841547014313859,0.3,0.79908514,0.9847842066483624
BTUUFMWSTSOSTK,CHEMBL1255226,CHEMBL1261684,1,0.22935779816513763,0.92015845,0.3485740729366219,0.22935779816513763,0.9583581,0.9951396338496099,0.22935779816513763,0.8421847,0.6428609877532329
BTWJVHBICYOAFK,CHEMBL3638592,CHEMBL3706089,1,0.22321428571428573,0.88576907,0.9751901160646939,0.22321428571428573,0.95272785,0.9670444350853725,0.22321428571428573,0.874893,0.8295955305995811
BTYNBZGKZGRDNC,CHEMBL4819017,CHEMBL4820258,1,0.2,0.9964749,0.9984269369807469,0.2,0.9883259,0.9998843974335869,0.2,0.979982,0.999790942870787
BUOWDJVRNVKWND,CHEMBL3638644,CHEMBL3705655,1,0.3173076923076923,0.931426,0.9956871295661875,0.3695652173913043,0.9418785,0.9782508286991453,0.3695652173913043,0.9772208,0.996868446343761
BUQSQEXGKKKRSF,CHEMBL3638997,CHEMBL3705850,1,0.2222222222222222,0.49259093,0.49857875689890535,0.2222222222222222,0.6665753,0.8394395357027081,0.22784810126582278,0.61141396,0.9719011995635644
BUUGRAALBYDMEK,CHEMBL5543164,CHEMBL5548923,1,0.5873015873015873,0.9990356,0.9999765582739716,0.5873015873015873,0.9993181,0.9999832325099459,0.5873015873015873,0.9993549,0.9999658788001022
BVDJEMIIZRPYRJ,CHEMBL3639211,CHEMBL3706278,1,0.21359223300970873,0.6915005,0.9427898310938632,0.21359223300970873,0.7614064,0.9791898265501704,0.21359223300970873,0.71470016,0.9834687413215359
BVGIFNCMGLFLBG,CHEMBL3638997,CHEMBL3705850,1,0.22340425531914893,0.6338595,0.14965267943821425,0.22340425531914893,0.56717587,0.4022520067058886,0.25,0.66168183,0.940256677752018
BVUXORJTWQTUTI,CHEMBL5726701,CHEMBL5733185,0,0.24468085106382978,0.8783158,0.998715810304773,0.24468085106382978,0.93649113,0.9991223556933644,0.24468085106382978,0.9305491,0.9988734177149176
BWELMMCUIFXXPV,CHEMBL3638644,CHEMBL3705655,1,0.30392156862745096,0.85091656,0.8427151359316469,0.525,0.9242421,0.8664218046182631,0.525,0.9098081,0.9821087828895745
BWFWDKCSCQHZLJ,CHEMBL3638592,CHEMBL3706089,1,0.23076923076923078,0.9662348,0.9884460806105403,0.23076923076923078,0.9722448,0.9621765209788202,0.22826086956521738,0.95951843,0.9844920635801029
BWHMPFNABWMVCV,CHEMBL3638592,CHEMBL3706089,1,0.2236842105263158,0.5621139,0.9361851166090326,0.2236842105263158,0.6542444,0.9758910573720709,0.2236842105263158,0.6735195,0.990475135287692
BWJXMSDHBCHJHI,CHEMBL3351642,CHEMBL3380578,1,0.20754716981132076,0.81274694,0.9092252955505088,0.20212765957446807,0.93029803,0.9939923312260183,0.20754716981132076,0.85631675,0.990073317070209
BWMFIUATFWKRIM,CHEMBL3638592,CHEMBL3706089,1,0.23376623376623376,0.7849339,0.7484063986734709,0.23376623376623376,0.8202272,0.9089045614464911,0.23376623376623376,0.7669766,0.7254341616162959
BWVQDRRLGFHKGN,CHEMBL1759974,CHEMBL1763481,0,0.175,0.30420497,0.3240750022975028,0.175,0.5536323,0.7728139842359506,0.175,0.39695954,0.8522319762233627
BWVQDRRLGFHKGN,CHEMBL1759974,CHEMBL1763561,1,0.175,0.30420497,0.3240750022975028,0.175,0.5536323,0.7728139842359506,0.175,0.39695954,0.8522319762233627
BXETYAXZBHMEMY,CHEMBL5729432,CHEMBL5738687,0,0.3484848484848485,0.9051313,0.7015554621194422,0.3484848484848485,0.9422964,0.9186805753999866,0.3484848484848485,0.9141243,0.9671119484902367
BXHVWNJQHQUIPW,CHEMBL1759974,CHEMBL1763481,0,0.25287356321839083,0.6277985,0.5591264546237411,0.25287356321839083,0.86620027,0.8246725540239123,0.25287356321839083,0.6393687,0.910821434289418
BXHVWNJQHQUIPW,CHEMBL1759974,CHEMBL1763561,1,0.25287356321839083,0.6277985,0.5591264546237411,0.25287356321839083,0.86620027,0.8246725540239123,0.25287356321839083,0.6393687,0.910821434289418
BXOVUYYOEDDRHM,CHEMBL3638592,CHEMBL3706089,1,0.25510204081632654,0.88563675,0.8487143774801112,0.25510204081632654,0.913313,0.9335806678025451,0.25510204081632654,0.87452745,0.9698546630404866
BYFFRDOLDMUBDX,CHEMBL5729432,CHEMBL5738687,1,0.37209302325581395,0.9841006,0.9992252027173755,0.37209302325581395,0.98639107,0.9988701583476435,0.37209302325581395,0.99390537,0.9998837964803262
BYPBFDASESWSQG,CHEMBL3639085,CHEMBL3705815,1,0.36046511627906974,0.98195684,0.9970298735085363,0.36046511627906974,0.99352396,0.9983341481807607,0.36046511627906974,0.9941876,0.9998285192424946
BYPMKOPZHIAVDQ,CHEMBL3638592,CHEMBL3706089,1,0.21686746987951808,0.45381162,0.8430107418055323,0.21686746987951808,0.5083223,0.3629009144701032,0.21686746987951808,0.46120274,0.9027368208043816
BYTKNUOMWLJVNQ,CHEMBL2321770,CHEMBL2330617,1,0.3142857142857143,0.6149329,0.9931473468102813,0.4406779661016949,0.22856425,0.35420160994479444,0.4406779661016949,0.22639738,0.13850383905289781
BYTKNUOMWLJVNQ,CHEMBL6153089,CHEMBL6156211,1,0.3142857142857143,0.6149329,0.9931473468102813,0.4406779661016949,0.22856425,0.35420160994479444,0.4406779661016949,0.22639738,0.13850383905289781
BYTRASPVNYJDBT,CHEMBL3639211,CHEMBL3706278,1,0.19047619047619047,0.3029196,0.05326483984131483,0.19047619047619047,0.44962344,0.4400123830187063,0.19047619047619047,0.5244325,0.01574786712633095
BYXVGIBYJNYKDI,CHEMBL3638592,CHEMBL3706089,1,0.30337078651685395,0.936637,0.8108387298047253,0.30337078651685395,0.96743304,0.7854662348621273,0.2916666666666667,0.9837689,0.947220396690569
BYZCGCXGJTYMTH,CHEMBL5370674,CHEMBL5375563,1,0.27058823529411763,0.98699003,0.9870824069854973,0.27058823529411763,0.9847602,0.992547741294696,0.27,0.9948237,0.9998101451779218
BZADPNSXDHLYCT,CHEMBL1759974,CHEMBL1763481,0,0.24468085106382978,0.17201868,0.07199358394279266,0.24468085106382978,0.41057524,0.5613659902326679,0.24468085106382978,0.2693523,0.8967699806226032
BZADPNSXDHLYCT,CHEMBL1759974,CHEMBL1763561,1,0.24468085106382978,0.17201868,0.07199358394279266,0.24468085106382978,0.41057524,0.5613659902326679,0.24468085106382978,0.2693523,0.8967699806226032
BZDVWXAOQZTUPK,CHEMBL5729706,CHEMBL5739310,1,0.1875,0.105730094,0.002732738944286742,0.1875,0.13564989,0.16251731244005596,0.17857142857142858,0.08805672,0.01819276606068763
BZEKBCRWXDFGPC,CHEMBL3638592,CHEMBL3706089,1,0.24468085106382978,0.9667868,0.9986792464089301,0.24468085106382978,0.97948265,0.9978202987272357,0.23404255319148937,0.9878484,0.9978866720675917
BZELSFNDGGUXOC,CHEMBL1759974,CHEMBL1763481,0,0.16216216216216217,0.50689673,0.0374784710416504,0.16216216216216217,0.7000623,0.3468988268974399,0.16216216216216217,0.51551896,0.5148721491002032
BZELSFNDGGUXOC,CHEMBL1759974,CHEMBL1763561,1,0.16216216216216217,0.50689673,0.0374784710416504,0.16216216216216217,0.7000623,0.3468988268974399,0.16216216216216217,0.51551896,0.5148721491002032
BZGBKDCKDNMAHH,CHEMBL3638592,CHEMBL3706089,1,0.30337078651685395,0.9331515,0.8186764965681964,0.30337078651685395,0.9652632,0.849714518884336,0.2916666666666667,0.9835224,0.9524769684819416
BZLNDSLGEWGIAV,CHEMBL3638644,CHEMBL3705655,1,0.2967032967032967,0.60271287,0.9910265212406575,0.5903614457831325,0.6969021,0.9354636908796384,0.5903614457831325,0.8322949,0.9307377575842322
BZWACBLCIHAEKY,CHEMBL5727131,CHEMBL5734082,1,0.22330097087378642,0.94253206,0.27079766407446915,0.22330097087378642,0.934424,0.9750394209776174,0.22330097087378642,0.5798424,0.2525817930739256
CAEXSCZYCLRGDX,CHEMBL3638592,CHEMBL3706089,1,0.2978723404255319,0.71869737,0.40183123532323095,0.26373626373626374,0.92428285,0.5474973383346361,0.23655913978494625,0.841323,0.707814474620713
CAPXNGOMENAWSL,CHEMBL3639133,CHEMBL3706375,1,0.1951219512195122,0.60577375,0.8837874375440099,0.1951219512195122,0.69078207,0.7378159412168872,0.23076923076923078,0.6648582,0.8649973289340608
CAWITACCCGFVAA,CHEMBL5506030,CHEMBL5510347,1,0.29069767441860467,0.9812075,0.9924562122997586,0.29069767441860467,0.98483,0.9860406957033082,0.29069767441860467,0.98690015,0.9979888580237093
CAZSFPXTODYNIQ,CHEMBL3638592,CHEMBL3706089,1,0.25274725274725274,0.95040756,0.8939641789746601,0.25274725274725274,0.9242591,0.879357166823645,0.25274725274725274,0.8950755,0.9612881414855052
CBDQDYXZWIQXDD,CHEMBL5214923,CHEMBL5216205,1,0.24489795918367346,0.7457098,0.9815599521048786,0.24489795918367346,0.83490735,0.9931071940404144,0.24489795918367346,0.27047095,0.9982520009349976
CBEAIZOQOICRPC,CHEMBL3638644,CHEMBL3705655,1,0.32989690721649484,0.77110237,0.9929089872725622,0.3626373626373626,0.8965549,0.8417380613312238,0.3626373626373626,0.93032,0.9715531059006072
CBMXZSXTNWSDCO,CHEMBL3638592,CHEMBL3706089,1,0.23333333333333334,0.9637672,0.9909323701151158,0.23333333333333334,0.9834632,0.9967945706299227,0.23333333333333334,0.9636003,0.9994946812655372
CBPNZQVSJQDFBE,CHEMBL1772963,CHEMBL1777505,0,0.8421052631578947,0.99967825,0.9987451800414112,0.8421052631578947,0.9996,0.9986715312203549,0.8421052631578947,0.9994892,0.999422611530886
CBPNZQVSJQDFBE,CHEMBL4819087,CHEMBL4821861,0,0.8421052631578947,0.99967825,0.9987451800414112,0.8421052631578947,0.9996,0.9986715312203549,0.8421052631578947,0.9994892,0.999422611530886
CCCHXFXRXKOQKH,CHEMBL4725466,CHEMBL4731424,0,0.5172413793103449,0.99257797,0.9992007600592597,0.5172413793103449,0.9432344,0.9994030373231567,0.4246575342465753,0.7964196,0.9839923520986299
CCDCSUFMDNCKDI,CHEMBL4049442,CHEMBL4051856,1,0.379746835443038,0.9646816,0.9998519779365744,0.379746835443038,0.9159837,0.9996452449632175,0.379746835443038,0.95351064,0.9998734246619895
CCDWKOPCDXYXLL,CHEMBL4017506,CHEMBL4019299,1,0.5660377358490566,0.98407584,0.43143076241086803,0.5660377358490566,0.9740581,0.4730344594401444,0.4897959183673469,0.9790679,0.9390958536252798
CCPSSFCNSMNKHS,CHEMBL4049442,CHEMBL4051856,1,0.38461538461538464,0.8140297,0.14054921749037583,0.38461538461538464,0.6749931,0.07664730977376578,0.38461538461538464,0.789741,0.8067205971698094
CDSBAXVOWPZIMX,CHEMBL5726558,CHEMBL5732909,1,0.3253012048192771,0.9730007,0.9923255404620691,0.4157303370786517,0.9891488,0.9927984203034468,0.4157303370786517,0.9896772,0.9991680063665254
CDSXXBVEPLHKET,CHEMBL5108059,CHEMBL5112157,1,0.2619047619047619,0.77607924,0.6453523054259029,0.275,0.96651804,0.9950194384024114,0.275,0.8881463,0.9991961872076809
CDXWLONPIGDQIQ,CHEMBL5725460,CHEMBL5730847,1,0.21904761904761905,0.99456125,0.9661610442173062,0.21904761904761905,0.996581,0.9998810270516358,0.21904761904761905,0.9907629,0.9998111926533175
CEAFRZNOGGSIDV,CHEMBL3734757,CHEMBL3738862,1,0.27,0.9968587,0.9997775561227125,0.26548672566371684,0.99173486,0.9999889065060844,0.27,0.97559506,0.9999779596527705
CEBNIEFTOPPUKY,CHEMBL3638644,CHEMBL3705655,1,0.3229166666666667,0.91674715,0.9959623411259612,0.36470588235294116,0.93542343,0.9879831314390977,0.36470588235294116,0.96659595,0.9996752134035667
CEBUBTUKEMEOIL,CHEMBL1255226,CHEMBL1261684,1,0.22727272727272727,0.96994317,0.4272382375567568,0.22727272727272727,0.9766618,0.9951794414342293,0.22727272727272727,0.92488235,0.6153195450208621
CEEVMUPKINWROF,CHEMBL3638592,CHEMBL3706089,1,0.26804123711340205,0.8992599,0.9292519656658027,0.26804123711340205,0.9290098,0.9141250542430064,0.26804123711340205,0.9065964,0.9706478257300413
CEUPOOINALBZRR,CHEMBL4477207,CHEMBL4478189,1,0.18421052631578946,0.65668756,0.8221562421402485,0.18421052631578946,0.64310265,0.9965169803068666,0.18421052631578946,0.46769774,0.9908623584497684
CEUZDOVAGVFERA,CHEMBL4819087,CHEMBL4821861,0,0.28169014084507044,0.21309288,0.33793992561143393,0.28169014084507044,0.24784197,0.02869471372108131,0.28169014084507044,0.23042114,0.09841610297251852
CEVLDZVHOLNDRQ,CHEMBL3638644,CHEMBL3705655,1,0.3465346534653465,0.98345345,0.9984709562010042,0.3626373626373626,0.97884184,0.9981014585371007,0.3626373626373626,0.97327006,0.9840692641804807
CEWBWRHLEANWFL,CHEMBL3638592,CHEMBL3706089,1,0.24468085106382978,0.96261895,0.891770535732412,0.24468085106382978,0.98150855,0.901963559135303,0.23232323232323232,0.98868936,0.9837838829797566
CFBKPESEUHYBGQ,CHEMBL3638644,CHEMBL3705655,1,0.32989690721649484,0.8096917,0.9783491058665905,0.37777777777777777,0.9159533,0.9260858752634128,0.37777777777777777,0.94609755,0.973585780799951
CFPHWHZWCRBOCH,CHEMBL5500428,CHEMBL5505639,0,0.2235294117647059,0.70764756,0.149147992937164,0.2235294117647059,0.6605876,0.6787165015946147,0.2235294117647059,0.6680209,0.2644421659146486
CFZSBYXRCFGDLU,CHEMBL5236659,CHEMBL5240747,1,0.47368421052631576,0.9997002,0.9998507296755209,0.47368421052631576,0.99977034,0.9999026051840911,0.47368421052631576,0.999665,0.9999860549888764
CGBJSGAELGCMKE,CHEMBL3763019,CHEMBL3766570,1,0.2,0.7812859,0.9046284996015906,0.2,0.57587,0.7490973431723162,0.2,0.18840876,0.986668040426874
CGBJSGAELGCMKE,CHEMBL4020805,CHEMBL4022584,1,0.2,0.7812859,0.9046284996015906,0.2,0.57587,0.7490973431723162,0.2,0.18840876,0.986668040426874
CGBJSGAELGCMKE,CHEMBL4251704,CHEMBL4255949,1,0.2,0.7812859,0.9046284996015906,0.2,0.57587,0.7490973431723162,0.2,0.18840876,0.986668040426874
CGBJSGAELGCMKE,CHEMBL4732196,CHEMBL4737601,1,0.2,0.7812859,0.9046284996015906,0.2,0.57587,0.7490973431723162,0.2,0.18840876,0.986668040426874
CGBJSGAELGCMKE,CHEMBL4842397,CHEMBL4845571,1,0.2,0.7812859,0.9046284996015906,0.2,0.57587,0.7490973431723162,0.2,0.18840876,0.986668040426874
CGHHVNHKZZJYBO,CHEMBL3638541,CHEMBL3706289,1,0.21428571428571427,0.30111042,0.9967290894532466,0.21428571428571427,0.32838365,0.9995616031752589,0.20238095238095238,0.2498434,0.9958586567033726
CGNXSGOKSFKHPY,CHEMBL3638592,CHEMBL3706089,1,0.26436781609195403,0.88565266,0.9261935528189127,0.24752475247524752,0.9216069,0.9361538688742697,0.26436781609195403,0.91727126,0.9747827199070955
CGUJMQIXDMRQGC,CHEMBL5620391,CHEMBL5622307,1,0.26804123711340205,0.8167138,0.9446412474955103,0.26804123711340205,0.8189277,0.9736033110845118,0.26804123711340205,0.67291206,0.9953115963972583
CGWQAZVDDBHQGK,CHEMBL3779897,CHEMBL3784491,1,0.25555555555555554,0.9398448,0.9971754719203212,0.23595505617977527,0.9527451,0.9999771101305869,0.25555555555555554,0.7990237,0.9999743243245097
CGYCCKLODGJVER,CHEMBL3638592,CHEMBL3706089,1,0.26666666666666666,0.73519015,0.720649770270483,0.26804123711340205,0.90051335,0.6957805461987777,0.26804123711340205,0.8445781,0.8940188864964644
CGZSASWEMXTDDA,CHEMBL5370564,CHEMBL5372078,1,0.40476190476190477,0.45129818,0.893943493517653,0.40476190476190477,0.5320057,0.11828914910617792,0.40476190476190477,0.41349885,0.02819866421160005
CHAFVVVVGVQDSF,CHEMBL3638592,CHEMBL3706089,1,0.2717391304347826,0.7290412,0.7274671667635393,0.2717391304347826,0.7914495,0.6636704743204078,0.2717391304347826,0.73007584,0.9342083199497009
CHAHQARTCZSLIR,CHEMBL3638541,CHEMBL3706289,1,0.2647058823529412,0.9973053,0.999927636992907,0.2647058823529412,0.998102,0.9977973259769024,0.2647058823529412,0.99449193,0.9996920173776884
CHANNKWYSHJTBZ,CHEMBL2062409,CHEMBL2065058,1,0.6617647058823529,0.998738,0.9999430345826557,0.6617647058823529,0.9992785,0.9999662048083341,0.6197183098591549,0.9994374,0.9999635999417681
CHJNDIOZNWYZLA,CHEMBL3638644,CHEMBL3705655,1,0.31521739130434784,0.98083353,0.9957073951362152,0.41025641025641024,0.98662555,0.9931743094274197,0.41025641025641024,0.98284346,0.9995981677872842
CHKKBNMAJPVCKH,CHEMBL3638592,CHEMBL3706089,1,0.25,0.8429821,0.6166184988999639,0.22105263157894736,0.9075324,0.8578599395366092,0.22105263157894736,0.75677323,0.8949902331061629
CHMWZOJYOCHQQM,CHEMBL5729432,CHEMBL5738687,0,0.3150684931506849,0.9281222,0.9988655256395397,0.3150684931506849,0.96333814,0.9951372554067801,0.3150684931506849,0.94639087,0.9994278583517867
CIEPFNWWFNULHV,CHEMBL4000150,CHEMBL4000385,1,0.21551724137931033,0.6705836,0.8990731566487915,0.22522522522522523,0.4898594,0.8811374167167688,0.22522522522522523,0.44636145,0.9946690972080203
CIERNMVAMITJSJ,CHEMBL3639211,CHEMBL3706278,1,0.2018348623853211,0.45654067,0.8040857145549587,0.2018348623853211,0.47588384,0.9431477076553634,0.19491525423728814,0.48095483,0.8657657087432076
CIIXLKGHEDRKHN,CHEMBL3638592,CHEMBL3706089,1,0.2358490566037736,0.729789,0.9108866904964602,0.2358490566037736,0.76993597,0.55932765421584,0.2358490566037736,0.46612933,0.8289610920768089
CIOQQBODAJMFKD,CHEMBL1938252,CHEMBL1942434,1,0.40229885057471265,0.8683507,0.7203890860117068,0.40229885057471265,0.9562095,0.9837473529077547,0.40229885057471265,0.9743149,0.9984601005673751
CIQRRTLQKOJRFG,CHEMBL3638592,CHEMBL3706089,1,0.2289156626506024,0.85040295,0.8101408500813003,0.2289156626506024,0.9317282,0.9331840641707044,0.2289156626506024,0.89260566,0.9659522325056766
CIWKFNYWGFZBQC,CHEMBL3638644,CHEMBL3705655,1,0.3119266055045872,0.97088563,0.991133257852961,0.620253164556962,0.9764642,0.9808937183909704,0.620253164556962,0.9762783,0.9956520047649127
CIXXWJUPCRXLEC,CHEMBL3638592,CHEMBL3706089,1,0.2441860465116279,0.9724458,0.9860368461746004,0.2441860465116279,0.955703,0.9127082010629038,0.23809523809523808,0.886846,0.9796302273375912
CJDHLHTWNMSWFZ,CHEMBL3638644,CHEMBL3705655,1,0.3625,0.9754941,0.9960623333791776,0.524390243902439,0.98256105,0.9961660172960617,0.524390243902439,0.9877144,0.9991738239116986
CJHYEYVPXSNZNX,CHEMBL4364276,CHEMBL4366252,1,0.20353982300884957,0.85411793,0.9988568176934021,0.20202020202020202,0.63346446,0.9836821047932088,0.20353982300884957,0.49982405,0.9980569173019953
CJRRDIRUXUQNTJ,CHEMBL3638592,CHEMBL3706089,1,0.2871287128712871,0.80175185,0.6904595158288839,0.3111111111111111,0.9392278,0.8227715184581963,0.3111111111111111,0.92768097,0.9582810758697653
CKKRCMRAQIQQDL,CHEMBL3638644,CHEMBL3705655,1,0.4084507042253521,0.8511652,0.983652154482078,0.44871794871794873,0.8975365,0.9698565007729395,0.44871794871794873,0.953435,0.9930934136091926
CKLJHQGTKDVDQX,CHEMBL3112582,CHEMBL3116931,1,0.2894736842105263,0.85658824,0.02759054736623783,0.2894736842105263,0.8822508,0.740217001615243,0.26744186046511625,0.9094387,0.5181212826356979
CKNHLWQMXOOWNO,CHEMBL5046253,CHEMBL5047787,1,0.4782608695652174,0.9980063,0.9999768170395484,0.5131578947368421,0.998909,0.9994638375383852,0.52,0.9966265,0.9998166693324796
CKTUCQZSHQJNJV,CHEMBL3638997,CHEMBL3705850,1,0.2692307692307692,0.8053071,0.4699661288653014,0.2692307692307692,0.7937698,0.7798937947974813,0.2,0.76520425,0.8823967974742725
CKXAZDGICZEZJN,CHEMBL4819087,CHEMBL4821861,1,0.203125,0.034718473,0.10400364902351941,0.203125,0.0267685,0.03117624868148531,0.203125,0.016139299,0.0061196957749392435
CKXMXCVNUVLVAU,CHEMBL1773044,CHEMBL1777163,1,0.45263157894736844,0.99854386,0.9999586411384686,0.45263157894736844,0.99457693,0.9997149652863822,0.45263157894736844,0.9973545,0.9999896023430876
CKXMXCVNUVLVAU,CHEMBL1773044,CHEMBL1777165,1,0.45263157894736844,0.99854386,0.9999586411384686,0.45263157894736844,0.99457693,0.9997149652863822,0.45263157894736844,0.9973545,0.9999896023430876
CLAIFHXFEFSIMY,CHEMBL3638541,CHEMBL3706289,1,0.38461538461538464,0.9958625,0.9997741738350994,0.38461538461538464,0.9947777,0.9992227944841274,0.38461538461538464,0.9829602,0.9997828764353951
CLDGWMJQJLFDNK,CHEMBL3638644,CHEMBL3705655,1,0.2765957446808511,0.62023544,0.8596791682068038,0.41975308641975306,0.8712333,0.70758298335338,0.41975308641975306,0.7299132,0.958140682860115
CLOFDBUCQRIIMM,CHEMBL3639133,CHEMBL3706375,1,0.2647058823529412,0.8841301,0.9963155547629332,0.2647058823529412,0.87971634,0.9817880305920499,0.2647058823529412,0.90539706,0.9881463215016741
CLSLSCNOLJJNCB,CHEMBL3638592,CHEMBL3706089,1,0.2717391304347826,0.9489643,0.6825290332032169,0.2717391304347826,0.96884936,0.5871982598578568,0.25806451612903225,0.9724759,0.9412961830862997
CLSUEJLINCVYNH,CHEMBL5725838,CHEMBL5731581,0,0.22580645161290322,0.9283601,0.9999159712901107,0.22580645161290322,0.9475991,0.9997188884370094,0.22580645161290322,0.96347505,0.9997914761348761
CLUPBYKXRIWQCL,CHEMBL4819017,CHEMBL4820258,1,0.20952380952380953,0.9953402,0.6433908439966534,0.20952380952380953,0.99139047,0.9973573034563706,0.20952380952380953,0.9854138,0.901136099038392
CMAJMDRROXONLO,CHEMBL3638644,CHEMBL3705655,1,0.3465346534653465,0.88110834,0.9928675963804466,0.4044943820224719,0.9620519,0.9858743754945458,0.4044943820224719,0.92952085,0.997800550383995
CMBUAMBEKURJLF,CHEMBL3638592,CHEMBL3706089,1,0.26851851851851855,0.9171106,0.8826113273855898,0.26851851851851855,0.7811192,0.8682546993887437,0.23655913978494625,0.71006316,0.9615272614922351
CMJKUMWQILWDHI,CHEMBL4842397,CHEMBL4845571,1,0.17117117117117117,0.3441521,0.9647409888105346,0.17117117117117117,0.48933676,0.9660506574241962,0.17117117117117117,0.45057708,0.9975094187145952
CMOCJAGJFSUWTL,CHEMBL5726558,CHEMBL5732909,1,0.35064935064935066,0.9467692,0.9931734979766285,0.7536231884057971,0.9297098,0.9986764143216481,0.7536231884057971,0.93395257,0.9989893475264511
CMRZMVRJIUDSGR,CHEMBL3638592,CHEMBL3706089,1,0.27586206896551724,0.8992839,0.9781184274827948,0.27586206896551724,0.9309531,0.9092442799348934,0.25,0.91640776,0.9534675076944978
CMSLGURCYCAMPY,CHEMBL3639133,CHEMBL3706375,1,0.22330097087378642,0.895332,0.0879617318096326,0.25263157894736843,0.8933256,0.1579521340136619,0.2553191489361702,0.9457363,0.7001839882837735
CMTFUQKGKCXGCH,CHEMBL3638592,CHEMBL3706089,1,0.21428571428571427,0.963713,0.7133034954748796,0.21428571428571427,0.967314,0.925253928513944,0.21428571428571427,0.94661343,0.9379322753673368
COWVAFPFSREMEQ,CHEMBL5727131,CHEMBL5734082,1,0.23157894736842105,0.46659142,0.24229496790364058,0.20481927710843373,0.597909,0.9928778841051908,0.23157894736842105,0.13381445,0.5476397473361106
CPERNNJNUPJWKB,CHEMBL3638541,CHEMBL3706289,1,0.18292682926829268,0.92137873,0.9982164085983625,0.18292682926829268,0.880515,0.9801003777500013,0.18292682926829268,0.6681979,0.999081864863052
CPFXYHKMOTWOFK,CHEMBL4014298,CHEMBL4015080,0,0.2553191489361702,0.5483474,0.2503574135097499,0.3472222222222222,0.19712171,0.24167546836650544,0.35714285714285715,0.15721124,0.08838336641213697
CPPLHJFZALNRGR,CHEMBL3638592,CHEMBL3706089,1,0.20353982300884957,0.796932,0.8750777963136436,0.20353982300884957,0.9549917,0.951713017259553,0.20353982300884957,0.91866887,0.9481582761704254
CPSZECVSNYLOOP,CHEMBL3639211,CHEMBL3706278,1,0.2831858407079646,0.9346407,0.9990524930622585,0.2831858407079646,0.9428821,0.9937460302675246,0.2831858407079646,0.9671418,0.9820939954195741
CPXRENALRHARRA,CHEMBL3407441,CHEMBL3414045,0,0.3924050632911392,0.96240646,0.9814003638948784,0.3924050632911392,0.93563616,0.9981580273510103,0.3924050632911392,0.87957466,0.9826093328335526
CQEZLBPYFFYFIS,CHEMBL3638644,CHEMBL3705655,0,0.3595505617977528,0.9896473,0.9987159328922193,0.36470588235294116,0.9925028,0.9965357015440288,0.36470588235294116,0.9898123,0.9996015950820446
CQHLTHQSLFOTEX,CHEMBL5729432,CHEMBL5738687,0,0.36507936507936506,0.6793697,0.9983122043848064,0.36507936507936506,0.77413803,0.9934496882322584,0.36507936507936506,0.8057321,0.9994685627846687
CQIRKNINNDPMOA,CHEMBL3639133,CHEMBL3706375,1,0.18840579710144928,0.45905682,0.7660962113017599,0.18840579710144928,0.5277907,0.8879782730899713,0.18840579710144928,0.5734455,0.9649093458620299
CQZJVOZBJXXOIS,CHEMBL5108059,CHEMBL5112157,1,0.2676056338028169,0.80862516,0.2363045774717533,0.21686746987951808,0.7592543,0.8576205958288421,0.2676056338028169,0.28763348,0.1434708540992213
CRDNWJLNQAZYLJ,CHEMBL3638644,CHEMBL3705655,1,0.32222222222222224,0.9934597,0.9988473191485567,0.3764705882352941,0.9880234,0.9954411900089157,0.3764705882352941,0.99343395,0.9980777338080882
CRMCETCPMDFMLH,CHEMBL3638592,CHEMBL3706089,1,0.25274725274725274,0.80958015,0.9599986517899626,0.25274725274725274,0.80373824,0.8991216173170252,0.24175824175824176,0.78022945,0.9630060832092967
CRMNHBAADGACDH,CHEMBL3638644,CHEMBL3705655,1,0.29357798165137616,0.9292067,0.9830923917452005,0.625,0.9272789,0.9731028617453645,0.625,0.9558319,0.991787744363378
CRPQJFYHMVLHPI,CHEMBL3639133,CHEMBL3706375,1,0.25471698113207547,0.61041933,0.841171741497422,0.25471698113207547,0.53513676,0.6749628271462559,0.25471698113207547,0.49311835,0.9557692338899179
CRWHTPKFVKQNPZ,CHEMBL3639211,CHEMBL3706278,1,0.20212765957446807,0.72474635,0.5366732397456137,0.20212765957446807,0.77490056,0.5807047737220443,0.20212765957446807,0.640428,0.2111198532588268
CRWXEUMQZKSXMD,CHEMBL3639133,CHEMBL3706375,1,0.18309859154929578,0.3823492,0.7126851730276564,0.18309859154929578,0.3494357,0.7415870042013428,0.18309859154929578,0.3918836,0.940933637358559
CSEOONOVPLSZSS,CHEMBL3797068,CHEMBL3802992,1,0.4444444444444444,0.93010193,0.9088698702616166,0.4444444444444444,0.94138974,0.9944651051319068,0.4444444444444444,0.8952328,0.7580630276229433
CSEOONOVPLSZSS,CHEMBL4808220,CHEMBL4810527,1,0.4444444444444444,0.93010193,0.9088698702616166,0.4444444444444444,0.94138974,0.9944651051319068,0.4444444444444444,0.8952328,0.7580630276229433
CSYCUFPOSGBKQW,CHEMBL3638592,CHEMBL3706089,1,0.2857142857142857,0.98469627,0.9908923742505017,0.2857142857142857,0.9898358,0.9822220341181229,0.24324324324324326,0.9973356,0.9932143391651261
CSZQATWAXCVICJ,CHEMBL3638592,CHEMBL3706089,1,0.2159090909090909,0.92330486,0.9739252436673544,0.2159090909090909,0.9492565,0.9936802260742807,0.2159090909090909,0.9181424,0.9958794571971702
CTDQVLXGZGAQRL,CHEMBL3638592,CHEMBL3706089,1,0.2608695652173913,0.9787517,0.7890677688563577,0.2608695652173913,0.9852961,0.9477232676476867,0.22105263157894736,0.9700705,0.9831843919107293
CTICQSLZAWDGGR,CHEMBL3638592,CHEMBL3706089,1,0.19626168224299065,0.9286711,0.41814627172379815,0.19148936170212766,0.95072687,0.8141103877124466,0.19148936170212766,0.85719204,0.8485337625714279
CTIXTOXZXGACFK,CHEMBL3638644,CHEMBL3705655,1,0.32075471698113206,0.84217703,0.7717933836697527,0.5060240963855421,0.9556346,0.5696243024342986,0.5060240963855421,0.9187388,0.8596104939865337
CTJNIFLTSURJEP,CHEMBL3638592,CHEMBL3706089,1,0.23595505617977527,0.93493104,0.8759732895877357,0.23595505617977527,0.9679533,0.7115894414873883,0.23595505617977527,0.91896987,0.9014691679654874
CTVFNCUSGYADEL,CHEMBL3638644,CHEMBL3705655,1,0.30851063829787234,0.9864268,0.998352031422756,0.37037037037037035,0.9896007,0.9990423301250252,0.37037037037037035,0.98518074,0.9988536272830586
CTXKXVRHNXMJQU,CHEMBL5726558,CHEMBL5732909,1,0.3522727272727273,0.83568305,0.7581028286627699,0.47619047619047616,0.9248191,0.8292169494231565,0.47619047619047616,0.90006775,0.9584248310867167
CTXQZZJRHXYZQA,CHEMBL3638644,CHEMBL3705655,1,0.3076923076923077,0.9833868,0.9988569342640844,0.3764705882352941,0.97104824,0.994542629959808,0.3764705882352941,0.9751981,0.9961017289147603
CUEPFWATPQOXIO,CHEMBL3639211,CHEMBL3706278,1,0.21904761904761905,0.8976279,0.998037416790062,0.20909090909090908,0.9519797,0.9908105642184827,0.21904761904761905,0.9050707,0.9780888266839832
CUGYZSIPEPJCFY,CHEMBL5726472,CHEMBL5732754,0,0.30434782608695654,0.93597096,0.9661050959570499,0.30434782608695654,0.97758377,0.9981915493532634,0.30434782608695654,0.9513764,0.9805222287251275
CUOZITRFBTWJQR,CHEMBL3638644,CHEMBL3705655,1,0.3055555555555556,0.83592534,0.8970986108478287,0.5180722891566265,0.9323349,0.5365550601121054,0.5180722891566265,0.8985492,0.8861240601118784
CURMWBQOHLJCQK,CHEMBL3638592,CHEMBL3706089,1,0.23076923076923078,0.5960039,0.5364019853836496,0.23076923076923078,0.6435446,0.8899036367175381,0.23076923076923078,0.5600833,0.9691980052209587
CUVWRYOVGZYIIV,CHEMBL3638592,CHEMBL3706089,1,0.2077922077922078,0.5120382,0.8107399857501478,0.2077922077922078,0.7352067,0.958438441111924,0.2077922077922078,0.63252836,0.9675670338690617
CUZQPJYXLIYMHP,CHEMBL3638541,CHEMBL3706289,0,0.3655913978494624,0.98054147,0.9999247850932959,0.3655913978494624,0.9743949,0.9948998424045152,0.3655913978494624,0.9303662,0.9990374411697681
CVOPVYDGKRACQH,CHEMBL3639133,CHEMBL3706375,1,0.24545454545454545,0.73293585,0.15177309331636726,0.24545454545454545,0.6968434,0.3667634389024099,0.22115384615384615,0.6429915,0.732846390915657
CVQRUKDDSJAEOB,CHEMBL5725838,CHEMBL5731581,0,0.21052631578947367,0.77999735,0.9997491488319729,0.21052631578947367,0.80124444,0.9981985529728696,0.21052631578947367,0.8418192,0.9995226720271584
CWCMMMNJEDDESB,CHEMBL3638644,CHEMBL3705655,1,0.31,0.75671065,0.9581358975344969,0.43209876543209874,0.8938246,0.8910818989206428,0.43209876543209874,0.79321814,0.9850280718294044
CWECKQNOTUHPFX,CHEMBL3112582,CHEMBL3116931,1,0.20618556701030927,0.9872454,0.9999472644485132,0.21212121212121213,0.9934848,0.9998040437857307,0.21212121212121213,0.9849803,0.9996978349911638
CWFJQOHOLZZJBS,CHEMBL3638997,CHEMBL3705850,1,0.2875,0.92645836,0.9746553352774697,0.2875,0.9337937,0.9784317817145222,0.26666666666666666,0.9762334,0.9967312221199708
CWHLBTXYSNIEMY,CHEMBL3638644,CHEMBL3705655,1,0.330188679245283,0.8376631,0.9891214544661839,0.5662650602409639,0.94654495,0.9861420061032545,0.5662650602409639,0.9182304,0.9946252498115298
CWHUFRVAEUJCEF,CHEMBL4017506,CHEMBL4019293,1,0.423728813559322,0.89005727,0.5118182910752743,0.423728813559322,0.8945774,0.701422805560081,0.423728813559322,0.8529299,0.9710515682613755
CWHUFRVAEUJCEF,CHEMBL4196123,CHEMBL4199839,0,0.423728813559322,0.89005727,0.5118182910752743,0.423728813559322,0.8945774,0.701422805560081,0.423728813559322,0.8529299,0.9710515682613755
CWHUFRVAEUJCEF,CHEMBL5137017,CHEMBL5138978,1,0.423728813559322,0.89005727,0.5118182910752743,0.423728813559322,0.8945774,0.701422805560081,0.423728813559322,0.8529299,0.9710515682613755
CWHUFRVAEUJCEF,CHEMBL5137017,CHEMBL5138982,0,0.423728813559322,0.89005727,0.5118182910752743,0.423728813559322,0.8945774,0.701422805560081,0.423728813559322,0.8529299,0.9710515682613755
CWLUZOJADRKJSM,CHEMBL4842397,CHEMBL4845571,1,0.19444444444444445,0.991026,0.24802195519425063,0.19444444444444445,0.9894823,0.9960605530232247,0.19444444444444445,0.99018574,0.8770428955320312
CWPHWCHBHFIOLA,CHEMBL3638541,CHEMBL3706289,0,0.1702127659574468,0.95251316,0.9895351934877884,0.1702127659574468,0.9600176,0.9772201106226591,0.1702127659574468,0.8400617,0.997930542592467
CWQWCVCZQYDZSG,CHEMBL3639085,CHEMBL3705815,0,0.3333333333333333,0.8771808,0.9437905238848333,0.36363636363636365,0.87926257,0.7611005293531332,0.36363636363636365,0.84602576,0.9940448909837147
CWSCECKBVHRWOE,CHEMBL3639211,CHEMBL3706278,1,0.23853211009174313,0.84335023,0.5689399238593985,0.23853211009174313,0.92829525,0.9721009462065737,0.23853211009174313,0.9182652,0.7412646367857902
CWSMIDDZDWUJJY,CHEMBL3112582,CHEMBL3116931,1,0.26666666666666666,0.8364807,0.014452038321693225,0.26666666666666666,0.8401483,0.6418612111854772,0.2564102564102564,0.8530157,0.2960512386327345
CWSZBXQIJCWLKJ,CHEMBL4819087,CHEMBL4821861,0,0.2835820895522388,0.06378489,0.1677117630579162,0.2835820895522388,0.035421334,0.016692132818136824,0.2835820895522388,0.085698634,0.014324289191903605
CWWCJCDUPKPEJG,CHEMBL5725838,CHEMBL5731581,0,0.19791666666666666,0.9612039,0.9998942912105945,0.20689655172413793,0.96224713,0.9998580676273232,0.20689655172413793,0.95871985,0.9997362566001298
CWWWLWINFJYDAB,CHEMBL4765397,CHEMBL4772815,0,0.43243243243243246,0.9993556,0.9999250431725214,0.4691358024691358,0.9992298,0.9998958597875582,0.475,0.9985631,0.9999645701888548
CXLQFQKXTAEYMF,CHEMBL3638997,CHEMBL3705850,1,0.24719101123595505,0.31102163,0.20692259282024,0.24719101123595505,0.5023238,0.8298532163797613,0.24719101123595505,0.58011776,0.982517210924365
CXPZTWLHFHWMOH,CHEMBL3638644,CHEMBL3705655,1,0.28865979381443296,0.9712544,0.9941009448813302,0.3902439024390244,0.98267454,0.9930907529132972,0.3902439024390244,0.9700281,0.9994050797112388
CXSYPIORXDVQHI,CHEMBL3638592,CHEMBL3706089,1,0.26666666666666666,0.78014606,0.7462326497832186,0.26666666666666666,0.8427073,0.7472501150508344,0.26666666666666666,0.77459025,0.9529041692640168
CXZGGZUXXFAHRJ,CHEMBL3639211,CHEMBL3706278,1,0.19090909090909092,0.74926054,0.8995950827376571,0.19090909090909092,0.782387,0.9598167981082549,0.18947368421052632,0.37113225,0.7403615390431026
CYACHPMTYAXDNS,CHEMBL5725460,CHEMBL5730847,1,0.22115384615384615,0.99444157,0.992037859342139,0.22115384615384615,0.99677235,0.99993281391056,0.22115384615384615,0.9950275,0.9999599774042117
CYQBMKNJDPDHKK,CHEMBL3638644,CHEMBL3705655,1,0.3548387096774194,0.9809223,0.9660339023262673,0.3626373626373626,0.991281,0.9739658842610956,0.3626373626373626,0.99394614,0.9972519420292446
CYRORNDPEAMVKS,CHEMBL5728119,CHEMBL5736109,0,0.27472527472527475,0.10430713,0.05669763809070683,0.2840909090909091,0.21720436,0.18515906425913228,0.27472527472527475,0.14696811,0.1689541871284553
CYTLHIHNUQEDEK,CHEMBL3638644,CHEMBL3705655,1,0.30666666666666664,0.89602447,0.9961868866616894,0.4358974358974359,0.9602464,0.9768945239531741,0.4358974358974359,0.9416729,0.9915010050429628
CYVOZBOWLWUVSD,CHEMBL3639211,CHEMBL3706278,1,0.18556701030927836,0.7077272,0.7592701994117087,0.18556701030927836,0.72775775,0.4284346445507343,0.18556701030927836,0.38695693,0.10557851489276816
CZAOKRSKOLDSNJ,CHEMBL3639211,CHEMBL3706278,1,0.21495327102803738,0.32131264,0.27261207083810135,0.21495327102803738,0.43523246,0.3144933211317817,0.19540229885057472,0.2828926,0.08139687572888338
CZFWRTWSEANOQC,CHEMBL3638644,CHEMBL3705655,1,0.3263157894736842,0.9870848,0.9848761497245514,0.3902439024390244,0.98501843,0.9847499585869902,0.3902439024390244,0.99014306,0.9974004516182363
CZOYGTMDFFDWDS,CHEMBL3638644,CHEMBL3705655,1,0.3068181818181818,0.9940639,0.999672778842916,0.3950617283950617,0.99466443,0.9993500910313411,0.3950617283950617,0.99220407,0.9991771844930625
DAACIVVJMPRYNY,CHEMBL3638592,CHEMBL3706089,1,0.21296296296296297,0.911581,0.8081400338449047,0.21212121212121213,0.9666218,0.9703817162785012,0.21212121212121213,0.8820612,0.9904881187441669
DAAMZOVOQPXFQI,CHEMBL3638592,CHEMBL3706089,1,0.25742574257425743,0.85170263,0.8765296868408113,0.25742574257425743,0.8678395,0.65167128749476,0.25742574257425743,0.6740337,0.8956413544461164
DAAPPTGIKLYRGH,CHEMBL5726558,CHEMBL5732909,1,0.3176470588235294,0.850866,0.9977823551624337,0.32142857142857145,0.8315083,0.9796088418772791,0.32142857142857145,0.88114804,0.9937775377300271
DAAVZNAOKHUQJR,CHEMBL3576869,CHEMBL3579762,1,0.20224719101123595,0.8333095,0.9124863438730086,0.20224719101123595,0.7357427,0.9954562774484658,0.20224719101123595,0.37995785,0.9968402665762394
DADRYUYRAVWOQT,CHEMBL3638997,CHEMBL3705850,1,0.21359223300970873,0.30698502,0.3304957587076886,0.21359223300970873,0.65827817,0.8003575181770884,0.20930232558139536,0.8261119,0.993116313538439
DAFFDQWXZHICNF,CHEMBL3638592,CHEMBL3706089,1,0.25510204081632654,0.7180356,0.9378515993916222,0.25471698113207547,0.82639605,0.5588998524530631,0.25471698113207547,0.608844,0.6247122442212892
DAJYUUFOISITGR,CHEMBL3638592,CHEMBL3706089,1,0.2808988764044944,0.82533973,0.9760930584162578,0.2872340425531915,0.9347053,0.986100184635019,0.2872340425531915,0.9402711,0.9883682589583562
DARXIPKRFWMDJW,CHEMBL3639211,CHEMBL3706278,1,0.19491525423728814,0.8371507,0.9561342740945767,0.19491525423728814,0.91099524,0.9559646526741217,0.19491525423728814,0.82799435,0.5419766174420247
DAVMGHKVRIVQHK,CHEMBL5137017,CHEMBL5138978,0,0.32894736842105265,0.81256485,0.9246965856935991,0.32894736842105265,0.8975805,0.9928577200445545,0.32894736842105265,0.8386674,0.9761155032510871
DAWFYIDODFGOFZ,CHEMBL3638592,CHEMBL3706089,1,0.23404255319148937,0.95698184,0.8066199592040062,0.23404255319148937,0.9746874,0.8430128385373065,0.23404255319148937,0.9452106,0.8268127090194447
DBPGUZDRNSGABQ,CHEMBL3638644,CHEMBL3705655,1,0.3,0.94998384,0.9848383665447477,0.4157303370786517,0.9690738,0.9585516685117709,0.4157303370786517,0.93164223,0.9925405293459774
DBULZPGRICTSBL,CHEMBL3638644,CHEMBL3705655,1,0.38271604938271603,0.8495793,0.9573649551492378,0.38271604938271603,0.9141194,0.9715540122786418,0.38271604938271603,0.9563854,0.9970021390247787
DCBRPTMPTRRLGM,CHEMBL5726472,CHEMBL5732754,1,0.3010752688172043,0.98838705,0.9997062783897037,0.3010752688172043,0.9845436,0.9991552764313514,0.3010752688172043,0.954684,0.9992797339791204
DCEYPHCMQLDVQF,CHEMBL5046253,CHEMBL5047787,1,0.6417910447761194,0.99969196,0.9999867129964712,0.8688524590163934,0.9998486,0.9999457387362036,0.8688524590163934,0.9998791,0.9999630634598171
DCFNBGPOVCJFPZ,CHEMBL3638592,CHEMBL3706089,1,0.2967032967032967,0.7633431,0.9508164595026274,0.2967032967032967,0.88724476,0.9666514717538051,0.23157894736842105,0.9014905,0.9786222896784978
DCTJLAXVKKXFLM,CHEMBL3639163,CHEMBL3705287,0,0.2608695652173913,0.17740881,0.09916920965412467,0.2608695652173913,0.21258686,0.9885823145620802,0.2608695652173913,0.108663924,0.9228308220681022
DCXXMIPGVUHHCP,CHEMBL3638592,CHEMBL3706089,1,0.22033898305084745,0.97619504,0.9970602336742272,0.22033898305084745,0.9860271,0.9971480953416545,0.21739130434782608,0.96027315,0.9996158386040674
DDHUEPOQKPZMNO,CHEMBL3639211,CHEMBL3706278,1,0.19626168224299065,0.7385466,0.807349223580422,0.19626168224299065,0.7314616,0.9812053487860424,0.18085106382978725,0.76995873,0.8828839971545698
DDIOENFLNURESC,CHEMBL3638997,CHEMBL3705850,1,0.24691358024691357,0.8244363,0.6455110869345799,0.24691358024691357,0.8204296,0.6134447421457675,0.21649484536082475,0.8708961,0.9659908533724824
DDXYWOMOQVUWDK,CHEMBL3638644,CHEMBL3705655,1,0.30526315789473685,0.93212247,0.9875263734767294,0.38271604938271603,0.9343597,0.9534306254854916,0.38271604938271603,0.9386415,0.9969476393332787
DEINDYJNJGEWKX,CHEMBL3638644,CHEMBL3705655,1,0.29591836734693877,0.64982295,0.9762891269959535,0.3181818181818182,0.77274275,0.9733890517578979,0.3181818181818182,0.7674839,0.9921683064031482
DEOGGEOLSMKCSC,CHEMBL3616407,CHEMBL3620381,1,0.2,0.9778307,0.9993953297161051,0.2,0.98652273,0.9912921267624776,0.2,0.9332997,0.9930462461229862
DETPRRLRSUEHQT,CHEMBL3638644,CHEMBL3705655,1,0.2857142857142857,0.92664206,0.9764485888422576,0.48717948717948717,0.91511214,0.6446776108173502,0.48717948717948717,0.92406404,0.9837298316495606
DEWWEOOVJREFIM,CHEMBL4725466,CHEMBL4731424,1,0.4027777777777778,0.99693763,0.9999218879990441,0.4027777777777778,0.9960756,0.9995934281502123,0.4027777777777778,0.9934796,0.9998765688843131
DFFHBQFOKXDZFK,CHEMBL2417437,CHEMBL2421122,1,0.5,0.99631447,0.999988482928914,0.5072463768115942,0.99872905,0.9999719325561783,0.5,0.99921155,0.9999905351259822
DFFHBQFOKXDZFK,CHEMBL2417437,CHEMBL2421123,1,0.5,0.99631447,0.999988482928914,0.5072463768115942,0.99872905,0.9999719325561783,0.5,0.99921155,0.9999905351259822
DFLGRXUIDZVHMZ,CHEMBL5046253,CHEMBL5047787,1,0.417910447761194,0.9769867,0.9980057768402946,0.417910447761194,0.97632354,0.9992234095486208,0.4090909090909091,0.9718603,0.9997971434472476
DFSZLYQSFFXYBW,CHEMBL3638592,CHEMBL3706089,1,0.21978021978021978,0.3955756,0.9293259173218141,0.21978021978021978,0.54944843,0.957270116620687,0.21978021978021978,0.51836973,0.9642877496623667
DFTGTUCMMSGZQM,CHEMBL3638592,CHEMBL3706089,1,0.24107142857142858,0.90830845,0.6350564585414218,0.24107142857142858,0.9556063,0.8188880546958239,0.24107142857142858,0.91449535,0.8039150666415416
DFTRUCNLZXQDKU,CHEMBL5725838,CHEMBL5731581,0,0.22093023255813954,0.8712418,0.9998011118215366,0.22093023255813954,0.93278515,0.9992348660943056,0.22093023255813954,0.92332745,0.9996330877904702
DFXRGIVFBDHNPJ,CHEMBL3638592,CHEMBL3706089,1,0.24752475247524752,0.40835628,0.0389867743731932,0.24489795918367346,0.7769013,0.05084368290489524,0.24242424242424243,0.8063064,0.3502481963152879
DFXXCDJCMPJOMU,CHEMBL3639211,CHEMBL3706278,1,0.22018348623853212,0.9744056,0.9990437463355493,0.21153846153846154,0.9891817,0.9902929499885468,0.22018348623853212,0.9778031,0.9768941748543666
DHCKFLBLELUPAV,CHEMBL1255226,CHEMBL1261684,1,0.21238938053097345,0.90822476,0.348700596105991,0.21238938053097345,0.93290186,0.9927732249966693,0.21238938053097345,0.8356148,0.3330976055291542
DHITXWXYWZPVSM,CHEMBL3585315,CHEMBL3587365,1,0.24,0.9591022,0.7698873704597444,0.2391304347826087,0.9497777,0.8157119945731122,0.24,0.98542935,0.9893750507545727
DHNYYLLBXSIDFH,CHEMBL3638644,CHEMBL3705655,1,0.2988505747126437,0.72777486,0.9718621901970519,0.5135135135135135,0.85021275,0.7693964894782911,0.5135135135135135,0.88700944,0.9735153543681918
DHSJBOGYLRPXCB,CHEMBL3638644,CHEMBL3705655,1,0.31,0.9772545,0.9930523165615843,0.6282051282051282,0.9271279,0.9358030697296951,0.6282051282051282,0.93820477,0.988516219470156
DHWMEOLHCVFNTG,CHEMBL3638592,CHEMBL3706089,1,0.21153846153846154,0.90647554,0.7480694211920601,0.20535714285714285,0.9257703,0.9511048984285659,0.20535714285714285,0.7445906,0.9683914459003581
DHZXHAFQZJOECQ,CHEMBL3638644,CHEMBL3705655,1,0.3402061855670103,0.9507776,0.9967429366268453,0.4691358024691358,0.97797954,0.9890886275644176,0.4691358024691358,0.97556245,0.9975166836876982
DIISSPHMVLBFBT,CHEMBL3639133,CHEMBL3706375,1,0.2391304347826087,0.9820833,0.986199540246151,0.24468085106382978,0.96049696,0.9954250205452212,0.24731182795698925,0.9779725,0.999867652410367
DIJVXTHTUCMDST,CHEMBL3638592,CHEMBL3706089,1,0.2289156626506024,0.72086734,0.8716801515185968,0.2289156626506024,0.726022,0.8594573563755555,0.2289156626506024,0.6528377,0.9614575152603128
DINYTTSGCRGAJR,CHEMBL5729432,CHEMBL5738687,0,0.3375,0.40328753,0.9794951494970816,0.3375,0.22253968,0.699484931077584,0.3375,0.26012188,0.977779894994452
DIOLEFMMYVTRHD,CHEMBL3638997,CHEMBL3705850,1,0.21686746987951808,0.9231673,0.14001163141409634,0.21686746987951808,0.92022187,0.49397341274672596,0.2222222222222222,0.9057096,0.931534784953088
DISRGUXSEDBDDN,CHEMBL4477207,CHEMBL4478189,0,0.2553191489361702,0.83042204,0.904167160983413,0.2553191489361702,0.7032892,0.9955354852681,0.2553191489361702,0.7796748,0.9942409461684557
DIYAFMLSWNFEBX,CHEMBL3638592,CHEMBL3706089,1,0.21739130434782608,0.9624908,0.9587499929907422,0.21739130434782608,0.979267,0.9845758662558474,0.21739130434782608,0.95629954,0.9799960653070154
DJDMOZPHORDJAO,CHEMBL3638592,CHEMBL3706089,1,0.22727272727272727,0.27789205,0.44314666970385047,0.2222222222222222,0.4645143,0.7756638326315884,0.2222222222222222,0.40258682,0.9592291364430013
DJOGTGJATDNVHT,CHEMBL3638644,CHEMBL3705655,1,0.31958762886597936,0.678013,0.9658115810310202,0.39285714285714285,0.8821099,0.9235764728782336,0.39285714285714285,0.9241694,0.9772264750326238
DJOPYOFATNLPBS,CHEMBL1255226,CHEMBL1261684,1,0.23636363636363636,0.9704138,0.9330602560973964,0.24347826086956523,0.98442566,0.9969455870582817,0.24347826086956523,0.9337323,0.6654023796907286
DJPKYTGQWOHRFY,CHEMBL3638997,CHEMBL3705850,1,0.24175824175824176,0.7333605,0.9954862898914044,0.24175824175824176,0.81516147,0.9951016408417546,0.24175824175824176,0.7765497,0.9992389051551755
DJQTZSHOXIMDKL,CHEMBL5726472,CHEMBL5732754,1,0.32558139534883723,0.925452,0.9993183594333832,0.32558139534883723,0.90185016,0.9959957904149,0.32558139534883723,0.9082794,0.9949133541643704
DJTMJLSVEUKIGG,CHEMBL3638592,CHEMBL3706089,1,0.21153846153846154,0.90480167,0.46373439079888057,0.20833333333333334,0.9400139,0.803025783181228,0.21,0.8484438,0.8591081980366148
DKDFDSOORMDRIU,CHEMBL4680347,CHEMBL4689247,1,0.4,0.7154561,0.944454795385971,0.4,0.7433525,0.968602191169319,0.4,0.9204138,0.9990461016173963
DKFJIGLUAFGYEM,CHEMBL3638644,CHEMBL3705655,1,0.43243243243243246,0.9127704,0.9670355394469556,0.43243243243243246,0.9448928,0.9526224112035837,0.43243243243243246,0.9595165,0.9462982405726245
DKPWHMHYFIFQCE,CHEMBL3638592,CHEMBL3706089,1,0.26881720430107525,0.3943142,0.6003332526833784,0.32222222222222224,0.5007282,0.6856203119371324,0.26881720430107525,0.49374965,0.9380948139873824
DKZPTDGOVHBSJY,CHEMBL4020805,CHEMBL4022584,1,0.582089552238806,0.9971167,0.999966821520123,0.5692307692307692,0.9888626,0.9999738648735852,0.582089552238806,0.9840604,0.9998816737430966
DLLPQWJZBNBWJE,CHEMBL3638592,CHEMBL3706089,1,0.2619047619047619,0.78495455,0.6887460563919693,0.2619047619047619,0.88193613,0.30480216565215873,0.25882352941176473,0.75708324,0.7195592594153349
DLQITLOTLONPDI,CHEMBL3639133,CHEMBL3706375,1,0.23404255319148937,0.88894653,0.9167125188971467,0.23404255319148937,0.81739026,0.8685736297194422,0.22413793103448276,0.88122195,0.9607692871203658
DLQYCADNMGPWLT,CHEMBL3638644,CHEMBL3705655,0,0.3258426966292135,0.97539586,0.9932634017235752,0.39285714285714285,0.98344654,0.9931598926725094,0.39285714285714285,0.9788132,0.9985690553240699
DLXAYOXMPQUZEL,CHEMBL5143613,CHEMBL5146389,1,0.28125,0.7976224,0.9961011452587327,0.28125,0.89348775,0.998139703560887,0.28125,0.92925924,0.9997760061508147
DMFIZNNMEBTJAS,CHEMBL1255226,CHEMBL1261684,1,0.27586206896551724,0.653667,0.9897857117692889,0.27586206896551724,0.5792645,0.9978245932090619,0.27586206896551724,0.13628134,0.9158278806639722
DMMFPXAFVNDPCA,CHEMBL1759974,CHEMBL1763481,1,0.16129032258064516,0.52996266,0.053540097661001824,0.16129032258064516,0.760028,0.20396894150351588,0.16129032258064516,0.6495946,0.5339268423710646
DMMFPXAFVNDPCA,CHEMBL1759974,CHEMBL1763561,1,0.16129032258064516,0.52996266,0.053540097661001824,0.16129032258064516,0.760028,0.20396894150351588,0.16129032258064516,0.6495946,0.5339268423710646
DMOJWHSQRSDWPB,CHEMBL3638644,CHEMBL3705655,0,0.38823529411764707,0.986845,0.9977198557122926,0.38823529411764707,0.99365413,0.976113022130045,0.38823529411764707,0.9927725,0.9983168539647034
DMORTDOQIKPDPU,CHEMBL3638592,CHEMBL3706089,1,0.29213483146067415,0.8911865,0.6350929173718812,0.29213483146067415,0.9333596,0.7766950710433788,0.2391304347826087,0.9454861,0.9450823226269165
DNGYNDVPHJTKNV,CHEMBL3638644,CHEMBL3705655,1,0.3235294117647059,0.8865284,0.8856016965387525,0.5308641975308642,0.94834465,0.8111346746738538,0.5308641975308642,0.9369431,0.9858119994640292
DNQMUTHLLWZCPG,CHEMBL6087433,CHEMBL6088976,1,0.28421052631578947,0.9910047,0.9979343798229086,0.28421052631578947,0.99364555,0.9971011126637688,0.28421052631578947,0.9965193,0.9998883104104275
DNQMUTHLLWZCPG,CHEMBL6087433,CHEMBL6088977,0,0.28421052631578947,0.9910047,0.9979343798229086,0.28421052631578947,0.99364555,0.9971011126637688,0.28421052631578947,0.9965193,0.9998883104104275
DNXDQVLTWZNPEQ,CHEMBL5727131,CHEMBL5734082,1,0.27472527472527475,0.9845776,0.9053790555126399,0.27472527472527475,0.97996134,0.996424602689415,0.27472527472527475,0.92380595,0.6110820643362874
DNZQVNMDDULNKR,CHEMBL3638644,CHEMBL3705655,1,0.3333333333333333,0.9643453,0.9962913206901068,0.3888888888888889,0.9763926,0.9969768452817939,0.3888888888888889,0.9891872,0.998790399727116
DOCRJNWJDMRWBC,CHEMBL3638592,CHEMBL3706089,1,0.2247191011235955,0.7833425,0.9010465853358514,0.2247191011235955,0.8841101,0.9803266317948779,0.2247191011235955,0.93452483,0.986695531341478
DOPYVXOJWRPVJE,CHEMBL3638644,CHEMBL3705655,1,0.30120481927710846,0.6137966,0.9533343544291983,0.3375,0.7988519,0.8507757725915721,0.3375,0.81671166,0.9789017053239372
DOSFSEODSLVZNT,CHEMBL4765397,CHEMBL4772815,0,0.6333333333333333,0.998591,0.9999853736554696,0.8360655737704918,0.99958247,0.9999756694422193,0.8360655737704918,0.999508,0.9999915452035408
DOVVUTBJXBDGIG,CHEMBL3639211,CHEMBL3706278,1,0.20353982300884957,0.9327193,0.922347951465533,0.20353982300884957,0.93830323,0.9738543773925573,0.1981981981981982,0.9189601,0.9234511311712081
DOVWFMLVRSFVPW,CHEMBL3638592,CHEMBL3706089,1,0.23711340206185566,0.60879695,0.6759551757117247,0.23655913978494625,0.8797083,0.8930946618674317,0.23711340206185566,0.8439551,0.959781253468262
DOXIAEMKVAGAES,CHEMBL3638592,CHEMBL3706089,1,0.20833333333333334,0.8948728,0.9864966048243131,0.20833333333333334,0.9021744,0.9932093016732751,0.20588235294117646,0.7271793,0.9991765907974929
DPFYZQXBFNDDAE,CHEMBL3638541,CHEMBL3706289,1,0.18888888888888888,0.96577346,0.9992794726452195,0.18888888888888888,0.9707037,0.9940391196371187,0.18888888888888888,0.8978104,0.9955081274503229
DPJBHUNXNGXHKX,CHEMBL3638592,CHEMBL3706089,1,0.2336448598130841,0.615622,0.8819151736947809,0.2336448598130841,0.72795373,0.9376931456888753,0.2336448598130841,0.4896458,0.8896866279263594
DPKWEPQBVKHUQT,CHEMBL4477207,CHEMBL4478189,0,0.17894736842105263,0.46366096,0.3262472630599157,0.17894736842105263,0.44910276,0.9866815783976531,0.17894736842105263,0.5768327,0.9268167368714991
DPLMXAYKJZOTKO,CHEMBL3352686,CHEMBL3374527,1,0.23232323232323232,0.98770267,0.865097087765929,0.23232323232323232,0.990746,0.9918223584070232,0.23232323232323232,0.94508773,0.5258023723438795
DQEGKWHMQYJUKR,CHEMBL1759974,CHEMBL1763481,1,0.25287356321839083,0.7031602,0.3959228376149914,0.25287356321839083,0.8858402,0.6990801862380738,0.25287356321839083,0.72256035,0.9442257891630695
DQEGKWHMQYJUKR,CHEMBL1759974,CHEMBL1763561,1,0.25287356321839083,0.7031602,0.3959228376149914,0.25287356321839083,0.8858402,0.6990801862380738,0.25287356321839083,0.72256035,0.9442257891630695
DQNSMFXHSRSJHE,CHEMBL3638541,CHEMBL3706289,1,0.2676056338028169,0.096354455,0.9997757303419561,0.2676056338028169,0.07313456,0.9986006627078962,0.23170731707317074,0.093170546,0.9997350056792593
DQPPUAJBGMMEAY,CHEMBL3639211,CHEMBL3706278,1,0.23232323232323232,0.7360614,0.8257319470396698,0.23232323232323232,0.8591357,0.9123457723348976,0.22340425531914893,0.79771173,0.7203240845704254
DREGPUYHKUGXIX,CHEMBL5729432,CHEMBL5738687,0,0.26436781609195403,0.9140587,0.9922277227569141,0.26436781609195403,0.91499287,0.9873270690950267,0.26436781609195403,0.9121536,0.9996858364254241
DRJQAUNEOLHBSK,CHEMBL3638997,CHEMBL3705850,1,0.23076923076923078,0.48082408,0.22264115033390638,0.23076923076923078,0.5758454,0.33651392439964006,0.20512820512820512,0.5933606,0.9424057471968852
DRNKLHOOCMBXIS,CHEMBL3638644,CHEMBL3705655,1,0.3063063063063063,0.8114213,0.9607284698696449,0.5116279069767442,0.9107506,0.8546275089337296,0.5116279069767442,0.88142794,0.9948307524876184
DRZMPRKWZDTDPF,CHEMBL4020823,CHEMBL4023016,1,0.26582278481012656,0.8761806,0.47105891646942205,0.26582278481012656,0.86002743,0.9944556614453894,0.2727272727272727,0.68026245,0.9134103336072806
DSHFVUUZLLIWDZ,CHEMBL3638541,CHEMBL3706289,0,0.2,0.9239547,0.9996172205155729,0.2,0.8372597,0.9768056929489541,0.19444444444444445,0.73155564,0.9888793465861301
DSJDDPDNQHNXLC,CHEMBL4819017,CHEMBL4820258,1,0.168,0.9776324,0.5909247553736288,0.16494845360824742,0.95390934,0.9953699438245946,0.168,0.95058537,0.9910121077184064
DSQSNLIGWUDVSQ,CHEMBL4049442,CHEMBL4051856,1,0.3466666666666667,0.93094194,0.9906633869209348,0.3950617283950617,0.8420793,0.9524662223861832,0.3950617283950617,0.8849515,0.9677670487324288
DSSCANDYWLGILC,CHEMBL3616407,CHEMBL3620381,1,0.22935779816513763,0.9870214,0.7985928732685561,0.22935779816513763,0.9950153,0.9306434418141377,0.22935779816513763,0.9820463,0.686037361113288
DSZXUORBTVWMLF,CHEMBL3638541,CHEMBL3706289,0,0.25,0.2531356,0.9996597314067777,0.25,0.16109747,0.9794033552899141,0.2318840579710145,0.06500014,0.9857059332330003
DTAHZBCATXYOCT,CHEMBL3639211,CHEMBL3706278,1,0.2604166666666667,0.9054222,0.9867566320621161,0.2604166666666667,0.92177266,0.9840096273013123,0.2604166666666667,0.9178639,0.9980570324801464
DTGICXXCKQBYJV,CHEMBL5370564,CHEMBL5372078,1,0.34,0.8763901,0.9774113324853799,0.34,0.9568622,0.7257229692573018,0.34,0.9317948,0.977939732969684
DTIVUYHHUOLVNC,CHEMBL3638592,CHEMBL3706089,1,0.21875,0.93704325,0.8298861362801232,0.21875,0.9337686,0.8893401755240542,0.21875,0.7899537,0.9421747115432604
DTQXIDCSUXJTTK,CHEMBL3638592,CHEMBL3706089,1,0.24444444444444444,0.9635836,0.8837095027839398,0.24444444444444444,0.98010373,0.9189712308476824,0.23255813953488372,0.9796841,0.9462543607480272
DTYXCBPUNPXPSX,CHEMBL3639211,CHEMBL3706278,1,0.22,0.877686,0.9939093473598904,0.22,0.9044489,0.994157941162471,0.22,0.85522586,0.9959433976814573
DUBBEUJAPLMJTA,CHEMBL3638541,CHEMBL3706289,1,0.26666666666666666,0.5451164,0.9997152447110307,0.26666666666666666,0.48705825,0.9968791013276813,0.22826086956521738,0.5239725,0.9996099390928498
DUNBVMNFQXOUTD,CHEMBL4364276,CHEMBL4366252,1,0.20652173913043478,0.6071341,0.9986323238474173,0.20652173913043478,0.52842605,0.9412567999446477,0.21505376344086022,0.23752221,0.9885487066676975
DUNUKPZUSFAJGJ,CHEMBL3638592,CHEMBL3706089,1,0.25925925925925924,0.59405404,0.841917505220893,0.25925925925925924,0.75163597,0.969552392366424,0.25925925925925924,0.5861454,0.9082878314933576
DUVPEHGLMDEEMV,CHEMBL5543164,CHEMBL5548923,1,0.578125,0.99915445,0.999987253081525,0.578125,0.9994112,0.9999911861733725,0.578125,0.9995365,0.9999929359197494
DVAVYTCBDUIEON,CHEMBL3638592,CHEMBL3706089,1,0.2647058823529412,0.9320825,0.9726908219071077,0.2647058823529412,0.9561078,0.9780173888099685,0.2647058823529412,0.95953983,0.9851882387538544
DVDXOXIJLNEBRC,CHEMBL3638644,CHEMBL3705655,1,0.34,0.8178869,0.9806983731094691,0.5238095238095238,0.93915874,0.9619442618959776,0.5238095238095238,0.9254812,0.9962158779792056
DVEMKUAALATMDU,CHEMBL3638592,CHEMBL3706089,1,0.2857142857142857,0.9828529,0.9352441119373619,0.2857142857142857,0.9791557,0.9596700906892627,0.2857142857142857,0.97666377,0.9941525935001078
DVFIDUCGBKFVES,CHEMBL3638644,CHEMBL3705655,1,0.2962962962962963,0.95783406,0.9851309513094865,0.573170731707317,0.9761278,0.960487541731553,0.573170731707317,0.9537192,0.9815085996997122
DVKPXBYBGGHAJZ,CHEMBL3638592,CHEMBL3706089,1,0.24271844660194175,0.95364255,0.9978338279105801,0.23300970873786409,0.9690869,0.9860103327195912,0.23300970873786409,0.8513657,0.9911831375676435
DVLVYFPEVHXTKT,CHEMBL4145625,CHEMBL4150392,1,0.21,0.5061456,0.97624945624493,0.21,0.5265211,0.9726428334275523,0.21,0.29890037,0.9870886345403166
DVUPZDDWFHCDSN,CHEMBL3638592,CHEMBL3706089,1,0.21428571428571427,0.65144795,0.984242816427834,0.21428571428571427,0.62765265,0.959842441378264,0.24324324324324326,0.5772209,0.9446214737976268
DVXBXHGOEXHJBC,CHEMBL5729706,CHEMBL5739310,1,0.15555555555555556,0.0056386325,0.02408750201211375,0.15555555555555556,0.00970503,0.10002389093016265,0.16049382716049382,0.0038940664,0.0378996865381547
DVYUVFVYIMAEQL,CHEMBL3638592,CHEMBL3706089,1,0.2558139534883721,0.9355444,0.8514651893379498,0.30337078651685395,0.9254221,0.7553591431509323,0.3068181818181818,0.94793,0.9838132526517607
DWIOFOXDDPIFQK,CHEMBL3638644,CHEMBL3705655,1,0.3333333333333333,0.9497298,0.9894358903942032,0.3977272727272727,0.9721059,0.9860985785790962,0.3977272727272727,0.9482601,0.996611294389404
DWKKLVKWBYBYKI,CHEMBL5137017,CHEMBL5138978,0,0.34210526315789475,0.9548909,0.9857543263081294,0.34210526315789475,0.9444597,0.9885854899767206,0.34210526315789475,0.9515175,0.9912464537371283
DWYAYQBZFVHMDJ,CHEMBL3638592,CHEMBL3706089,1,0.2391304347826087,0.9791316,0.9656320319696898,0.2391304347826087,0.98648816,0.9922549690200326,0.2391304347826087,0.9829364,0.9860109765238788
DXALOGQHMCVPRH,CHEMBL3638644,CHEMBL3705655,1,0.3076923076923077,0.95057267,0.9901050527072011,0.6447368421052632,0.9590318,0.9763142872201584,0.6447368421052632,0.9587445,0.9902507890107397
DXASFAMAQTWLJV,CHEMBL5726558,CHEMBL5732909,1,0.36486486486486486,0.9722782,0.9430945780729866,0.5972222222222222,0.9674684,0.9703927938718051,0.5972222222222222,0.97742885,0.9852955802102338
DXBNIQJIBACORV,CHEMBL6092127,CHEMBL6092361,1,0.6338028169014085,0.9998759,0.9999150509742395,0.6338028169014085,0.99979895,0.9999311759089559,0.5760869565217391,0.9996805,0.9999873979179161
DXDMJBHDBWZXBF,CHEMBL5725460,CHEMBL5730847,1,0.22429906542056074,0.9940705,0.9950113495407621,0.22429906542056074,0.9956358,0.9998821212446465,0.22429906542056074,0.9927786,0.9999315844125818
DXRNNAXMRGAJBC,CHEMBL3638592,CHEMBL3706089,1,0.2636363636363636,0.94912404,0.979014409278176,0.2636363636363636,0.84402615,0.943320829447375,0.24444444444444444,0.86295366,0.9789263146181274
DXYGEHPPAYSYLJ,CHEMBL3585264,CHEMBL3587521,1,0.23711340206185566,0.9614924,0.653878583203424,0.18095238095238095,0.9256471,0.8879439952042776,0.18095238095238095,0.96928287,0.9523219589104014
DYCKTQWMOQBKIN,CHEMBL3734757,CHEMBL3738862,1,0.18811881188118812,0.98969436,0.9995667397440704,0.19148936170212766,0.98841685,0.9999886512876379,0.19148936170212766,0.9533379,0.9999428351414328
DYFAJSAHLKVOFV,CHEMBL3638592,CHEMBL3706089,1,0.24210526315789474,0.8524062,0.7905269059768342,0.25263157894736843,0.88917416,0.9534823330988473,0.24210526315789474,0.85500586,0.965634944711699
DYFOWDHEJGGHAZ,CHEMBL3638644,CHEMBL3705655,1,0.345679012345679,0.9885598,0.9918148541730951,0.5375,0.98948634,0.9958629911380357,0.5375,0.994505,0.9987220981716985
DYGGYCVKRBCXNZ,CHEMBL3638644,CHEMBL3705655,1,0.3076923076923077,0.8710086,0.8838194267122179,0.524390243902439,0.9409484,0.5884146154887079,0.524390243902439,0.9293354,0.9043938511045356
DYGXXDWUBBWKAT,CHEMBL4819017,CHEMBL4820258,1,0.20909090909090908,0.9941386,0.41305309904703236,0.20909090909090908,0.98163456,0.9918029550638882,0.2,0.9638989,0.9585480002268315
DYQSVKFHWZYEPO,CHEMBL3638592,CHEMBL3706089,1,0.24468085106382978,0.76200366,0.6782775277789348,0.24444444444444444,0.8639394,0.9317440443034781,0.24468085106382978,0.8604321,0.9632424232816869
DYQWVFICPMBTPB,CHEMBL5500428,CHEMBL5505639,0,0.20253164556962025,0.15090695,0.017458292145557518,0.20987654320987653,0.13978513,0.16110575355942716,0.20987654320987653,0.17704876,0.07312598630591466
DYZSQWJEPPEPAQ,CHEMBL4811304,CHEMBL4813534,1,0.3670886075949367,0.9844422,0.974846051925506,0.3670886075949367,0.9819226,0.9968746440448993,0.3670886075949367,0.97076833,0.9793682154586688
DZBOJHSPQXHPEC,CHEMBL5729706,CHEMBL5739310,1,0.1780821917808219,0.01679985,0.007753680582854534,0.17721518987341772,0.026291618,0.039664355664811635,0.1780821917808219,0.021524299,0.0023282001619713733
DZKBRXQFRDNXOE,CHEMBL3638592,CHEMBL3706089,1,0.24731182795698925,0.7199714,0.6031758391907379,0.2604166666666667,0.7926587,0.5692786040840636,0.24731182795698925,0.7007904,0.8759244236053139
DZKQMCBZTRIFTD,CHEMBL3639133,CHEMBL3706375,1,0.21649484536082475,0.9072274,0.9924948168215671,0.21649484536082475,0.8738604,0.9912840234819045,0.2159090909090909,0.84847075,0.9994700185449712
DZLWBRXUDBZZHQ,CHEMBL4229417,CHEMBL4233142,1,0.3069306930693069,0.89646304,0.9747788773884313,0.5714285714285714,0.93508184,0.7701687998069373,0.5714285714285714,0.920798,0.9746155248607594
DZOSRKCJZGPFRH,CHEMBL3638592,CHEMBL3706089,1,0.2616822429906542,0.9760692,0.9724119183367298,0.2727272727272727,0.98739827,0.902969138859113,0.2755102040816326,0.9872658,0.9680037383871138
DZWWCKSRJYPLCG,CHEMBL3639211,CHEMBL3706278,1,0.1981981981981982,0.84663445,0.8137309350490418,0.1981981981981982,0.8969441,0.9504327497978509,0.19658119658119658,0.76698333,0.8934355682720119
FAJLRTZRULGGMR,CHEMBL3638592,CHEMBL3706089,1,0.23275862068965517,0.95580494,0.9568711801946757,0.23275862068965517,0.92155164,0.9007095688556687,0.22857142857142856,0.8075777,0.7992903101089927
FAJMCMIHULHOGP,CHEMBL3638644,CHEMBL3705655,1,0.29473684210526313,0.95008606,0.9974659896467156,0.3875,0.94456255,0.9896714139234289,0.3875,0.9260746,0.995527747422004
FARNBWOEZJNGCG,CHEMBL3638644,CHEMBL3705655,1,0.28888888888888886,0.89248353,0.9745059952271948,0.32142857142857145,0.71837044,0.9721719796737033,0.32142857142857145,0.71755964,0.998146059523231
FAWHULSDDPIZJP,CHEMBL3638592,CHEMBL3706089,1,0.24175824175824176,0.9214051,0.7291123127737731,0.31521739130434784,0.96715564,0.7556319730388109,0.31521739130434784,0.97919214,0.9589746198248861
FBGQBMUWNINZPT,CHEMBL1255226,CHEMBL1261684,1,0.22340425531914893,0.5832379,0.9307455838882426,0.24761904761904763,0.4278355,0.9949321249038737,0.24761904761904763,0.15677664,0.8004434353669652
FCCLVMAOXQVMPJ,CHEMBL4428080,CHEMBL4430046,0,0.3235294117647059,0.5837129,0.3811796373337682,0.3235294117647059,0.54312223,0.983640306674792,0.3088235294117647,0.37772483,0.6100618533146154
FDFKXEWPSUOWJQ,CHEMBL3638541,CHEMBL3706289,0,0.2079207920792079,0.7508666,0.9998308016332366,0.2079207920792079,0.74881905,0.9907584083982571,0.2079207920792079,0.67088103,0.9961375472483129
FDFNMUHAWFSYOD,CHEMBL3638592,CHEMBL3706089,1,0.22580645161290322,0.95525783,0.8827629488090948,0.22580645161290322,0.9455319,0.9536749301414624,0.22580645161290322,0.92413944,0.970826629735573
FDFYQLVTMBNTHI,CHEMBL3638592,CHEMBL3706089,1,0.25842696629213485,0.93081176,0.9949469438899784,0.25842696629213485,0.9705537,0.9983381595035188,0.24719101123595505,0.9660197,0.9995765361510683
FDHDGMNGCZXRIF,CHEMBL4819017,CHEMBL4820258,1,0.19791666666666666,0.9958467,0.9993807942661788,0.19791666666666666,0.9973182,0.9999386151207157,0.19791666666666666,0.99600816,0.9993146396984978
FDJLHUDQOYHTNM,CHEMBL3638592,CHEMBL3706089,1,0.2608695652173913,0.8916223,0.7370472669681813,0.24731182795698925,0.95019656,0.5548567798727473,0.2608695652173913,0.9698148,0.9844033367702071
FDJMFUPBFCVPKM,CHEMBL4049442,CHEMBL4051856,1,0.3561643835616438,0.47344038,0.9831579056403208,0.3561643835616438,0.45187667,0.2844009324292244,0.3561643835616438,0.45979387,0.5293750502598882
FDKPZFVLRXGWLQ,CHEMBL3638592,CHEMBL3706089,1,0.27586206896551724,0.8546867,0.393889235856117,0.27586206896551724,0.9246126,0.5988751386254123,0.26136363636363635,0.91876453,0.9696045425689722
FDMYOEAMRHHXRR,CHEMBL3112582,CHEMBL3116931,1,0.20618556701030927,0.9221536,0.9980925975716569,0.21212121212121213,0.9617904,0.999827735319308,0.21212121212121213,0.91978735,0.9988613478183519
FDQIWFKPMBDPQP,CHEMBL3638997,CHEMBL3705850,1,0.3026315789473684,0.7807258,0.9968939089034469,0.3026315789473684,0.76285744,0.8688545655551632,0.2602739726027397,0.87028164,0.9895026526657662
FEAXEBOMDQBIGN,CHEMBL3639211,CHEMBL3706278,1,0.21818181818181817,0.56053764,0.1952768695619047,0.21818181818181817,0.80459666,0.9065904071428522,0.21818181818181817,0.8013628,0.18278917058580454
FEAZPCVGCIRWDR,CHEMBL4813994,CHEMBL4817110,1,0.3942307692307692,0.99134594,0.9456397104367598,0.3942307692307692,0.9786249,0.920264297457943,0.3942307692307692,0.9046912,0.1725601854008361
FEBJYEFFVIDUNF,CHEMBL1759974,CHEMBL1763481,0,0.25,0.52508354,0.3902042319564161,0.25,0.7719178,0.6325057965367721,0.25,0.5500043,0.9159215880860545
FEBJYEFFVIDUNF,CHEMBL1759974,CHEMBL1763561,1,0.25,0.52508354,0.3902042319564161,0.25,0.7719178,0.6325057965367721,0.25,0.5500043,0.9159215880860545
FEGXHVJRYPPLAN,CHEMBL3638592,CHEMBL3706089,1,0.2391304347826087,0.8820416,0.9457134408676893,0.23958333333333334,0.9281154,0.9840173665389756,0.2391304347826087,0.8967703,0.9848600443929446
FEHMSOXLBSZWRN,CHEMBL4808220,CHEMBL4810527,1,0.3411764705882353,0.96470857,0.7763262437181755,0.4457831325301205,0.96620965,0.0814249005865274,0.3411764705882353,0.96563506,0.007858084646156015
FEHPMLVVSQNYOF,CHEMBL4145625,CHEMBL4150392,1,0.23958333333333334,0.8156474,0.9942296169101775,0.23958333333333334,0.8066122,0.9861832113667096,0.23958333333333334,0.7608984,0.9932677560923422
FEJIEJMRLPNJMJ,CHEMBL3638592,CHEMBL3706089,1,0.27472527472527475,0.9581767,0.7236038531240759,0.27472527472527475,0.9756384,0.6926524938192202,0.24731182795698925,0.9753577,0.9812471784578811
FELXZCICGXSJHQ,CHEMBL5726472,CHEMBL5732754,1,0.30952380952380953,0.958806,0.9993592545182923,0.30952380952380953,0.96462613,0.9997986228076993,0.30952380952380953,0.974108,0.9994961260708831
FFGUSRSMWFYKGK,CHEMBL2346597,CHEMBL2352069,1,0.2765957446808511,0.68525267,0.9895051989183061,0.2765957446808511,0.74777335,0.9985055337462534,0.26666666666666666,0.8892958,0.9931467237608407
FFGUSRSMWFYKGK,CHEMBL5214923,CHEMBL5216205,1,0.2765957446808511,0.68525267,0.9895051989183061,0.2765957446808511,0.74777335,0.9985055337462534,0.26666666666666666,0.8892958,0.9931467237608407
FFNJMVVQXMZGHK,CHEMBL3638644,CHEMBL3705655,1,0.3111111111111111,0.99422765,0.9996853294426616,0.39759036144578314,0.9941251,0.9986094415993687,0.39759036144578314,0.9903492,0.9984377583061128
FFOJEGBGRKUXSR,CHEMBL3638644,CHEMBL3705655,1,0.3068181818181818,0.70342064,0.9919154109884807,0.3902439024390244,0.8241392,0.9710645829079555,0.3902439024390244,0.8563518,0.9960651296501543
FFRDFQZNAIEKKG,CHEMBL5725838,CHEMBL5731581,0,0.18947368421052632,0.8951978,0.9991388178184524,0.20689655172413793,0.90215015,0.9985381461720296,0.20689655172413793,0.90811676,0.9996450705617773
FFWMQSCJDUBREX,CHEMBL3638592,CHEMBL3706089,1,0.2608695652173913,0.86170864,0.6882677653613599,0.2608695652173913,0.9327117,0.6030386120348148,0.23,0.8910982,0.8811350655003296
FFWOJJHUJJHVOD,CHEMBL3638997,CHEMBL3705850,1,0.21176470588235294,0.77848494,0.19947757545477834,0.21176470588235294,0.88660157,0.727025144848897,0.2,0.889911,0.9787066274514928
FGGHDALSMPSXGW,CHEMBL3734757,CHEMBL3738862,0,0.2727272727272727,0.9946867,0.9999628384011905,0.26956521739130435,0.9850485,0.9999938445795125,0.2727272727272727,0.9712256,0.9999859839855091
FGGSYTLTZADPIB,CHEMBL1255226,CHEMBL1261684,1,0.22935779816513763,0.9247878,0.3832534688531037,0.22935779816513763,0.9598834,0.9951396338496099,0.22935779816513763,0.8382821,0.6428609877532329
FGJFLAZFVFKOBE,CHEMBL5370564,CHEMBL5372078,1,0.40963855421686746,0.5164046,0.6573650044755479,0.40963855421686746,0.56006885,0.04233952976630495,0.40963855421686746,0.46770588,0.012884992537961618
FGVDDSSIGUHFSC,CHEMBL3638997,CHEMBL3705850,1,0.23170731707317074,0.65282476,0.5887067804555899,0.23170731707317074,0.5640927,0.800544866077974,0.1927710843373494,0.5832063,0.9873964491472506
FIDBZCIPEGEJHI,CHEMBL3639211,CHEMBL3706278,1,0.20588235294117646,0.95471686,0.9728888476843658,0.20588235294117646,0.96665657,0.9175630213558467,0.20588235294117646,0.912046,0.9204270869596215
FIPVJSDYLNSMFZ,CHEMBL5352392,CHEMBL5352938,1,0.32,0.9991291,0.946142253340133,0.32,0.9982064,0.8406230021471868,0.32,0.998389,0.9814246291843091
FJBREUFAQWYZQP,CHEMBL1773044,CHEMBL1777163,1,0.5921052631578947,0.9976769,0.9998278348591239,0.5921052631578947,0.9970187,0.9991729794721563,0.5921052631578947,0.99736124,0.9999134491947052
FJBREUFAQWYZQP,CHEMBL1773044,CHEMBL1777165,1,0.5921052631578947,0.9976769,0.9998278348591239,0.5921052631578947,0.9970187,0.9991729794721563,0.5921052631578947,0.99736124,0.9999134491947052
FJNULDLUBJRUJN,CHEMBL5727131,CHEMBL5734082,1,0.19387755102040816,0.54836154,0.22139487957772958,0.1926605504587156,0.60565484,0.954003625977008,0.19387755102040816,0.28040814,0.3143988855062477
FJOJSNUDKPCMPH,CHEMBL3638644,CHEMBL3705655,1,0.3780487804878049,0.9352491,0.9950303050904699,0.4,0.88892967,0.9953204631707591,0.4,0.92937225,0.9976059393731271
FJRLBVKUYNZNJD,CHEMBL3638592,CHEMBL3706089,1,0.2717391304347826,0.81242365,0.9710492430129911,0.2717391304347826,0.90634793,0.9698581599745685,0.2717391304347826,0.9043804,0.9917220246311216
FKGZNGYHECPQSP,CHEMBL3638592,CHEMBL3706089,1,0.23958333333333334,0.640738,0.9269182081717918,0.25,0.75078315,0.9731217990267228,0.23958333333333334,0.73264295,0.9922804184745514
FKLPBMTYUBSJAH,CHEMBL5729432,CHEMBL5738687,0,0.35064935064935066,0.6859394,0.9644289870916384,0.35064935064935066,0.7448729,0.9236055721434422,0.35064935064935066,0.8541674,0.9991832771591088
FKMCCIFWUAKGRD,CHEMBL5137017,CHEMBL5138982,1,0.43103448275862066,0.9755069,0.9261439693455149,0.43103448275862066,0.9655994,0.9544332197213239,0.43103448275862066,0.9642927,0.8590126421990693
FKSJHWZVXJQMHU,CHEMBL3638592,CHEMBL3706089,1,0.23595505617977527,0.8415536,0.22042700592034356,0.23595505617977527,0.9164079,0.5612001184869571,0.23595505617977527,0.7671007,0.8169604023346898
FKSMCAMGSCQLDD,CHEMBL4251704,CHEMBL4255944,1,0.20238095238095238,0.51128656,0.8868573551657551,0.20238095238095238,0.31382442,0.9474556847134067,0.20238095238095238,0.12936717,0.9964464404723994
FKVKATMLAUBQFC,CHEMBL4808220,CHEMBL4810527,1,0.47297297297297297,0.6150687,0.7603004301171021,0.47297297297297297,0.594665,0.01608993650830775,0.47297297297297297,0.548086,0.005986590957866455
FKVKATMLAUBQFC,CHEMBL4842376,CHEMBL4844752,1,0.47297297297297297,0.6150687,0.7603004301171021,0.47297297297297297,0.594665,0.01608993650830775,0.47297297297297297,0.548086,0.005986590957866455
FKYRPQKPBWGMPR,CHEMBL3638644,CHEMBL3705655,1,0.4578313253012048,0.98488414,0.9958405522729871,0.4578313253012048,0.99198675,0.9849804479365956,0.4578313253012048,0.995581,0.999059970371161
FLBPZSHGOYHCPK,CHEMBL3638541,CHEMBL3706289,1,0.25,0.9721681,0.9997081497548745,0.25,0.972114,0.9661158132687352,0.25,0.9510024,0.9964089180312569
FLCPRUUGUSKNOI,CHEMBL3638644,CHEMBL3705655,1,0.31313131313131315,0.8673952,0.9804572698901076,0.4375,0.93361664,0.9761270557983532,0.4375,0.9053274,0.9951195544533696
FLGKHYKWJIFRIX,CHEMBL3576869,CHEMBL3579762,1,0.1896551724137931,0.40221515,0.812016650388589,0.17647058823529413,0.3034909,0.9844444333540601,0.1896551724137931,0.08798271,0.9964591705248882
FLGMERISMNGPIM,CHEMBL3585315,CHEMBL3587365,1,0.34523809523809523,0.9835825,0.9998171550869928,0.34523809523809523,0.9810921,0.9995917024769875,0.34523809523809523,0.9942451,0.9996683190449869
FLPZZBWHQYGQMT,CHEMBL3638592,CHEMBL3706089,1,0.2375,0.89018005,0.9306318388623286,0.2375,0.8622814,0.9828230414381429,0.2375,0.69987583,0.9778500374134793
FLTHVQIOAQSGDK,CHEMBL3638997,CHEMBL3705850,1,0.24691358024691357,0.7871025,0.4469853804258868,0.24691358024691357,0.73532015,0.8255595051016904,0.24691358024691357,0.6951361,0.9905244864169359
FLZJMDDNGUIYDW,CHEMBL5137017,CHEMBL5138978,0,0.423728813559322,0.9325858,0.2556202965277605,0.423728813559322,0.9372645,0.5508116861737753,0.423728813559322,0.9239865,0.9512636832363347
FLZJMDDNGUIYDW,CHEMBL5137017,CHEMBL5138982,0,0.423728813559322,0.9325858,0.2556202965277605,0.423728813559322,0.9372645,0.5508116861737753,0.423728813559322,0.9239865,0.9512636832363347
FLZJMDDNGUIYDW,CHEMBL5726472,CHEMBL5732754,0,0.423728813559322,0.9325858,0.2556202965277605,0.423728813559322,0.9372645,0.5508116861737753,0.423728813559322,0.9239865,0.9512636832363347
FMCJBMHCHZWOEP,CHEMBL3638644,CHEMBL3705655,1,0.3375,0.89927614,0.9945185134104563,0.3953488372093023,0.89509374,0.9796017932437044,0.3953488372093023,0.9473743,0.996119943380116
FMFDMLOLARMKOL,CHEMBL2321758,CHEMBL2330630,0,0.38823529411764707,0.98382944,0.9991055773498336,0.38823529411764707,0.9883215,0.9987243352710832,0.38823529411764707,0.99516714,0.9999102805126061
FMMHTHGVCPVVSN,CHEMBL3638997,CHEMBL3705850,1,0.26582278481012656,0.82982117,0.974149359048333,0.26582278481012656,0.8703722,0.9854943620880515,0.23076923076923078,0.8629509,0.9827232342544931
FMNSKWKSXFWJNP,CHEMBL3638541,CHEMBL3706289,1,0.20212765957446807,0.9696711,0.9939697812786472,0.20212765957446807,0.9793802,0.9692453385763062,0.20212765957446807,0.89659536,0.9977970991325503
FMPWFPCHEFZKDG,CHEMBL3638541,CHEMBL3706289,1,0.27358490566037735,0.9999579,0.9075016078625894,0.27358490566037735,0.99997556,0.9249659355826382,0.27358490566037735,0.999835,0.9972435217333382
FMZDMHCDMRQHRY,CHEMBL3639133,CHEMBL3706375,1,0.21568627450980393,0.864743,0.71599671174753,0.21568627450980393,0.90266347,0.8457675325549258,0.22580645161290322,0.8762524,0.911031434896298
FMZONAXKIRVOKC,CHEMBL3639085,CHEMBL3705815,0,0.48333333333333334,0.8887671,0.8434576409696731,0.48333333333333334,0.93800116,0.7072088622509536,0.42424242424242425,0.8920535,0.6974375832459361
FNADWWNEWHGSQV,CHEMBL4725466,CHEMBL4731424,1,0.44,0.46731412,0.18437689638499638,0.4909090909090909,0.44654357,0.2453915906293629,0.44,0.6257411,0.05600177474653927
FNDQHZLQGMPQRZ,CHEMBL3638592,CHEMBL3706089,1,0.29069767441860467,0.885606,0.9764271142837009,0.29069767441860467,0.9436804,0.9807075345809266,0.29069767441860467,0.9354002,0.9875253116467329
FODRPAJCMPDSBP,CHEMBL3638592,CHEMBL3706089,1,0.27522935779816515,0.7520509,0.9127898735477809,0.27522935779816515,0.8179765,0.8208614961402736,0.27522935779816515,0.663866,0.4607097629533721
FORKQCXVRMTRNW,CHEMBL3638644,CHEMBL3705655,1,0.3068181818181818,0.9926691,0.9989054179335184,0.3614457831325301,0.99268615,0.9913701902848335,0.3614457831325301,0.9898189,0.9974788430414792
FORRJTNZMAPPFV,CHEMBL3638592,CHEMBL3706089,1,0.2840909090909091,0.8041534,0.9455897394696511,0.2840909090909091,0.8251558,0.9351460963165683,0.2840909090909091,0.73277736,0.9534630348256042
FOSSXGJALYNMIF,CHEMBL3638644,CHEMBL3705655,1,0.31313131313131315,0.7571934,0.9718006141572858,0.358695652173913,0.8664014,0.9422884681906283,0.358695652173913,0.9280175,0.9855851522380265
FOVDAQSOCPEZCB,CHEMBL3638541,CHEMBL3706289,1,0.21649484536082475,0.94830304,0.9973086791959945,0.21649484536082475,0.8951662,0.9828730420953773,0.21649484536082475,0.83472466,0.9990832735365685
FPDHBQATBKHTTQ,CHEMBL5370564,CHEMBL5372078,1,0.3469387755102041,0.8811143,0.9944020704150797,0.3469387755102041,0.95085984,0.9366954809866722,0.3469387755102041,0.9197991,0.9831599386583112
FPFXKHVBKFQGJY,CHEMBL3639133,CHEMBL3706375,1,0.21782178217821782,0.6414219,0.7386914645337683,0.2111111111111111,0.6994397,0.7834494323740893,0.21782178217821782,0.768976,0.9949706442356578
FPKSAJTWJYHTQB,CHEMBL5108059,CHEMBL5112157,1,0.2361111111111111,0.92063844,0.6852480796009744,0.30985915492957744,0.98428,0.9943951567956257,0.30985915492957744,0.9632374,0.9993171623642448
FQEDGBZTSIHMTH,CHEMBL3639133,CHEMBL3706375,1,0.22608695652173913,0.9134934,0.8947758804830604,0.22608695652173913,0.88592345,0.9396697662478297,0.19827586206896552,0.78622335,0.9866579774622914
FQFVDLVGEBZNIH,CHEMBL4680347,CHEMBL4689247,1,0.34210526315789475,0.35037,0.9256335363085275,0.34210526315789475,0.3719798,0.9582356963274319,0.34210526315789475,0.49543533,0.9984950534792221
FQHFDUXJDZBLAJ,CHEMBL3638997,CHEMBL3705850,1,0.20833333333333334,0.42679214,0.6724693760536314,0.20833333333333334,0.46579567,0.8873092036254507,0.20833333333333334,0.5553027,0.9618231881167597
FQHLNXOIKSXNDP,CHEMBL3638592,CHEMBL3706089,1,0.21649484536082475,0.8716825,0.9426559164241303,0.21649484536082475,0.9547742,0.7707409250438303,0.21649484536082475,0.9530763,0.6767327750652048
FQKXMZUUDWLOCG,CHEMBL3638592,CHEMBL3706089,1,0.2916666666666667,0.9355821,0.8502172336804136,0.2916666666666667,0.97802496,0.8858183119238091,0.2916666666666667,0.98953676,0.9929245323322484
FRHKVIMTLRQAGG,CHEMBL5725838,CHEMBL5731581,0,0.1951219512195122,0.71221924,0.9995297714294586,0.1951219512195122,0.8007544,0.9990535554941535,0.1951219512195122,0.83490103,0.9994806536361582
FRNOKXZMATWJPG,CHEMBL3638644,CHEMBL3705655,1,0.3333333333333333,0.9901419,0.9985093801438543,0.4024390243902439,0.99165726,0.9959167569547617,0.4024390243902439,0.99222285,0.9987956955414897
FSCVJOUWPFHBRC,CHEMBL3639211,CHEMBL3706278,1,0.2127659574468085,0.63499564,0.7267254069321525,0.2127659574468085,0.68380636,0.36575832074313497,0.2127659574468085,0.29735285,0.01919972021173264
FSDOAWUOADNXKZ,CHEMBL3638644,CHEMBL3705655,1,0.330188679245283,0.80131626,0.9916741587165984,0.5116279069767442,0.84313256,0.9062520087852727,0.5116279069767442,0.81421083,0.9519787538125665
FSJBOSGWKQMEDB,CHEMBL3638644,CHEMBL3705655,1,0.38461538461538464,0.8476414,0.980985269808366,0.5714285714285714,0.9065259,0.9441613180480036,0.5714285714285714,0.9516916,0.9917558317582797
FSLZHWYVXKKRCN,CHEMBL4819087,CHEMBL4821861,0,0.325,0.5826775,0.1415226778556134,0.325,0.340592,0.030467432739139058,0.325,0.2198437,0.015482501440436768
FSXSSTVQPCQKHJ,CHEMBL3639211,CHEMBL3706278,1,0.19047619047619047,0.72639436,0.8859104350987914,0.19047619047619047,0.7123327,0.5634244866861994,0.19047619047619047,0.28764206,0.07773942634462672
FSYKHQLBHLPDKI,CHEMBL3639211,CHEMBL3706278,1,0.2018348623853211,0.89388484,0.9418168984769193,0.2018348623853211,0.9158327,0.9533604073354908,0.1875,0.88620955,0.9447371479708764
FTAUJWIQVWUKTD,CHEMBL3638644,CHEMBL3705655,1,0.3106796116504854,0.82969534,0.9922666978488349,0.55,0.8959099,0.9875256351153697,0.55,0.8805835,0.9927241874375115
FTHLQOXYJKMIAZ,CHEMBL3638997,CHEMBL3705850,1,0.20987654320987653,0.5452645,0.17493427003933887,0.20987654320987653,0.5010593,0.43073877107729375,0.2,0.60206974,0.960470161473135
FTVDTOCHOBOLGR,CHEMBL4020805,CHEMBL4022584,1,0.5138888888888888,0.99965,0.9999853456764319,0.5138888888888888,0.9989305,0.9999900117635202,0.4878048780487805,0.99748766,0.9999792132644961
FUBIRECNIIHURQ,CHEMBL4359925,CHEMBL4363902,1,0.45569620253164556,0.9937389,0.9999686048998934,0.47692307692307695,0.99453944,0.999974119908049,0.45569620253164556,0.99570024,0.9999901530919874
FUCGVOYZRSDCPC,CHEMBL4837246,CHEMBL4839366,0,0.23157894736842105,0.8867847,0.9657043945214876,0.23157894736842105,0.8101724,0.923687767080056,0.23157894736842105,0.75026345,0.7102188652913697
FUJOTELKFWFXSG,CHEMBL5500428,CHEMBL5505639,0,0.20192307692307693,0.505867,0.7166872435394953,0.1926605504587156,0.6144372,0.9643645555548944,0.20192307692307693,0.63499624,0.9950825742240568
FVKLSWBTKPIXFR,CHEMBL3638592,CHEMBL3706089,1,0.24444444444444444,0.6725218,0.6666149606543467,0.24444444444444444,0.7446271,0.8663595052015515,0.24444444444444444,0.6620598,0.9798547460105094
FVOJSPXCFRQSFF,CHEMBL3639211,CHEMBL3706278,1,0.1926605504587156,0.82396376,0.8335606119970541,0.19230769230769232,0.8426918,0.9582232712939589,0.1926605504587156,0.7317676,0.956535096257335
FVXINOIDRBXUIO,CHEMBL3638644,CHEMBL3705655,1,0.3111111111111111,0.98303646,0.9988569342640844,0.38095238095238093,0.97789735,0.994542629959808,0.38095238095238093,0.98246473,0.9966684772162423
FVXIRKTUXNNHMQ,CHEMBL5543164,CHEMBL5548923,1,0.578125,0.99767834,0.9999756744014938,0.6666666666666666,0.998703,0.9999866214163641,0.6666666666666666,0.9988356,0.9999875176433728
FWDOTLLHHOPXEH,CHEMBL3639085,CHEMBL3705815,0,0.34782608695652173,0.7698285,0.8682425507248145,0.35294117647058826,0.7090299,0.7357236331640639,0.34285714285714286,0.80875224,0.8189296337768711
FWFTZKCIRBSVCS,CHEMBL3639163,CHEMBL3705287,0,0.2261904761904762,0.053094145,0.1708055841151568,0.2261904761904762,0.08363977,0.03625345271732651,0.2261904761904762,0.12988293,0.0450598546238295
FWPPYFMXRQXAML,CHEMBL4819017,CHEMBL4820258,1,0.21052631578947367,0.9914727,0.8379003285872711,0.21052631578947367,0.99409807,0.9912373377079254,0.21052631578947367,0.9920804,0.9200865118920794
FXBITLRVSYFNLQ,CHEMBL5729432,CHEMBL5738687,0,0.3333333333333333,0.7807248,0.9963596136820088,0.3333333333333333,0.74740785,0.9966934050886692,0.3333333333333333,0.82700044,0.9981862201137439
FYDDSCRVDGZFEC,CHEMBL6134929,CHEMBL6141369,1,0.4342105263157895,0.3352808,0.7991349604290101,0.4342105263157895,0.26516604,0.6758376198591803,0.4342105263157895,0.21176812,0.7537237174767847
FYFJYPNSZLIUGL,CHEMBL3638592,CHEMBL3706089,1,0.22033898305084745,0.85340333,0.9395686455803708,0.22033898305084745,0.9342992,0.9771565859689646,0.22033898305084745,0.85119367,0.9208250962229722
FYHJSXVIDYMDGB,CHEMBL4020823,CHEMBL4023016,1,0.25263157894736843,0.9755307,0.2697145276255753,0.25263157894736843,0.95299476,0.9985555846486015,0.25925925925925924,0.8821541,0.9813421222446834
FYLUUBDBAVRQOF,CHEMBL3638997,CHEMBL3705850,1,0.20224719101123595,0.40849444,0.5380712448979295,0.1978021978021978,0.50526553,0.69624504732419,0.20224719101123595,0.57834363,0.9837174048067674
FYMAVTUPXXOKHL,CHEMBL4020823,CHEMBL4023016,1,0.2692307692307692,0.9494775,0.7629330217888997,0.2692307692307692,0.9585526,0.9982000674551623,0.2692307692307692,0.89249814,0.9600633255358093
FYQVTANPXKLEIP,CHEMBL1759974,CHEMBL1763481,0,0.16853932584269662,0.70300585,0.1597772426053171,0.16853932584269662,0.77065873,0.7650868078286053,0.16853932584269662,0.65777,0.6151629775179416
FYQVTANPXKLEIP,CHEMBL1759974,CHEMBL1763561,1,0.16853932584269662,0.70300585,0.1597772426053171,0.16853932584269662,0.77065873,0.7650868078286053,0.16853932584269662,0.65777,0.6151629775179416
FYZKZVYFSRDJIT,CHEMBL3639211,CHEMBL3706278,1,0.23214285714285715,0.84006906,0.940529757732211,0.22321428571428573,0.75407857,0.9603905062682364,0.23214285714285715,0.69581866,0.9715628592099531
FZSPKQZLGNEFOS,CHEMBL1759974,CHEMBL1763481,0,0.22535211267605634,0.7169361,0.534808295787996,0.22535211267605634,0.880135,0.8091610619758237,0.22535211267605634,0.79554635,0.9555556174314384
FZSPKQZLGNEFOS,CHEMBL1759974,CHEMBL1763561,1,0.22535211267605634,0.7169361,0.534808295787996,0.22535211267605634,0.880135,0.8091610619758237,0.22535211267605634,0.79554635,0.9555556174314384
GBHIWMONUYHJTE,CHEMBL3638592,CHEMBL3706089,1,0.25,0.9921027,0.9743770644290494,0.25,0.9942327,0.9897785229041066,0.24489795918367346,0.99707556,0.9948150336556377
GBMZKUHNGAMGAI,CHEMBL4819087,CHEMBL4821861,0,0.175,0.04201651,0.022146780157536402,0.175,0.06228858,0.012042743494800256,0.175,0.027175799,0.014886944466222535
GBOUQEZUBKMLLZ,CHEMBL3638592,CHEMBL3706089,1,0.26744186046511625,0.9306696,0.9697136832052914,0.26744186046511625,0.9480659,0.9541845335888616,0.2558139534883721,0.967651,0.9902282084862203
GCCIALHRRNPWDW,CHEMBL3638592,CHEMBL3706089,1,0.21,0.85747784,0.6623840423030419,0.20689655172413793,0.8589747,0.6394765131647975,0.20689655172413793,0.5982099,0.9339186089887378
GCFDEMPCVRRYBI,CHEMBL5543164,CHEMBL5548923,1,0.5692307692307692,0.99986684,0.9999938222362443,0.5692307692307692,0.9998796,0.9999890939525778,0.5692307692307692,0.99978477,0.9999589897030124
GCHBEJBYMQHZEM,CHEMBL4837246,CHEMBL4839366,1,0.16831683168316833,0.7225043,0.20829873119043057,0.16831683168316833,0.4614623,0.7653824524324963,0.16831683168316833,0.22737017,0.08781233941681656
GCIWITYQCBTOAB,CHEMBL3638997,CHEMBL3705850,1,0.2222222222222222,0.7650191,0.289491117325918,0.2222222222222222,0.814708,0.6571227201901474,0.2222222222222222,0.71688956,0.9831685975558105
GCUPEGTZVKIARL,CHEMBL3638644,CHEMBL3705655,1,0.36764705882352944,0.5607783,0.9833033503389615,0.3974358974358974,0.73046273,0.8798862198637333,0.3974358974358974,0.9034373,0.9813826255194114
GCWCGSPBENFEPE,CHEMBL5346869,CHEMBL5347353,0,0.2169811320754717,0.016953612,0.003589532676001847,0.2169811320754717,0.029209929,0.029649105429401232,0.16666666666666666,0.0069874283,0.0011436255833043815
GDASEEYSUSMTQA,CHEMBL4364276,CHEMBL4366252,1,0.20454545454545456,0.7909639,0.9985740708503387,0.20454545454545456,0.6230078,0.9765184781999752,0.20454545454545456,0.33835325,0.9950589642546458
GDDWNPOHSCSVOO,CHEMBL3638592,CHEMBL3706089,1,0.24489795918367346,0.96932834,0.6289947460147985,0.23232323232323232,0.9802383,0.4940985009895548,0.24489795918367346,0.97691685,0.968736207466198
GDWGLJATTHZCKY,CHEMBL5725460,CHEMBL5730847,1,0.24528301886792453,0.9783109,0.5485635355245482,0.24528301886792453,0.9738951,0.9810081496651053,0.24299065420560748,0.9806024,0.8929577478918883
GDYKYSXRFPSYRG,CHEMBL4819087,CHEMBL4821861,0,0.3283582089552239,0.019710941,0.012165925479154484,0.3283582089552239,0.011192882,0.001303045277255122,0.3283582089552239,0.019221809,0.0020787145647190508
GEAXYRLOHHXOFL,CHEMBL3638997,CHEMBL3705850,1,0.20930232558139536,0.8315846,0.3686488406443975,0.20930232558139536,0.75851285,0.8287932616406565,0.18604651162790697,0.8636121,0.9905301057130377
GEDMPLOWDYEDAT,CHEMBL6087433,CHEMBL6088976,1,0.2826086956521739,0.98470926,0.9997626275469961,0.2826086956521739,0.99120975,0.9994335328299019,0.2826086956521739,0.9949726,0.9999663965745481
GEDMPLOWDYEDAT,CHEMBL6087433,CHEMBL6088977,0,0.2826086956521739,0.98470926,0.9997626275469961,0.2826086956521739,0.99120975,0.9994335328299019,0.2826086956521739,0.9949726,0.9999663965745481
GEDSADFOSJJXJF,CHEMBL3639133,CHEMBL3706375,1,0.21052631578947367,0.8211905,0.9945231738142879,0.21052631578947367,0.8073406,0.998759838079567,0.21052631578947367,0.72487736,0.9998318305550885
GFHLXZJWIUHXCL,CHEMBL5727131,CHEMBL5734082,1,0.21978021978021978,0.8647413,0.47471335470506487,0.21978021978021978,0.91543084,0.9954853730155604,0.1978021978021978,0.56983995,0.7556314691409896
GFLSRBOPZGKHLE,CHEMBL3638997,CHEMBL3705850,1,0.24050632911392406,0.93786126,0.9093215238980468,0.24050632911392406,0.89488184,0.9637389368529299,0.21686746987951808,0.8649741,0.9873487761552403
GFNWRXRWJLHYJT,CHEMBL3638644,CHEMBL3705655,1,0.3176470588235294,0.84845734,0.93118709811063,0.6621621621621622,0.86617446,0.8957039487046196,0.6621621621621622,0.88994235,0.9762976803708476
GFRZOOOOSJLVAN,CHEMBL1759974,CHEMBL1763561,1,0.18571428571428572,0.6533144,0.3099902453392834,0.18571428571428572,0.7411918,0.7938708071452046,0.18571428571428572,0.76925415,0.8242240541466469
GFUYPEQRMJBHJN,CHEMBL3112582,CHEMBL3116931,1,0.21875,0.9477993,0.9984716588408721,0.2247191011235955,0.96393305,0.9990022362887335,0.2247191011235955,0.96121943,0.9978183931204845
GFZKPRZGOZINHQ,CHEMBL5137017,CHEMBL5138978,0,0.3218390804597701,0.98750335,0.9859509567144379,0.3218390804597701,0.97927034,0.986096061662731,0.3218390804597701,0.9883378,0.9954614218715259
GGFHCTGTQGWFGO,CHEMBL3616407,CHEMBL3620381,1,0.20754716981132076,0.55863094,0.9992847202559697,0.20754716981132076,0.85168856,0.993729664230756,0.20754716981132076,0.6688754,0.994170402671244
GGOACBRVBFQTCO,CHEMBL5726701,CHEMBL5733185,0,0.17699115044247787,0.62953967,0.9420587444483264,0.16483516483516483,0.78104275,0.9978716030589648,0.17699115044247787,0.75057876,0.9994697443195205
GGQLAXSFEIEDKB,CHEMBL3638644,CHEMBL3705655,1,0.2831858407079646,0.5215969,0.9815653821115986,0.5952380952380952,0.66919446,0.6817783559664473,0.5952380952380952,0.73241496,0.5118171378003754
GGTKKPSINFGTCM,CHEMBL5729706,CHEMBL5739310,1,0.15853658536585366,0.014793835,0.05958598236120385,0.1566265060240964,0.016709788,0.16363062912135057,0.17073170731707318,0.008573249,0.05225394567825744
GHEIKGPPFOPOIX,CHEMBL1773044,CHEMBL1777163,1,0.5517241379310345,0.99660754,0.9999559901328433,0.5517241379310345,0.9974025,0.9997252490920966,0.5517241379310345,0.9983411,0.9999887345183289
GHEIKGPPFOPOIX,CHEMBL1773044,CHEMBL1777165,1,0.5517241379310345,0.99660754,0.9999559901328433,0.5517241379310345,0.9974025,0.9997252490920966,0.5517241379310345,0.9983411,0.9999887345183289
GHHOOVKLLRPNJW,CHEMBL3638592,CHEMBL3706089,1,0.25,0.20190841,0.3295477787756622,0.25,0.6002646,0.8288725130520289,0.25,0.6351071,0.9335916590467289
GHHYFYAVCPATPG,CHEMBL3638592,CHEMBL3706089,1,0.25555555555555554,0.99026555,0.9906266213148953,0.25555555555555554,0.9923873,0.9964690527819133,0.25555555555555554,0.9893616,0.9850701610403291
GHJKXCIYEIFGOO,CHEMBL3638541,CHEMBL3706289,1,0.24761904761904763,0.9984316,0.999575098408553,0.24761904761904763,0.9991542,0.999884247746841,0.24761904761904763,0.9976732,0.9998493456726345
GHKNWYUFVQRAQC,CHEMBL4819087,CHEMBL4821861,0,0.23880597014925373,0.10588608,0.033775408504379864,0.23880597014925373,0.23508656,0.018234398095805848,0.23880597014925373,0.19059329,0.0933391584435026
GIGAGUMCFQMIEP,CHEMBL4819087,CHEMBL4821861,0,0.19736842105263158,0.1242533,0.02079581001557088,0.19736842105263158,0.19120218,0.014276061322252244,0.19736842105263158,0.08549206,0.0042604995743419916
GIJFIWCYFZUZAA,CHEMBL3352452,CHEMBL3379685,0,0.24096385542168675,0.9740316,0.7806820542250524,0.24096385542168675,0.98475087,0.9594108436919941,0.24096385542168675,0.93050134,0.8653488701627494
GIJQCKAFIZEMCM,CHEMBL5725838,CHEMBL5731581,0,0.22826086956521738,0.8922777,0.9997904127553164,0.22826086956521738,0.89869386,0.9986975063709437,0.22826086956521738,0.93205106,0.9995857229649586
GJJYDZBWLBPIPJ,CHEMBL4680347,CHEMBL4689247,1,0.2948717948717949,0.7465963,0.9945051404389648,0.2948717948717949,0.83425885,0.9815619091263381,0.2948717948717949,0.8653248,0.9939858901116588
GJOIRBLQYFMCGM,CHEMBL4020823,CHEMBL4023016,1,0.27472527472527475,0.96787995,0.598210396281519,0.27472527472527475,0.95729166,0.9936895055073985,0.27472527472527475,0.86639655,0.9293949195634718
GJTQKPXGFDEVIF,CHEMBL3638644,CHEMBL3705655,1,0.3263157894736842,0.68364763,0.9946376372347501,0.375,0.7963437,0.9635500412633516,0.375,0.93004256,0.9948114781568809
GKIGWXXNOVEAKK,CHEMBL5108059,CHEMBL5112157,1,0.2247191011235955,0.9446343,0.5749078097268256,0.2804878048780488,0.9943561,0.9974094932199368,0.2804878048780488,0.9652595,0.9994457273497357
GKJGGTPGIKIBKJ,CHEMBL3639211,CHEMBL3706278,1,0.1981981981981982,0.37159866,0.2054161396737322,0.26,0.37430346,0.6342017795084596,0.1981981981981982,0.5670058,0.06661019119503142
GKLCDBQCDPTUAI,CHEMBL3638997,CHEMBL3705850,1,0.2926829268292683,0.9448892,0.9880835154626045,0.2926829268292683,0.9576563,0.9434125234514225,0.25316455696202533,0.9768836,0.9977694786447767
GKROGJIGFRYBLZ,CHEMBL3638997,CHEMBL3705850,1,0.23595505617977527,0.26724765,0.13985816957912575,0.23595505617977527,0.39060107,0.40635139627134037,0.22988505747126436,0.6950221,0.974527568457453
GKWDEEDUAOXXQS,CHEMBL3639085,CHEMBL3705815,1,0.44285714285714284,0.996807,0.9985477607655174,0.44285714285714284,0.99878234,0.9992888098434466,0.44285714285714284,0.99871814,0.9998501196536316
GLNGCQDVECDBCA,CHEMBL3638644,CHEMBL3705655,1,0.32,0.7688068,0.9841562580306605,0.3655913978494624,0.8615646,0.8499699166859026,0.3655913978494624,0.8585259,0.9616236565509153
GMDFBJKMPHZUTJ,CHEMBL3616407,CHEMBL3620381,1,0.2,0.7926215,0.9974507050658864,0.2,0.8998112,0.9932762567723967,0.2,0.7294043,0.9941161097857697
GMNCAHYMXPFMCZ,CHEMBL5370564,CHEMBL5372078,1,0.40963855421686746,0.48480582,0.8531410875204762,0.40963855421686746,0.54677343,0.11719324276182633,0.40963855421686746,0.44233307,0.014088167599593436
GMUDISZWGABUOF,CHEMBL5729706,CHEMBL5739310,1,0.18681318681318682,0.01658998,0.16872153631420553,0.18681318681318682,0.015194227,0.26971341949737,0.18681318681318682,0.017724084,0.21713096321271605
GMYLVKUGJMYTFB,CHEMBL3585264,CHEMBL3587521,1,0.17894736842105263,0.63088274,0.09147423981584504,0.17894736842105263,0.59788734,0.6670682304417198,0.17894736842105263,0.7739045,0.5883774856157084
GNKHVMGVMPALHE,CHEMBL3638644,CHEMBL3705655,1,0.3118279569892473,0.9372493,0.9986052317879774,0.3118279569892473,0.9644291,0.9972436361747931,0.3118279569892473,0.95924073,0.9998979439410504
GNMAUKNVVNKHMP,CHEMBL3638592,CHEMBL3706089,1,0.2708333333333333,0.773837,0.7188431237131826,0.2708333333333333,0.8648228,0.9421551972268424,0.2708333333333333,0.8633909,0.9730951932646926
GNMXQROCYSRVEQ,CHEMBL3638541,CHEMBL3706289,1,0.34782608695652173,0.9889903,0.9998226508750955,0.34782608695652173,0.98579085,0.965572208779129,0.34782608695652173,0.96287286,0.9983535420466045
GNNRQHDJZBRNER,CHEMBL3639163,CHEMBL3705287,1,0.1568627450980392,0.701398,0.9919719990134535,0.1568627450980392,0.7729565,0.9887411132763712,0.1568627450980392,0.37869534,0.9987020732071022
GNOCBFMCOCQDHI,CHEMBL3638592,CHEMBL3706089,1,0.21649484536082475,0.78525215,0.36752267639633673,0.21649484536082475,0.87466383,0.7518893818236309,0.21649484536082475,0.78961957,0.8845431189696878
GNPGNLUFMXYLDV,CHEMBL5729432,CHEMBL5738687,0,0.34285714285714286,0.1264938,0.9378656371210099,0.3950617283950617,0.070124164,0.19083795253029814,0.3950617283950617,0.08397599,0.9507906424651487
GNRZQAOZAOLONJ,CHEMBL5729432,CHEMBL5738687,0,0.323943661971831,0.907499,0.9994880428447143,0.323943661971831,0.95821816,0.9991073134174078,0.323943661971831,0.8857628,0.9992688520938107
GNWPMXRHOMBDCN,CHEMBL3638592,CHEMBL3706089,1,0.24210526315789474,0.77326554,0.5904063950461462,0.23157894736842105,0.86921626,0.8583437205807481,0.24210526315789474,0.8751045,0.980095978962675
GOBDNAGYGAFAIS,CHEMBL3638644,CHEMBL3705655,1,0.34065934065934067,0.9367416,0.9397875349563996,0.36363636363636365,0.97900134,0.9222611738738733,0.36363636363636365,0.9727076,0.9795051145141161
GOJOFOPRSPSXBN,CHEMBL4017506,CHEMBL4019299,0,0.4444444444444444,0.97968745,0.30180720849780124,0.4444444444444444,0.9757382,0.5511054462302272,0.4444444444444444,0.9885429,0.9653050525614264
GOTAIGHGVOKIIG,CHEMBL5729432,CHEMBL5738687,0,0.3194444444444444,0.819796,0.9985481498956708,0.3194444444444444,0.9017627,0.9969367887688093,0.3194444444444444,0.90955603,0.9997203805520309
GOVRODSIEWESJN,CHEMBL1759974,CHEMBL1763481,0,0.18888888888888888,0.85674465,0.9944862274820586,0.18888888888888888,0.9261804,0.9989620647466365,0.18888888888888888,0.8522167,0.9994266393189054
GOVRODSIEWESJN,CHEMBL1759974,CHEMBL1763561,1,0.18888888888888888,0.85674465,0.9944862274820586,0.18888888888888888,0.9261804,0.9989620647466365,0.18888888888888888,0.8522167,0.9994266393189054
GPIVIIDIUFNNOC,CHEMBL3638592,CHEMBL3706089,1,0.27906976744186046,0.9131939,0.9896005621520358,0.27906976744186046,0.89138883,0.990884921031466,0.27906976744186046,0.8909173,0.9969106866417168
GPMYHUFPZPEWRL,CHEMBL3638592,CHEMBL3706089,1,0.23275862068965517,0.86469203,0.8574476519015031,0.23275862068965517,0.8088221,0.8600917397921823,0.22857142857142856,0.63061196,0.733667192765513
GPPPLYAOZZZHGA,CHEMBL3638644,CHEMBL3705655,1,0.34444444444444444,0.95264184,0.9940268398871077,0.38095238095238093,0.9791126,0.974895084903193,0.38095238095238093,0.9819339,0.9974114597930465
GPQCMJKPKQNLRF,CHEMBL3638644,CHEMBL3705655,1,0.30120481927710846,0.9357401,0.981542805877408,0.3717948717948718,0.9588086,0.9418095088078351,0.3717948717948718,0.9567925,0.9941143298024601
GQMAPOCSBBLDBA,CHEMBL3639211,CHEMBL3706278,1,0.1891891891891892,0.7957339,0.7942028606731989,0.18867924528301888,0.9130474,0.5111836952646628,0.1891891891891892,0.72228146,0.051588236835740174
GQSNAYUIITXNIM,CHEMBL3638592,CHEMBL3706089,1,0.2696629213483146,0.7416418,0.7583686612451331,0.2696629213483146,0.8971435,0.6701934288731403,0.2696629213483146,0.93880254,0.9534597393897652
GQYFBVAPEBAFPM,CHEMBL3638644,CHEMBL3705655,1,0.32323232323232326,0.7655731,0.994005068672906,0.38461538461538464,0.87584996,0.9650011106043267,0.38461538461538464,0.9311788,0.9909943412248915
GRFDUUWXNPVOAS,CHEMBL3638592,CHEMBL3706089,1,0.23958333333333334,0.6752342,0.5139220435621153,0.25,0.80571955,0.8796176216662306,0.23958333333333334,0.84653944,0.9748056838693658
GRJUBAVSVUGLBT,CHEMBL3638997,CHEMBL3705850,1,0.2716049382716049,0.5628357,0.565183246648561,0.2716049382716049,0.82176006,0.7984165054665281,0.26666666666666666,0.7667903,0.9589702013226016
GRMLXTABKIOTKS,CHEMBL5331073,CHEMBL5332683,1,0.3548387096774194,0.9887919,0.9987982977059272,0.3548387096774194,0.9956713,0.9991694173053184,0.3548387096774194,0.99694866,0.9999224947644423
GRRFNJXQNRYVNT,CHEMBL5726472,CHEMBL5732754,0,0.31645569620253167,0.9456785,0.9769309995847534,0.31645569620253167,0.9460618,0.9950819507640465,0.31645569620253167,0.9571639,0.9963495955680822
GRRZMVZZCFJGER,CHEMBL3639211,CHEMBL3706278,1,0.1935483870967742,0.7616424,0.3881753776248772,0.1926605504587156,0.8013034,0.576120380342502,0.1935483870967742,0.69030213,0.23853362846963408
GSCMUDLDPCGRJP,CHEMBL3638997,CHEMBL3705850,1,0.24324324324324326,0.8212746,0.27050652945276144,0.24324324324324326,0.77008104,0.24899023956954672,0.21621621621621623,0.6603801,0.7366863998567902
GSNKTFWNKCQVKN,CHEMBL1255226,CHEMBL1261684,1,0.22340425531914893,0.7734934,0.7021860187892522,0.24761904761904763,0.8290046,0.99417930897736,0.24761904761904763,0.3268903,0.7979552878384866
GSZOKDIAJHWSJC,CHEMBL3585264,CHEMBL3587521,1,0.21,0.85602915,0.9011202491358502,0.21,0.7358952,0.8084943793913014,0.21,0.9355607,0.9018642954519446
GTOSONUHQUALSF,CHEMBL3638592,CHEMBL3706089,1,0.20833333333333334,0.35353422,0.8692632400713953,0.20833333333333334,0.50076145,0.9707442500860368,0.20833333333333334,0.4270391,0.9717089833632839
GTOZAUGJELFXHT,CHEMBL3639211,CHEMBL3706278,1,0.1981981981981982,0.60900855,0.7421136093019146,0.1981981981981982,0.6533918,0.20839872605124982,0.19791666666666666,0.5524663,0.009754586428938549
GTRWEZVMYXELSA,CHEMBL3638541,CHEMBL3706289,1,0.2761904761904762,0.7080032,0.9991059412906917,0.2761904761904762,0.67503464,0.993404260698017,0.2761904761904762,0.4615053,0.99159816430201
GTWXIJHDLBDFAA,CHEMBL3638997,CHEMBL3705850,1,0.22784810126582278,0.83872676,0.25472336461612743,0.22784810126582278,0.85123026,0.7207204836448704,0.20481927710843373,0.8710265,0.9851225348987864
GUFVTKTWKYLOQP,CHEMBL3797068,CHEMBL3802992,1,0.4264705882352941,0.40660107,0.27736755389542345,0.5373134328358209,0.30773884,0.1482853929590115,0.4264705882352941,0.5479985,0.4620330748481179
GUOUILRZLCKGJU,CHEMBL3638644,CHEMBL3705655,1,0.32989690721649484,0.7865936,0.9805068981971939,0.42528735632183906,0.94032085,0.8281329588864625,0.42528735632183906,0.8092585,0.9754287646844045
GUVHPHLTTQGVQO,CHEMBL4819087,CHEMBL4821861,0,0.30158730158730157,0.009688147,0.004401139322179684,0.2564102564102564,0.012701087,0.0030220627769027915,0.2564102564102564,0.014439606,0.019900320144017797
GUXXEUUYCAYESJ,CHEMBL4229497,CHEMBL4235179,1,0.275,0.7773643,0.3285821568872825,0.275,0.8373169,0.9937891048154913,0.21951219512195122,0.3478785,0.5233350381561142
GVKNRMRXEWKCGC,CHEMBL3639211,CHEMBL3706278,1,0.1896551724137931,0.9237797,0.9139332504507415,0.18867924528301888,0.91769814,0.4841176384412269,0.1896551724137931,0.8507429,0.2933464214326759
GVPYBTYCSMGVJF,CHEMBL4311940,CHEMBL4312260,0,0.2127659574468085,0.55031586,0.04293881825762884,0.20952380952380953,0.72831106,0.26208146203189125,0.20754716981132076,0.62582713,0.1476984747270141
GVQASSPRFDGJEM,CHEMBL5370564,CHEMBL5372078,1,0.4146341463414634,0.6021039,0.6879479298926197,0.4146341463414634,0.64610326,0.05586614131023358,0.4146341463414634,0.54992586,0.015033002511050244
GVYUIVNHTUHZCL,CHEMBL3638592,CHEMBL3706089,1,0.24742268041237114,0.96073747,0.878017886261088,0.25252525252525254,0.96980613,0.9778430013340459,0.25510204081632654,0.9685869,0.9896728644440955
GWAJFERWCREOMD,CHEMBL3638592,CHEMBL3706089,1,0.23711340206185566,0.5861166,0.7315855896799673,0.24742268041237114,0.75822645,0.8736542313077911,0.23711340206185566,0.7948882,0.9733208062847171
GWLNOONDQYCGGB,CHEMBL3638592,CHEMBL3706089,1,0.2054794520547945,0.4592763,0.9821775391662313,0.2054794520547945,0.6413423,0.945777842262025,0.23376623376623376,0.61902815,0.9107479059881645
GWPOZQLIMXIBJQ,CHEMBL3734757,CHEMBL3738862,1,0.20909090909090908,0.9823053,0.999690542134549,0.20909090909090908,0.9828237,0.999985310440089,0.20909090909090908,0.93300337,0.9999405721546993
GWQBDCWGKHTQSX,CHEMBL3638644,CHEMBL3705655,1,0.29906542056074764,0.9033682,0.897561888789955,0.6410256410256411,0.90437126,0.8650858504507719,0.6410256410256411,0.9396824,0.9813339552308021
GXANJKDFGYJBEM,CHEMBL5727131,CHEMBL5734082,1,0.24175824175824176,0.9703725,0.6986876268781128,0.24175824175824176,0.97111166,0.9973625569502249,0.21978021978021978,0.7365607,0.7461851108990019
GXDHTIMAUFICAI,CHEMBL4819017,CHEMBL4820258,1,0.18699186991869918,0.99683386,0.996655782749763,0.1743119266055046,0.9847056,0.9999380198156791,0.18699186991869918,0.9480377,0.9999409252474184
GXKJWAURHPMGEK,CHEMBL3639133,CHEMBL3706375,1,0.21649484536082475,0.8161741,0.9896827080508973,0.21649484536082475,0.7931778,0.998048581806419,0.22580645161290322,0.87984854,0.9998324102510046
GXTGVNRJCCNDFS,CHEMBL3638592,CHEMBL3706089,1,0.2524271844660194,0.9832644,0.9962572537646115,0.25,0.9873262,0.9781252367395725,0.2524271844660194,0.9871219,0.9958410935002333
GXYKMWWOQVSQNJ,CHEMBL3638644,CHEMBL3705655,1,0.3434343434343434,0.78073376,0.9348948448864235,0.38636363636363635,0.9516179,0.9353558689563295,0.38636363636363635,0.9468593,0.9824576934811766
GXZHOIBAJRXSBL,CHEMBL3638592,CHEMBL3706089,1,0.29591836734693877,0.41427124,0.21986982076535663,0.23893805309734514,0.64315426,0.07810503376011792,0.23893805309734514,0.43216103,0.054591901569424964
GYLDXIAOMVERTK,CHEMBL4842376,CHEMBL4844752,1,0.6363636363636364,0.80907524,0.7745036944803768,0.6363636363636364,0.8417284,0.400342980455713,0.6363636363636364,0.84220624,0.8161767886453761
GYLDXIAOMVERTK,CHEMBL5244238,CHEMBL5245700,1,0.6363636363636364,0.80907524,0.7745036944803768,0.6363636363636364,0.8417284,0.400342980455713,0.6363636363636364,0.84220624,0.8161767886453761
GYZGMOYNXRXELF,CHEMBL3638997,CHEMBL3705850,1,0.24050632911392406,0.8126195,0.9392196465965644,0.24050632911392406,0.6287312,0.949644767223302,0.2,0.6086479,0.9906567793709876
GZDHLJDZSOUJPA,CHEMBL3638644,CHEMBL3705655,1,0.3557692307692308,0.7839663,0.9845074572347988,0.5365853658536586,0.8600471,0.9796736786558802,0.5365853658536586,0.7856872,0.9947351285644678
GZMUQAXZNDJYPV,CHEMBL3639211,CHEMBL3706278,1,0.18518518518518517,0.6938027,0.5507660233313346,0.18518518518518517,0.78767574,0.9726162042048275,0.18518518518518517,0.6461252,0.9161792543430759
GZRXSUAAQVJSCI,CHEMBL3638592,CHEMBL3706089,1,0.22826086956521738,0.65686363,0.3174666653788929,0.22826086956521738,0.7402943,0.608925365107856,0.22826086956521738,0.6165494,0.7743531807361127
HAMJYHPSPWWQPX,CHEMBL5370564,CHEMBL5372078,1,0.34,0.8902912,0.9764225038419472,0.34,0.9591995,0.7535197883932155,0.34,0.93878824,0.977939732969684
HAWIAVPLXUYCRU,CHEMBL5725838,CHEMBL5731581,0,0.20930232558139536,0.84696335,0.9999402399068927,0.20930232558139536,0.90622437,0.9994798972544714,0.20930232558139536,0.90891516,0.9995543469152095
HBATYDBTFKDWAU,CHEMBL3638592,CHEMBL3706089,1,0.24096385542168675,0.86041385,0.9524459855591209,0.24096385542168675,0.8654593,0.9474463977408557,0.24096385542168675,0.7185285,0.7530574434754309
HBEQHZQYKVYGEC,CHEMBL3639085,CHEMBL3705815,1,0.3411764705882353,0.9966084,0.9943396675127398,0.3411764705882353,0.9971853,0.9830198428451343,0.3411764705882353,0.9964477,0.9943747071589605
HBIMKBBGJXQGMY,CHEMBL3638592,CHEMBL3706089,1,0.23809523809523808,0.50639415,0.6460033937365585,0.23809523809523808,0.692033,0.9312885086718328,0.23809523809523808,0.5017028,0.9625876597738945
HBUWXCRVXVUSIE,CHEMBL3638592,CHEMBL3706089,1,0.2608695652173913,0.93249,0.5269087279604185,0.2608695652173913,0.9607591,0.7658815521362061,0.24731182795698925,0.9311743,0.9764856243077249
HBXOBFYWANCBAL,CHEMBL3638592,CHEMBL3706089,1,0.25263157894736843,0.95192003,0.3233883308904867,0.25263157894736843,0.9742954,0.4856672111164808,0.25263157894736843,0.9783844,0.7174931884286269
HBZAMXDYQYQHOT,CHEMBL3638592,CHEMBL3706089,1,0.27835051546391754,0.6374062,0.8422684930745132,0.24545454545454545,0.7431836,0.45489314614323745,0.24545454545454545,0.42455813,0.5186582838009475
HCGYTLSSUHSQGE,CHEMBL5726472,CHEMBL5732754,1,0.32222222222222224,0.98140496,0.9963595475046246,0.32222222222222224,0.986637,0.9910109538206495,0.32222222222222224,0.9761521,0.9916239396004435
HCOQQGLGLJQOHI,CHEMBL3638644,CHEMBL3705655,1,0.3018867924528302,0.93864286,0.977181015301563,0.5875,0.94747806,0.9534021994016316,0.5875,0.95944005,0.9916361940625168
HCUAPUXZDWBUPG,CHEMBL5725838,CHEMBL5731581,0,0.19767441860465115,0.6355848,0.9994392237782281,0.19767441860465115,0.6495676,0.9992229835972609,0.19767441860465115,0.7165051,0.9997526633755124
HDIJQWUAQYTOQE,CHEMBL4732196,CHEMBL4737601,1,0.22448979591836735,0.8794875,0.7836169696976867,0.22448979591836735,0.8086987,0.7247766353999183,0.22448979591836735,0.4700164,0.9919125908691774
HDJQPSZZAWLLJX,CHEMBL3585315,CHEMBL3587365,1,0.25301204819277107,0.9453298,0.5983911574946387,0.25301204819277107,0.93177986,0.6279997121357062,0.25301204819277107,0.9772134,0.9864286580910386
HDSMUPUIAQXKLB,CHEMBL4364276,CHEMBL4366252,1,0.20689655172413793,0.49187106,0.99767251496602,0.20689655172413793,0.4296144,0.9123184655723229,0.20689655172413793,0.049424354,0.9942636942032284
HEAPVQXBJLXZNH,CHEMBL3638644,CHEMBL3705655,1,0.41237113402061853,0.7924283,0.9948101175551549,0.41237113402061853,0.9212649,0.9918180943137224,0.41237113402061853,0.93312156,0.9981078580712338
HENGOSXRXDHGSQ,CHEMBL3352220,CHEMBL3371734,0,0.6153846153846154,0.9415724,0.9978936355732225,0.6153846153846154,0.88976693,0.9901934898329224,0.6153846153846154,0.93574274,0.9898788118424093
HEPQUAOIJVKVMV,CHEMBL3638592,CHEMBL3706089,1,0.27,0.99078584,0.989278230297289,0.30526315789473685,0.99509525,0.9837710085546812,0.30851063829787234,0.9976216,0.9986035902411204
HEVFJNSHEIITJA,CHEMBL3616407,CHEMBL3620381,1,0.22784810126582278,0.9593127,0.9998846946689243,0.22784810126582278,0.9301313,0.9992141169034617,0.22784810126582278,0.83673054,0.9998407148483901
HEXZJRXLBPGLGP,CHEMBL5729432,CHEMBL5738687,0,0.34782608695652173,0.62369776,0.9766997754834624,0.34782608695652173,0.6663846,0.9550880682548069,0.34782608695652173,0.68090284,0.9872029337906558
HFELRNZIXKMMLK,CHEMBL5726472,CHEMBL5732754,0,0.3076923076923077,0.9179022,0.9576446179048844,0.3076923076923077,0.9813959,0.9962334627341893,0.3076923076923077,0.9498641,0.9805222287251275
HFMILYGUZWGHPY,CHEMBL1255226,CHEMBL1261684,1,0.24561403508771928,0.9907663,0.841982011099515,0.25,0.976192,0.9969813511480765,0.25,0.9193364,0.6691916356500592
HFURPHLJXPRGKZ,CHEMBL3639211,CHEMBL3706278,1,0.1981981981981982,0.7477256,0.6688956507371558,0.1981981981981982,0.7517334,0.5153384641338142,0.18888888888888888,0.5826194,0.13874299603906987
HFWURBWYWBRJGG,CHEMBL3638644,CHEMBL3705655,1,0.35365853658536583,0.90465295,0.9978275582010634,0.5802469135802469,0.9431308,0.9942271151223748,0.5802469135802469,0.9302325,0.9905270217514243
HGBGJBHLOOHMDO,CHEMBL5108059,CHEMBL5112157,1,0.3625,0.9946467,0.9971697263872656,0.3625,0.9994493,0.9994920224530717,0.3625,0.99792284,0.9997937923997399
HGFHLLYMDRBZPO,CHEMBL3638644,CHEMBL3705655,1,0.33783783783783783,0.99192846,0.9994630576378319,0.375,0.99299955,0.9986526224118694,0.375,0.99170715,0.9995035052847318
HGJSZYYEKFUQPI,CHEMBL4819017,CHEMBL4820258,1,0.19047619047619047,0.98771244,0.3232991984983303,0.19047619047619047,0.9621143,0.8839149489378684,0.19047619047619047,0.94049215,0.34470384564286394
HGVNLRPZOWWDKD,CHEMBL3352433,CHEMBL3377242,1,0.38181818181818183,0.4135569,0.6626550242717913,0.38181818181818183,0.49014077,0.556116966232,0.38181818181818183,0.5571888,0.6209012482583319
HGXCSKULYCOCBJ,CHEMBL3638644,CHEMBL3705655,1,0.3829787234042553,0.8416161,0.9799304831850183,0.3888888888888889,0.9443355,0.9496738971052514,0.3888888888888889,0.95260435,0.9908645910884986
HHAPAAFKKUAWAI,CHEMBL5500428,CHEMBL5505639,0,0.24691358024691357,0.4290692,0.006202436728264667,0.24691358024691357,0.44930443,0.1160137302324765,0.24691358024691357,0.43301266,0.0542843305610522
HHJIPYQCCREESX,CHEMBL3639211,CHEMBL3706278,1,0.1978021978021978,0.8181957,0.9401551352744189,0.1978021978021978,0.80912733,0.9734300709231071,0.1978021978021978,0.8545523,0.9472882480429499
HHSFFHPGHVJQOE,CHEMBL1759974,CHEMBL1763481,0,0.30303030303030304,0.32772753,0.2709618841042503,0.30303030303030304,0.6235982,0.7311423430390978,0.30303030303030304,0.20914267,0.8526673271336138
HHSFFHPGHVJQOE,CHEMBL1759974,CHEMBL1763561,1,0.30303030303030304,0.32772753,0.2709618841042503,0.30303030303030304,0.6235982,0.7311423430390978,0.30303030303030304,0.20914267,0.8526673271336138
HHZIEIHPROHCFW,CHEMBL3734757,CHEMBL3738862,1,0.26595744680851063,0.939563,0.9957783055209066,0.27358490566037735,0.91832685,0.9999812352422199,0.27358490566037735,0.61436695,0.9999800377338058
HITSXFZCQCJNJN,CHEMBL3638592,CHEMBL3706089,1,0.25333333333333335,0.22063436,0.9389417870986178,0.25333333333333335,0.5390496,0.9409941551432562,0.25333333333333335,0.64051175,0.9885082963565667
HIUFWUFJGXYWGE,CHEMBL3639211,CHEMBL3706278,1,0.2222222222222222,0.8211537,0.6485589957789614,0.2222222222222222,0.7593714,0.9840186779185538,0.2222222222222222,0.85527396,0.9336294686056757
HJBUXSYRSZQEGF,CHEMBL5725838,CHEMBL5731581,0,0.21649484536082475,0.8136839,0.9997486480809649,0.21649484536082475,0.8500761,0.998198387707342,0.21649484536082475,0.8791468,0.9995226796351108
HJDCJWAEZLVBED,CHEMBL3638592,CHEMBL3706089,1,0.25287356321839083,0.9473719,0.9729588164934819,0.25287356321839083,0.9756894,0.9784179765559086,0.23595505617977527,0.9600283,0.9713604411862946
HJNCDQOOPBVXTQ,CHEMBL3638644,CHEMBL3705655,1,0.31868131868131866,0.8474809,0.9811684263676363,0.5764705882352941,0.9065387,0.9705193920767068,0.5764705882352941,0.8407815,0.37761992144346823
HJSSPYJVWLTYHG,CHEMBL3217752,CHEMBL3223610,1,0.2289156626506024,0.9294608,0.999123562672608,0.2289156626506024,0.97721237,0.9964211805355191,0.2289156626506024,0.90478617,0.9984740330203185
HKBAWZUANVEEQO,CHEMBL1773044,CHEMBL1777163,1,0.5526315789473685,0.9952181,0.9994085186876566,0.6031746031746031,0.99499834,0.9991241110013717,0.5526315789473685,0.99727327,0.99995362698465
HKBAWZUANVEEQO,CHEMBL1773044,CHEMBL1777165,1,0.5526315789473685,0.9952181,0.9994085186876566,0.6031746031746031,0.99499834,0.9991241110013717,0.5526315789473685,0.99727327,0.99995362698465
HKIKAPUSHMSFGF,CHEMBL3639133,CHEMBL3706375,1,0.26136363636363635,0.9718559,0.9796526435966435,0.25842696629213485,0.9583144,0.9771252097809583,0.26136363636363635,0.9700523,0.9998321281659346
HKOBLTPSROKNNY,CHEMBL5728119,CHEMBL5736109,0,0.3048780487804878,0.068135045,0.4602813775136652,0.31645569620253167,0.08699542,0.44245766573384715,0.3048780487804878,0.09632743,0.8977300744739546
HKTMUNBCYWINNX,CHEMBL3638541,CHEMBL3706289,0,0.25,0.98307526,0.9989755759218859,0.25,0.97297263,0.9892729756614035,0.25,0.91155565,0.9922455084692037
HKVAMNSJSFKALM,CHEMBL4622845,CHEMBL4623294,1,0.8727272727272727,0.99914014,0.998861456205868,0.8727272727272727,0.9983719,0.9986038062634698,0.8727272727272727,0.99697065,0.9993029984049189
HKVAMNSJSFKALM,CHEMBL5131375,CHEMBL5131804,1,0.8727272727272727,0.99914014,0.998861456205868,0.8727272727272727,0.9983719,0.9986038062634698,0.8727272727272727,0.99697065,0.9993029984049189
HKVAMNSJSFKALM,CHEMBL5376013,CHEMBL5380301,1,0.8727272727272727,0.99914014,0.998861456205868,0.8727272727272727,0.9983719,0.9986038062634698,0.8727272727272727,0.99697065,0.9993029984049189
HKVAMNSJSFKALM,CHEMBL5512615,CHEMBL5513493,1,0.8727272727272727,0.99914014,0.998861456205868,0.8727272727272727,0.9983719,0.9986038062634698,0.8727272727272727,0.99697065,0.9993029984049189
HLNCLUXPFQJSLM,CHEMBL3638592,CHEMBL3706089,1,0.2708333333333333,0.88800156,0.5522229460192614,0.24468085106382978,0.9521711,0.8822200038749414,0.2708333333333333,0.9744942,0.9796090670893833
HLXBXBHJRQZOKL,CHEMBL3639133,CHEMBL3706375,1,0.27835051546391754,0.95753205,0.9997466575766356,0.27835051546391754,0.90250033,0.986641361107086,0.27835051546391754,0.921009,0.9997150227704427
HMSOYXYBLZNHIF,CHEMBL5046253,CHEMBL5047787,1,0.711864406779661,0.9996075,0.9999886034005007,0.75,0.9998324,0.9999546865600267,0.75,0.9997538,0.9999440826499743
HNCDDGJTSXOQNV,CHEMBL1255226,CHEMBL1261684,1,0.3047619047619048,0.99470407,0.8342858085584086,0.3047619047619048,0.99249893,0.9572687807562357,0.3047619047619048,0.96159154,0.5199306120079492
HNEHJZKGHYOXGG,CHEMBL6087433,CHEMBL6088976,1,0.2978723404255319,0.9830231,0.9995554009503236,0.2978723404255319,0.992431,0.9996315530430177,0.2978723404255319,0.9960627,0.9999304459975936
HNEHJZKGHYOXGG,CHEMBL6087433,CHEMBL6088977,0,0.2978723404255319,0.9830231,0.9995554009503236,0.2978723404255319,0.992431,0.9996315530430177,0.2978723404255319,0.9960627,0.9999304459975936
HNHTUAGLVAAGBX,CHEMBL5726558,CHEMBL5732909,1,0.3,0.93973875,0.999095411337592,0.3146067415730337,0.9245804,0.9788962546422427,0.3146067415730337,0.9518775,0.9942250245255636
HNPXQTGZIJEDMB,CHEMBL4819087,CHEMBL4821861,0,0.18461538461538463,0.13300066,0.008795613239671306,0.18461538461538463,0.07962235,0.007425902896177233,0.18461538461538463,0.049637478,0.009985000027165056
HNTBJDRLVQNBKM,CHEMBL3639085,CHEMBL3705815,0,0.358974358974359,0.9862649,0.9959853839516072,0.358974358974359,0.98724735,0.9854689348372837,0.358974358974359,0.9941864,0.9987927157625508
HNVJNSWNDSIIMR,CHEMBL3734757,CHEMBL3738862,1,0.2808988764044944,0.95741916,0.996698940709269,0.2808988764044944,0.93780434,0.9999840956818343,0.2808988764044944,0.71018595,0.9999841373849836
HNWJIBREVXYDFW,CHEMBL4819017,CHEMBL4820258,1,0.2111111111111111,0.98840326,0.38899737454696315,0.2111111111111111,0.98183274,0.9101560097530446,0.2,0.97243035,0.3461984008478733
HNYLNYTXRPDFRA,CHEMBL3638592,CHEMBL3706089,1,0.22058823529411764,0.6757425,0.9939880843318237,0.22058823529411764,0.6264413,0.9974947906426874,0.22058823529411764,0.6049779,0.9997313673299084
HODBKAKOJZVOEF,CHEMBL3585315,CHEMBL3587365,1,0.34523809523809523,0.9864661,0.9997866260931627,0.34523809523809523,0.988794,0.9997861230861073,0.34523809523809523,0.996807,0.999715797498325
HOLZLKJUQNXYRK,CHEMBL4699485,CHEMBL4701746,0,0.45569620253164556,0.9544209,0.9886263664801553,0.45569620253164556,0.9924648,0.9975113281558233,0.45569620253164556,0.97928876,0.9990954162973622
HOMZOHHXRBSSCZ,CHEMBL3112582,CHEMBL3116931,1,0.19318181818181818,0.77873594,0.8568143932335706,0.19318181818181818,0.7827903,0.9968644442115953,0.19318181818181818,0.43522733,0.9972042182555841
HONRWORJJSIFBP,CHEMBL3638592,CHEMBL3706089,1,0.21739130434782608,0.53820133,0.9677995663973648,0.21739130434782608,0.4805782,0.9789499336780954,0.21739130434782608,0.3720223,0.9767790093564886
HOYCOTDZNCPAQI,CHEMBL5620391,CHEMBL5622307,1,0.3333333333333333,0.6190549,0.9493472921881586,0.3333333333333333,0.7079641,0.9456601082757424,0.3333333333333333,0.4775982,0.9918558808066673
HOZQURZJWIMNGH,CHEMBL3638644,CHEMBL3705655,1,0.3902439024390244,0.96208936,0.9993826023689576,0.3950617283950617,0.9587018,0.9507706507836228,0.3950617283950617,0.9681751,0.9962988311022418
HPFFUPAXSKPNNJ,CHEMBL3638592,CHEMBL3706089,1,0.22826086956521738,0.5108713,0.13197035258052361,0.22784810126582278,0.6631291,0.35115180101899524,0.22784810126582278,0.5443027,0.7925935275950222
HPGWLIYMCLODRN,CHEMBL3639211,CHEMBL3706278,1,0.19469026548672566,0.40512863,0.8166357802355068,0.19469026548672566,0.51722354,0.766930932314996,0.18181818181818182,0.23114039,0.034667620690868046
HPPPNFHAYDYKOO,CHEMBL3638592,CHEMBL3706089,1,0.26666666666666666,0.963401,0.846399762425396,0.2978723404255319,0.979397,0.7352351012330451,0.2978723404255319,0.98082525,0.9537059360086263
HPVMIGRBYIWORF,CHEMBL3779897,CHEMBL3784491,1,0.2765957446808511,0.9364861,0.9962478461683341,0.2765957446808511,0.93706,0.9999841004296434,0.2765957446808511,0.82692367,0.9999846378417446
HRRIWAIVLUGEOW,CHEMBL4049442,CHEMBL4051856,1,0.3625,0.7790214,0.9544778017512358,0.3950617283950617,0.8698894,0.8717945214822479,0.3950617283950617,0.9096651,0.862141494961177
HRZNYBHPZPGNIR,CHEMBL5244238,CHEMBL5245700,1,0.25,0.9358669,0.7756891980040805,0.25,0.8369005,0.8630489378824971,0.25,0.9015405,0.9102066028375018
HSBRQRGLOKBFEP,CHEMBL3352220,CHEMBL3371734,0,0.43661971830985913,0.91337174,0.9416279514090345,0.43661971830985913,0.86123455,0.8347376460890953,0.43661971830985913,0.84924537,0.778741300897392
HSJJSEHEYMTWQC,CHEMBL3638541,CHEMBL3706289,1,0.38202247191011235,0.98126316,0.9999217189008132,0.38202247191011235,0.9810277,0.9984290303362624,0.38202247191011235,0.9484476,0.999658515653628
HSPXGKKJQPZSAT,CHEMBL3638541,CHEMBL3706289,0,0.2755102040816326,0.994011,0.999731035506279,0.2755102040816326,0.9969819,0.9918741836963266,0.2755102040816326,0.989674,0.9993452134086803
HSWPXKIYDSDFCQ,CHEMBL5725838,CHEMBL5731581,0,0.18085106382978725,0.86795896,0.9999095934423016,0.18085106382978725,0.9244685,0.9996077085239238,0.18085106382978725,0.8706866,0.9996773881604717
HSXZNRREUGFJPS,CHEMBL1255226,CHEMBL1261684,1,0.2608695652173913,0.57531625,0.14676198599928145,0.2608695652173913,0.50351316,0.9601707669670225,0.25,0.5208171,0.36715775055924577
HTQDGBRDNHEJRY,CHEMBL3638592,CHEMBL3706089,1,0.26666666666666666,0.9222152,0.9289621478177041,0.26666666666666666,0.93626213,0.8917068527828687,0.26666666666666666,0.8920187,0.9649688936934838
HUPBXWSROPKOFE,CHEMBL3638644,CHEMBL3705655,1,0.35555555555555557,0.773656,0.9333345815256553,0.3764705882352941,0.79894656,0.595511057522496,0.3764705882352941,0.89553213,0.970799209020468
HUZVARWZIFWJRG,CHEMBL3638541,CHEMBL3706289,1,0.2608695652173913,0.9277258,0.9966047306428741,0.2608695652173913,0.9594301,0.9833190171956131,0.24731182795698925,0.9162038,0.9972601374061795
HVDDYRBUYWLIJP,CHEMBL3112582,CHEMBL3116931,1,0.21428571428571427,0.9130729,0.9991438501826422,0.21978021978021978,0.93988025,0.9997724979287064,0.21978021978021978,0.94512284,0.9990307678778371
HVHXVVUKAUQJTK,CHEMBL3638644,CHEMBL3705655,1,0.32673267326732675,0.94488716,0.9954033174792452,0.43373493975903615,0.97553265,0.9931406125515555,0.43373493975903615,0.980732,0.9971134167153247
HVUMQCSYOZEBQM,CHEMBL3639211,CHEMBL3706278,1,0.21296296296296297,0.8991118,0.4386262906785064,0.21296296296296297,0.85807085,0.9008165394529404,0.21296296296296297,0.8617237,0.8949732837926384
HVYJBSUHDFURHA,CHEMBL4390691,CHEMBL4392573,1,0.2717391304347826,0.67589784,0.07158682943104121,0.2717391304347826,0.647277,0.9207446019369443,0.2717391304347826,0.28951034,0.17474915718912673
HWDAPNZBEKEDCW,CHEMBL3638592,CHEMBL3706089,1,0.2604166666666667,0.9599074,0.8923789623102008,0.2604166666666667,0.96458167,0.9563106653347169,0.2604166666666667,0.88913035,0.9733803699059301
HWDILVAIJFIDFO,CHEMBL3638541,CHEMBL3706289,1,0.3707865168539326,0.9809687,0.9973706370739955,0.3707865168539326,0.9789453,0.9938827261010484,0.3707865168539326,0.95662475,0.9980695146831481
HWMJJIJRAKNKJM,CHEMBL4251704,CHEMBL4255944,1,0.2127659574468085,0.7937214,0.9710645254647269,0.2127659574468085,0.86357474,0.9970227179116077,0.2127659574468085,0.645492,0.9989950782682081
HWOJLIJMFYOHHO,CHEMBL3779897,CHEMBL3784491,1,0.2736842105263158,0.91462463,0.9965209602407148,0.2803738317757009,0.88504845,0.9999791739836306,0.2803738317757009,0.41073474,0.9999806519643554
HWOVELPBGMINRA,CHEMBL3639211,CHEMBL3706278,1,0.23,0.8197471,0.6935377013906475,0.23,0.86772776,0.9829194883096685,0.23,0.8777078,0.9938815124865964
HWYQOUOQSBJDQJ,CHEMBL3638592,CHEMBL3706089,1,0.24074074074074073,0.9146326,0.9715482075722759,0.24074074074074073,0.9676715,0.9647820028771948,0.23148148148148148,0.9326705,0.982470199563819
HXCFIPNJPNBZPF,CHEMBL4138149,CHEMBL4141549,1,0.5645161290322581,0.9962388,0.999869676793168,0.5645161290322581,0.9969254,0.9999796690485598,0.5238095238095238,0.9861639,0.9999544876144327
HXEFODVSWFNXBR,CHEMBL3639211,CHEMBL3706278,1,0.20588235294117646,0.84257513,0.6755339988917837,0.20588235294117646,0.88351625,0.9894761904686113,0.20588235294117646,0.9048109,0.9782563131071714
HXIMOOZRCPTJDQ,CHEMBL4837246,CHEMBL4839366,1,0.24390243902439024,0.88241196,0.9785894364450025,0.24390243902439024,0.6488935,0.9375401199863076,0.20454545454545456,0.47222182,0.4677694398680679
HXOGYTDHOXWLMN,CHEMBL3638997,CHEMBL3705850,1,0.23255813953488372,0.6345078,0.6371327351195933,0.23255813953488372,0.7216414,0.8960313477123812,0.21875,0.7024621,0.9743429372835484
HYGSGMPPPCUXCU,CHEMBL3638644,CHEMBL3705655,1,0.35106382978723405,0.83780223,0.9366425855799931,0.38636363636363635,0.87759286,0.7385181062941746,0.38636363636363635,0.89716685,0.9723901853007261
HYSFHTXNKQSESE,CHEMBL4837246,CHEMBL4839366,0,0.2261904761904762,0.9837716,0.9958863381835081,0.2261904761904762,0.9549958,0.9982209409533763,0.2111111111111111,0.96586955,0.9980188856283193
HYYDYXKGKDQGAW,CHEMBL5725838,CHEMBL5731581,0,0.19767441860465115,0.7970642,0.9998545045429831,0.19767441860465115,0.85730326,0.9994554633410804,0.19767441860465115,0.8361366,0.9995638836494809
HYZYSGLUTRQYAS,CHEMBL3638592,CHEMBL3706089,1,0.2840909090909091,0.96709085,0.7103866998792439,0.2840909090909091,0.98264647,0.6138070945548472,0.2696629213483146,0.9805495,0.9314547871868245
HZAXKWMLRSDSIT,CHEMBL3112582,CHEMBL3116931,1,0.21505376344086022,0.9422354,0.9992492092947524,0.22105263157894736,0.9848128,0.9994304872724573,0.22105263157894736,0.9468938,0.9988635967427126
HZFUJVGFYOVEHB,CHEMBL3638592,CHEMBL3706089,1,0.2631578947368421,0.9813184,0.9986905775129518,0.28125,0.9916025,0.9979668649722432,0.28421052631578947,0.9948959,0.9991017538062114
IABJDBIHTLJBIQ,CHEMBL3639211,CHEMBL3706278,1,0.18032786885245902,0.85307646,0.7701314165749017,0.18032786885245902,0.9108055,0.6553753718815445,0.18032786885245902,0.82134616,0.21646268289820703
IALRWBVWFOLIOL,CHEMBL3638592,CHEMBL3706089,1,0.21212121212121213,0.80211705,0.835841526992391,0.21,0.86545545,0.8706352621098418,0.21212121212121213,0.81026495,0.9876165089643538
IAMCMKDUHJZFLO,CHEMBL3638592,CHEMBL3706089,1,0.26851851851851855,0.3268433,0.427985475703315,0.26851851851851855,0.64461756,0.7747516271914745,0.26851851851851855,0.5671326,0.8979697204200427
IASLHKLFLBQYOT,CHEMBL3638592,CHEMBL3706089,1,0.23157894736842105,0.9343861,0.9882335217042998,0.23157894736842105,0.9642838,0.9933189803640732,0.23157894736842105,0.96086943,0.9953634198936678
IBDOLORWEIAEQS,CHEMBL4020805,CHEMBL4022584,1,0.5058823529411764,0.9992901,0.9999190750852286,0.5058823529411764,0.9984511,0.9999806274603086,0.4852941176470588,0.9976507,0.9999867189660805
IBHHJGZOOHWZKC,CHEMBL3585315,CHEMBL3587365,1,0.2625,0.96756524,0.2848833056719784,0.2625,0.9801301,0.6753027436766985,0.2625,0.9877636,0.9736158750097863
IBIQSKXQZPIHHJ,CHEMBL4020805,CHEMBL4022584,1,0.47619047619047616,0.9997911,0.9998949629386648,0.4642857142857143,0.9994506,0.9999925383972079,0.47619047619047616,0.9989981,0.9999885754814455
IBOLTRQOWRWDPJ,CHEMBL1255226,CHEMBL1261684,1,0.24271844660194175,0.86544585,0.3665861368819783,0.24347826086956523,0.9332548,0.9962779746053592,0.24347826086956523,0.8049129,0.5190180111956809
IBPWEFNWIGMUKB,CHEMBL5726558,CHEMBL5732909,1,0.40625,0.7076023,0.9983836237204715,0.40625,0.6683324,0.9715207391499999,0.40625,0.6945371,0.9390970814729535
IBSJBEZUWZZXIZ,CHEMBL5046253,CHEMBL5047787,1,0.640625,0.9993055,0.9999888201796261,0.6923076923076923,0.9996222,0.9999618683258751,0.6923076923076923,0.9993968,0.9999808111351035
IBVMYUGZTVTTJS,CHEMBL3639163,CHEMBL3705287,1,0.18604651162790697,0.26658368,0.9659080536189381,0.18604651162790697,0.22167218,0.9817709764958034,0.18604651162790697,0.027110724,0.9953494525412785
ICHULAQXXRJIJW,CHEMBL3638592,CHEMBL3706089,1,0.23655913978494625,0.8917365,0.7684221678557822,0.23655913978494625,0.9354792,0.817934946140503,0.23655913978494625,0.8853842,0.958794645490132
ICIFLXODBNVXAN,CHEMBL3638997,CHEMBL3705850,1,0.2976190476190476,0.5813149,0.18939984974932844,0.2976190476190476,0.77564734,0.6724095773801485,0.2976190476190476,0.75565195,0.980828722437194
ICQXQTCLOBXATA,CHEMBL4732196,CHEMBL4737601,1,0.2903225806451613,0.913672,0.9925184513527808,0.2903225806451613,0.84384054,0.8643094914977172,0.2903225806451613,0.6520367,0.9978314819122518
ICRXRYHIZSEOTH,CHEMBL4411315,CHEMBL4413545,1,0.5421686746987951,0.9990884,0.9992549872226058,0.5421686746987951,0.99830425,0.9998565900798578,0.5113636363636364,0.9974843,0.99987916109897
ICVCYWDWDXHOQA,CHEMBL3779897,CHEMBL3784491,1,0.2894736842105263,0.97606725,0.9990071426807801,0.2894736842105263,0.98323697,0.9999854568509218,0.2894736842105263,0.8803751,0.9999824632887367
ICYULYLAJKEABT,CHEMBL3638644,CHEMBL3705655,1,0.3875,0.8792044,0.9615249193191925,0.3875,0.6963745,0.8789575158888329,0.3875,0.7620381,0.9834167460419462
IDDGBSMMVIQCFB,CHEMBL3639085,CHEMBL3705815,0,0.43373493975903615,0.3172879,0.8368628070166871,0.43373493975903615,0.53109336,0.534566359904568,0.43373493975903615,0.603356,0.9469471553511224
IDFNAKGDSYLTBM,CHEMBL3638592,CHEMBL3706089,1,0.26744186046511625,0.68424815,0.7474218014132344,0.26744186046511625,0.78796875,0.8942728864396979,0.2558139534883721,0.9035536,0.984857939647965
IDJOEEXNROJYDN,CHEMBL3638592,CHEMBL3706089,1,0.22916666666666666,0.7672706,0.5462698418473448,0.22916666666666666,0.8690927,0.8586725196227062,0.22916666666666666,0.80407786,0.8983289567514605
IDSGZHKCQBRAEY,CHEMBL5046253,CHEMBL5047787,1,0.575,0.9997589,0.9999920668375607,0.575,0.99987006,0.9999798522677741,0.575,0.9997429,0.9999923546142722
IDWMXJJHQVLJMU,CHEMBL3638644,CHEMBL3705655,1,0.3717948717948718,0.9965346,0.9966844005655666,0.4050632911392405,0.99866223,0.9992132457786278,0.4050632911392405,0.9984505,0.9998527432941907
IEDGFXCUFJCEAP,CHEMBL4145625,CHEMBL4150392,1,0.2268041237113402,0.61844844,0.9863783307684965,0.2268041237113402,0.6102897,0.9803772967818388,0.2268041237113402,0.4288039,0.9895572977406502
IEEZPCDISDDNHG,CHEMBL3639085,CHEMBL3705815,1,0.4230769230769231,0.90875375,0.97103352293978,0.4230769230769231,0.9594065,0.991531371437243,0.4230769230769231,0.9598076,0.9988554399139069
IENMWFAIHIXNBY,CHEMBL3638644,CHEMBL3705655,1,0.35106382978723405,0.98415977,0.9973086565274908,0.36470588235294116,0.9910665,0.9973763610303973,0.36470588235294116,0.98246807,0.9993389790653249
IESJNOLDTXKVKQ,CHEMBL4706478,CHEMBL4707201,1,0.5,0.97033226,0.4538231562831185,0.5,0.9847083,0.8598383791322631,0.5,0.9911862,0.9619242497450462
IEZDVYOLWVMSLW,CHEMBL6087433,CHEMBL6088976,1,0.2803738317757009,0.98509914,0.9994342655502049,0.2803738317757009,0.9902137,0.9980898856359612,0.27102803738317754,0.99455994,0.9994123251493152
IEZDVYOLWVMSLW,CHEMBL6087433,CHEMBL6088977,0,0.2803738317757009,0.98509914,0.9994342655502049,0.2803738317757009,0.9902137,0.9980898856359612,0.27102803738317754,0.99455994,0.9994123251493152
IFPHRQQBRZZIOQ,CHEMBL4017506,CHEMBL4019299,1,0.4,0.93921286,0.3008254049666245,0.4,0.9463616,0.3611922348773671,0.4,0.9564895,0.9586037042035536
IGEMXXAPAKUCDH,CHEMBL3638592,CHEMBL3706089,1,0.2553191489361702,0.834549,0.6048556562385385,0.24175824175824176,0.84809226,0.8848511160431118,0.2553191489361702,0.8833276,0.9901947783339146
IGHVMJAKQZDMAP,CHEMBL3639211,CHEMBL3706278,1,0.20512820512820512,0.48455936,0.8141897722395088,0.20512820512820512,0.6391578,0.9243414960694393,0.20512820512820512,0.6077236,0.9002510719339135
IHCVPLCAIWFKAI,CHEMBL3585315,CHEMBL3587365,1,0.2625,0.9861303,0.3700216656088356,0.2625,0.9867784,0.7551269128318152,0.2625,0.9916249,0.9911822308150433
IHVAMMVRATWGQU,CHEMBL4364276,CHEMBL4366252,1,0.20224719101123595,0.66890985,0.9986740550761043,0.20224719101123595,0.40888453,0.9520492851690942,0.20224719101123595,0.1463772,0.997180684096682
IHWMYZQUTPMTII,CHEMBL3576869,CHEMBL3579762,1,0.19101123595505617,0.3485402,0.7227067080472473,0.19101123595505617,0.34055123,0.9924742802500107,0.19101123595505617,0.115638636,0.9964753082939001
IICNWQTVBNJGKW,CHEMBL4842397,CHEMBL4845571,0,0.19791666666666666,0.97572577,0.01245982144917831,0.19791666666666666,0.9752586,0.6553106783006096,0.19791666666666666,0.9530703,0.3655988821688561
IIESYNOIUJVTSG,CHEMBL6087433,CHEMBL6088976,0,0.2826086956521739,0.9914151,0.9863517673497473,0.2808988764044944,0.99394715,0.9794180790524427,0.2826086956521739,0.9956215,0.9999061750934204
IIESYNOIUJVTSG,CHEMBL6087433,CHEMBL6088977,0,0.2826086956521739,0.9914151,0.9863517673497473,0.2808988764044944,0.99394715,0.9794180790524427,0.2826086956521739,0.9956215,0.9999061750934204
IIHZZCJOWMAYFA,CHEMBL3638592,CHEMBL3706089,1,0.2289156626506024,0.8544555,0.9233933095804466,0.2289156626506024,0.9090602,0.9767478313300589,0.2289156626506024,0.91268736,0.9941044748883141
IJEDYDGSAXSVPY,CHEMBL5523766,CHEMBL5527389,1,0.336734693877551,0.9913874,0.9996339689084811,0.336734693877551,0.99526066,0.9989371046821383,0.32653061224489793,0.9954064,0.9999643571740701
IJLKCAVGLBUJSZ,CHEMBL3638997,CHEMBL3705850,1,0.34285714285714286,0.70827055,0.5218088397024697,0.34285714285714286,0.7552103,0.35476468111692167,0.29850746268656714,0.84373075,0.8173777521366846
IJZAFFDTRQCOHY,CHEMBL3638644,CHEMBL3705655,1,0.34285714285714286,0.78970957,0.9820677172037777,0.5116279069767442,0.9060611,0.8867466523277856,0.5116279069767442,0.87845623,0.9462647309083136
IKDMSSBOWOEFJJ,CHEMBL5726558,CHEMBL5732909,1,0.32653061224489793,0.9918385,0.9994895319536204,0.5119047619047619,0.98964417,0.9989956142857519,0.5119047619047619,0.98812616,0.9991190282701002
IKMZBKGFXVMTRE,CHEMBL3638541,CHEMBL3706289,0,0.3026315789473684,0.9855751,0.9998604497668098,0.3026315789473684,0.97650266,0.9885936943082112,0.29577464788732394,0.9516207,0.9933529320255591
IKUIGBXUTOOMRZ,CHEMBL4819017,CHEMBL4820258,1,0.18691588785046728,0.9893708,0.5484062976803193,0.18691588785046728,0.98758125,0.99903220679767,0.18691588785046728,0.9724688,0.9795878942867781
IKWPFPOESQVNPF,CHEMBL3638644,CHEMBL3705655,1,0.3191489361702128,0.8984011,0.974081571847257,0.3974358974358974,0.9242359,0.7236295808508357,0.3974358974358974,0.9523526,0.9854555707490151
IKXDAOOCMWHQNH,CHEMBL3638592,CHEMBL3706089,1,0.23863636363636365,0.30104634,0.8729483078369802,0.2619047619047619,0.43797985,0.6811677017921295,0.2619047619047619,0.5185673,0.9125830722199053
ILBRKJBKDGCSCB,CHEMBL4477207,CHEMBL4478189,0,0.25675675675675674,0.8556474,0.8337239769549333,0.25675675675675674,0.72721577,0.9144014155009459,0.24324324324324326,0.6769196,0.9689435871722931
ILIPBBZWUOMRBX,CHEMBL5376013,CHEMBL5380301,1,0.3835616438356164,0.15932706,0.31132244485499766,0.3835616438356164,0.19474539,0.04295005926739254,0.3835616438356164,0.10435891,0.01229084659833649
ILIPBBZWUOMRBX,CHEMBL5376013,CHEMBL5380312,1,0.3835616438356164,0.15932706,0.31132244485499766,0.3835616438356164,0.19474539,0.04295005926739254,0.3835616438356164,0.10435891,0.01229084659833649
ILKWBAFOIJQVMU,CHEMBL5321234,CHEMBL5322998,1,0.27,0.85233474,0.998702977291848,0.27,0.9246641,0.9985865754288801,0.27,0.9232939,0.9998461247610976
ILRUAOFGPQJJGW,CHEMBL3638644,CHEMBL3705655,1,0.2962962962962963,0.95346427,0.985738709384923,0.6329113924050633,0.9545085,0.9665848893601503,0.6329113924050633,0.96742177,0.9951766724593113
ILXFYIOJPFUYGX,CHEMBL5727131,CHEMBL5734082,1,0.18627450980392157,0.9185075,0.3832639899925534,0.17857142857142858,0.8929307,0.9884657628390396,0.18627450980392157,0.47128955,0.672586370837398
ILXLCKISHCNPHF,CHEMBL5500428,CHEMBL5505639,0,0.20588235294117646,0.040462825,0.00535164465066616,0.20588235294117646,0.071307085,0.040834376440881115,0.2,0.109574065,0.017381808828436037
IMGFBILKPFQSFH,CHEMBL4052688,CHEMBL4056088,1,0.4387755102040816,0.9658328,0.9999602865563607,0.4387755102040816,0.9937115,0.9998913035353865,0.4387755102040816,0.99007165,0.9999594545787016
IMHVWKMGNNGYDL,CHEMBL3638592,CHEMBL3706089,1,0.21978021978021978,0.94348925,0.7784636879603105,0.21978021978021978,0.966859,0.8509956290689289,0.20689655172413793,0.9282083,0.7146659802358063
IMLFYVBAKGAECZ,CHEMBL3638541,CHEMBL3706289,1,0.26506024096385544,0.826909,0.9981841063603565,0.26506024096385544,0.8999558,0.9947049182832515,0.2441860465116279,0.74338216,0.9970199366551866
IMQFYPPZERHFEL,CHEMBL3639133,CHEMBL3706375,1,0.24719101123595505,0.4225108,0.9850936321735425,0.24719101123595505,0.4714762,0.9979520935079568,0.24719101123595505,0.62805575,0.9996681090808434
IMTGROPFAUHZKC,CHEMBL4052688,CHEMBL4056088,1,0.4777777777777778,0.983669,0.9999571096760519,0.4777777777777778,0.9939037,0.9990122647964584,0.4777777777777778,0.99414647,0.9999505244572119
IMWDNDGMPMCVGY,CHEMBL3638592,CHEMBL3706089,1,0.24691358024691357,0.7007605,0.7703600862111255,0.24691358024691357,0.6873794,0.9707082108602995,0.24691358024691357,0.47425526,0.9862930251400536
INEIVDFDZVKVFY,CHEMBL3638644,CHEMBL3705655,1,0.33980582524271846,0.8119829,0.9673131666773627,0.42696629213483145,0.94084406,0.9641534582971705,0.42696629213483145,0.8430552,0.9953138981753634
INQOBFQVTKLMEY,CHEMBL3638644,CHEMBL3705655,1,0.29245283018867924,0.78786695,0.871550590953686,0.5180722891566265,0.88683325,0.5954459001130546,0.5180722891566265,0.86524755,0.8920636676872162
INRBQHKQYHWDGE,CHEMBL3639133,CHEMBL3706375,1,0.25,0.85269684,0.8768411148724761,0.24761904761904763,0.8159533,0.8619239417662509,0.25,0.8365726,0.978520746261119
INVXZIIHCKLVCZ,CHEMBL3638592,CHEMBL3706089,1,0.27956989247311825,0.9543254,0.9928727421940893,0.27956989247311825,0.97485685,0.9873690684236435,0.27956989247311825,0.98122597,0.998514282799629
INWGVYSTIZYFCO,CHEMBL5729706,CHEMBL5739310,1,0.15625,0.016659431,0.05479601275967177,0.15625,0.024787622,0.14498761443041513,0.16049382716049382,0.009274942,0.051961482228886906
IOCUXYHFATZXGP,CHEMBL3639211,CHEMBL3706278,1,0.211864406779661,0.5168589,0.38848071527883293,0.211864406779661,0.8018567,0.698663404956443,0.2,0.5503943,0.22490514968114486
IOWVRIYKSLICNE,CHEMBL3769354,CHEMBL3772928,1,0.463768115942029,0.99918824,0.9999851656181222,0.463768115942029,0.9977368,0.9999149092309056,0.463768115942029,0.9946741,0.9999088623894444
IOYMOANGBJUQON,CHEMBL3352452,CHEMBL3379685,0,0.23595505617977527,0.9693814,0.992508082428697,0.23595505617977527,0.98944455,0.9982534763117287,0.23595505617977527,0.969736,0.9994909582470953
IOYMOANGBJUQON,CHEMBL3638541,CHEMBL3706289,0,0.23595505617977527,0.9693814,0.992508082428697,0.23595505617977527,0.98944455,0.9982534763117287,0.23595505617977527,0.969736,0.9994909582470953
IPAWIEAHHPWPAU,CHEMBL4196123,CHEMBL4199839,0,0.313953488372093,0.9000637,0.9761591033892779,0.313953488372093,0.91477484,0.9620749288972044,0.313953488372093,0.93958473,0.9996077925158179
IPJAFJNXEKNDFO,CHEMBL4049442,CHEMBL4051856,1,0.3974358974358974,0.8639542,0.9476794826404388,0.3974358974358974,0.89799166,0.5778797872449746,0.3974358974358974,0.9206725,0.8509293095142229
IPNCMKXSLBXHJU,CHEMBL5620391,CHEMBL5622307,1,0.2079207920792079,0.7335472,0.8099261014321268,0.2079207920792079,0.78447205,0.9385204593958877,0.1919191919191919,0.35050616,0.993827255877746
IPQHUWHABHOECT,CHEMBL3638592,CHEMBL3706089,1,0.20588235294117646,0.863433,0.876983820430495,0.20224719101123595,0.9112511,0.9463935406645176,0.20224719101123595,0.84739596,0.9823771391155488
IPZAMJYKUJQWJY,CHEMBL3638592,CHEMBL3706089,1,0.21666666666666667,0.84823084,0.9789090353601405,0.21666666666666667,0.9217567,0.9948583389732929,0.20588235294117646,0.836442,0.9995825859881924
IQDZSXUTOSUUCM,CHEMBL3638592,CHEMBL3706089,1,0.23404255319148937,0.8895617,0.9291648722264448,0.23469387755102042,0.93177795,0.957852966005313,0.23404255319148937,0.91283405,0.989521558407031
IQFTVSCKLJYHMJ,CHEMBL5046253,CHEMBL5047787,1,0.5606060606060606,0.9995528,0.9999801670374491,0.5675675675675675,0.99971503,0.9999170811842939,0.5753424657534246,0.9994685,0.9999742178384806
IQQFBYZQRFBXSX,CHEMBL3638644,CHEMBL3705655,1,0.29906542056074764,0.82060057,0.9864342364705563,0.5952380952380952,0.89410865,0.9211798179142132,0.5952380952380952,0.92636454,0.9872292199889962
IQVHWXWKBBPMDF,CHEMBL3639211,CHEMBL3706278,1,0.2,0.96879447,0.9849908166995411,0.2,0.9796341,0.9620905005973223,0.2,0.9370334,0.9474401461643172
IRDNXTRKLOCKPG,CHEMBL5108059,CHEMBL5112157,1,0.22988505747126436,0.9797117,0.9292133871841347,0.2875,0.99835485,0.9981165482960819,0.2875,0.9883382,0.9997887991149073
IRINDVKZILNGEL,CHEMBL3638592,CHEMBL3706089,1,0.24468085106382978,0.5303486,0.8323270559352819,0.24468085106382978,0.6619095,0.9648265101776506,0.24468085106382978,0.63640743,0.9870928813131474
IRMUOOFUNYZJHC,CHEMBL3638592,CHEMBL3706089,1,0.23711340206185566,0.8749188,0.9888954254201671,0.23711340206185566,0.89830345,0.9858890716525502,0.23711340206185566,0.8065766,0.9994757518304827
IRTDIKMSKMREGO,CHEMBL5465560,CHEMBL5468047,0,0.43283582089552236,0.6805051,0.6494716229727004,0.43283582089552236,0.7142173,0.5998668195748954,0.43283582089552236,0.8007496,0.889996620453127
IRTDIKMSKMREGO,CHEMBL5678808,CHEMBL5682785,0,0.43283582089552236,0.6805051,0.6494716229727004,0.43283582089552236,0.7142173,0.5998668195748954,0.43283582089552236,0.8007496,0.889996620453127
ISIOGRVXKGDUFP,CHEMBL4837246,CHEMBL4839366,1,0.2261904761904762,0.8839833,0.9596827079102456,0.2261904761904762,0.7357479,0.9167589084843745,0.2235294117647059,0.6460942,0.6591797832576555
ISOZCNIBAGADHL,CHEMBL5137017,CHEMBL5138978,0,0.3382352941176471,0.9332467,0.9530351103301514,0.3382352941176471,0.9269387,0.9941275829469612,0.3382352941176471,0.8878932,0.776982580483996
ISTCFQQWAZNYMD,CHEMBL3638592,CHEMBL3706089,1,0.24731182795698925,0.9822611,0.9827211250250177,0.24731182795698925,0.98804504,0.993160945545415,0.24731182795698925,0.98606306,0.9883195451760993
ISVITAOPPNXOER,CHEMBL3638592,CHEMBL3706089,1,0.21666666666666667,0.6720916,0.9879483016013599,0.21666666666666667,0.78990823,0.9989522865043627,0.21568627450980393,0.61154145,0.999646777578342
ISYUAVRASKVJPG,CHEMBL3638592,CHEMBL3706089,1,0.25,0.75340515,0.40113563944409264,0.25,0.88921964,0.42970738909035916,0.25,0.81762505,0.7660615660837995
ITAPHKIBLBNPGZ,CHEMBL3638592,CHEMBL3706089,1,0.22727272727272727,0.36347422,0.887395092780032,0.22727272727272727,0.59023786,0.976775913784919,0.22727272727272727,0.5816989,0.9643315922490374
ITAWTJFBZHOFIU,CHEMBL5725460,CHEMBL5730847,1,0.2222222222222222,0.9986082,0.9880490184061811,0.2222222222222222,0.9986236,0.9998661606765169,0.2222222222222222,0.99809855,0.999906000111023
IUWXWNIXVWRNLI,CHEMBL1255226,CHEMBL1261684,1,0.22916666666666666,0.6995809,0.34702174589730456,0.24074074074074073,0.63453114,0.9811271805994418,0.24074074074074073,0.19417916,0.3841703561677734
IVIFHQYABOIIEM,CHEMBL4765397,CHEMBL4772815,0,0.5135135135135135,0.99988735,0.9999825454033442,0.4810126582278481,0.99987173,0.999912201449618,0.5135135135135135,0.9998771,0.9999785271199504
IVKKCJGVURSPCR,CHEMBL2057167,CHEMBL2060320,0,0.3541666666666667,0.89715135,0.8652490458795827,0.3541666666666667,0.92293215,0.9891952960269833,0.3541666666666667,0.9255324,0.9687798296525144
IVMCXWURNWKEPG,CHEMBL4049442,CHEMBL4051856,1,0.37681159420289856,0.9321961,0.8067133171511052,0.37681159420289856,0.8609942,0.5064900578363666,0.37681159420289856,0.94941044,0.9938753896570811
IWGYKKQUKQZOMH,CHEMBL3108735,CHEMBL3112126,1,0.5454545454545454,0.98511446,0.9999745596861311,0.5454545454545454,0.94178575,0.9996191885248701,0.5454545454545454,0.9692411,0.9998935737594243
IWIHZDXCNSYBLL,CHEMBL3638592,CHEMBL3706089,1,0.32608695652173914,0.9895236,0.9968184028166305,0.35294117647058826,0.98734236,0.9683328111951423,0.35714285714285715,0.99131525,0.9986619063408977
IWIVDZGAEMRWOA,CHEMBL3638644,CHEMBL3705655,1,0.33695652173913043,0.87056154,0.9823589052494129,0.4069767441860465,0.91722304,0.8824170619492795,0.4069767441860465,0.8337918,0.9892646895436392
IWTMLEDJYRASBF,CHEMBL4819087,CHEMBL4821861,0,0.175,0.06920844,0.08736087571643704,0.175,0.048412833,0.009132778798892857,0.175,0.02864861,0.0071738796615845755
IWWZJMKINULDRT,CHEMBL5725460,CHEMBL5730847,1,0.25842696629213485,0.9537668,0.24307636055450185,0.2558139534883721,0.91891676,0.9767683964887869,0.25842696629213485,0.9153107,0.5665506543943808
IXSQTDIQFDKYIS,CHEMBL4000150,CHEMBL4000385,1,0.2403846153846154,0.9092078,0.9184600638225614,0.2403846153846154,0.89725024,0.90428111859457,0.2403846153846154,0.8658652,0.9976285783543853
IXTBKGBJNGTKQS,CHEMBL4706478,CHEMBL4707201,1,0.4473684210526316,0.95436656,0.3567282931563521,0.4473684210526316,0.9623015,0.36595030679256474,0.38202247191011235,0.96170044,0.05529393729210494
IYCRWJJTMZZXBZ,CHEMBL3639133,CHEMBL3706375,1,0.20253164556962025,0.6767589,0.995609952448754,0.20253164556962025,0.4760169,0.9866479790857089,0.20253164556962025,0.41757894,0.9997643700758965
IYLUTGGFOBAIJV,CHEMBL3638592,CHEMBL3706089,1,0.23076923076923078,0.9645323,0.9851109723660905,0.23076923076923078,0.98062634,0.9819459147014311,0.23076923076923078,0.95020735,0.9860165152255626
IYNZEXDVRAZUPW,CHEMBL3616407,CHEMBL3620381,1,0.20212765957446807,0.92448515,0.5164228075737798,0.20212765957446807,0.94370925,0.551502275176949,0.20212765957446807,0.7949358,0.7461078900973551
IYXBJBRDVILHRX,CHEMBL3638592,CHEMBL3706089,1,0.3157894736842105,0.5067572,0.05331057845754982,0.23157894736842105,0.88347113,0.047524842073679255,0.24210526315789474,0.84531254,0.03956509777551932
IZBOSUKBYZAVDW,CHEMBL5543164,CHEMBL5548923,1,0.6607142857142857,0.99684864,0.9998670469661295,0.6607142857142857,0.99734914,0.9999783294768648,0.6607142857142857,0.99712,0.9999640061469508
IZLPVLBNRGPOHA,CHEMBL4431376,CHEMBL4432845,1,0.5647058823529412,0.99856937,0.9999871082939339,0.5647058823529412,0.9994436,0.9999790000790276,0.5647058823529412,0.99961615,0.9999913622577263
IZLPVLBNRGPOHA,CHEMBL5244238,CHEMBL5245700,1,0.5647058823529412,0.99856937,0.9999871082939339,0.5647058823529412,0.9994436,0.9999790000790276,0.5647058823529412,0.99961615,0.9999913622577263
IZWIFMQEPATGIB,CHEMBL3638592,CHEMBL3706089,1,0.22340425531914893,0.31695437,0.7775895102230141,0.22340425531914893,0.62526447,0.8003764089746925,0.22340425531914893,0.36424553,0.7346089241236883
JAHCOPWGKWTXIY,CHEMBL3638997,CHEMBL3705850,1,0.24390243902439024,0.6646345,0.26852954648764765,0.24390243902439024,0.68988156,0.5618609443294974,0.24390243902439024,0.72701627,0.9789674941390041
JAVTYZNOYIDUSP,CHEMBL4819087,CHEMBL4821861,1,0.20253164556962025,0.29428712,0.04440021934119226,0.20253164556962025,0.4782188,0.06166176049749245,0.20253164556962025,0.2807893,0.0016783230680132515
JAXNYWPAXUSWOH,CHEMBL3638592,CHEMBL3706089,1,0.23404255319148937,0.97729343,0.8976202787199675,0.23404255319148937,0.9810858,0.9079460673260051,0.23404255319148937,0.9507005,0.9091538513426919
JBCFMJUKWOMHEO,CHEMBL5620391,CHEMBL5622307,1,0.1702127659574468,0.12506059,0.9455685721834235,0.1702127659574468,0.2028998,0.9340278517572779,0.18181818181818182,0.060483363,0.9951967131630144
JBDFYQFJKDCBJP,CHEMBL3638644,CHEMBL3705655,1,0.32967032967032966,0.95316684,0.9972606329893154,0.4117647058823529,0.95441127,0.8960099486974771,0.4117647058823529,0.9162763,0.9937195345605216
JBFBLQCKXXJPAX,CHEMBL5729706,CHEMBL5739310,1,0.23076923076923078,0.09337194,0.01609605901455362,0.22666666666666666,0.10382101,0.1392906129332174,0.23076923076923078,0.16561964,0.01643021688321347
JBFFDSGEOZGWCK,CHEMBL4706478,CHEMBL4707201,0,0.569620253164557,0.4766234,0.11356053392067285,0.569620253164557,0.39008918,0.10239052741782856,0.5822784810126582,0.65957004,0.04077364362711327
JBHQUVSFYPISGI,CHEMBL3638644,CHEMBL3705655,1,0.3058823529411765,0.9889121,0.9980510411276577,0.36904761904761907,0.9983089,0.9996350587328223,0.36904761904761907,0.9976399,0.9999601156127244
JBJBXMVUMJDDMK,CHEMBL3616407,CHEMBL3620381,1,0.1951219512195122,0.9329989,0.9989033285020513,0.1951219512195122,0.9796068,0.9999194587873882,0.18421052631578946,0.9355411,0.9998280089659188
JBZFALQKFWGISC,CHEMBL3638592,CHEMBL3706089,1,0.25,0.5010687,0.683972964401799,0.25,0.56814736,0.7338878416743714,0.25,0.3327353,0.8995385015017582
JCDSCTRINIXUJR,CHEMBL3352452,CHEMBL3379685,0,0.18823529411764706,0.71269983,0.5510480730397374,0.18823529411764706,0.66713345,0.8121213296045616,0.18823529411764706,0.4991231,0.7826628189123442
JCLHOUYJJIXAPH,CHEMBL3638644,CHEMBL3705655,1,0.2962962962962963,0.89351827,0.9993360507588172,0.5176470588235295,0.9268968,0.9986814223889054,0.5176470588235295,0.8955461,0.9998768869204381
JCNZLOGHCMGNQW,CHEMBL3638644,CHEMBL3705655,1,0.3655913978494624,0.9927347,0.9983208700134604,0.4823529411764706,0.992912,0.9875481164884123,0.4823529411764706,0.99722844,0.997014956760896
JCQSRTZNMKHKAV,CHEMBL3638644,CHEMBL3705655,1,0.3333333333333333,0.93083143,0.9885488684703669,0.4,0.9475286,0.8229152086416602,0.4,0.9614499,0.9912020174469075
JDBFJYXPPSRGTL,CHEMBL4007445,CHEMBL4009793,1,0.4444444444444444,0.9919417,0.9999728759155699,0.4444444444444444,0.99164397,0.9999654715864048,0.4,0.98954165,0.9999824734755222
JDDAOGTYQHZQNT,CHEMBL3638997,CHEMBL3705850,1,0.24,0.7899415,0.9514407349288605,0.24,0.7250409,0.9407010444020636,0.24,0.91380376,0.9942008432459134
JDDCNKBRXLFYBX,CHEMBL3639211,CHEMBL3706278,1,0.20754716981132076,0.86681175,0.9914844405918763,0.20754716981132076,0.89451873,0.992776149411278,0.19047619047619047,0.8862002,0.9892230904060804
JDNSMGMIXVYTSO,CHEMBL3638644,CHEMBL3705655,1,0.3020833333333333,0.78164744,0.8554623306710272,0.4117647058823529,0.92325854,0.4791387477356903,0.4117647058823529,0.808654,0.963752791914106
JDNUJPXLDZLWMM,CHEMBL3638644,CHEMBL3705655,1,0.30927835051546393,0.7160128,0.9602181700489889,0.38636363636363635,0.8571242,0.8832890604629136,0.38636363636363635,0.90840745,0.9871152086550264
JDUHIYBYFCPJPA,CHEMBL3638644,CHEMBL3705655,1,0.3804347826086957,0.9514055,0.997388836243834,0.3804347826086957,0.9711041,0.9968189270781679,0.3804347826086957,0.9682357,0.9995767124412505
JDUUUKXVZOZLSS,CHEMBL5108059,CHEMBL5112157,1,0.22826086956521738,0.9863063,0.8601199738305718,0.26744186046511625,0.999025,0.9998394599342981,0.26744186046511625,0.993097,0.9998743231407072
JDZSJMYXUCQNLL,CHEMBL5726701,CHEMBL5733185,0,0.18181818181818182,0.6006671,0.9580466782486342,0.17777777777777778,0.804969,0.9989152130901674,0.18181818181818182,0.7694158,0.9995690194860184
JEAKFJZBGDRMIK,CHEMBL3792291,CHEMBL3795347,0,0.35064935064935066,0.9525153,0.9995733793385316,0.35064935064935066,0.96108955,0.997585385993397,0.35064935064935066,0.9222222,0.9997251115990922
JEDMIWFWWCWIGQ,CHEMBL4819087,CHEMBL4821861,0,0.18055555555555555,0.03925296,0.017540636365393887,0.18055555555555555,0.026038341,0.01146930492408571,0.18055555555555555,0.012189723,0.005265178439600416
JESNSKPPMWEWAT,CHEMBL4266018,CHEMBL4269699,1,0.2727272727272727,0.92703724,0.9986135400790384,0.2727272727272727,0.96551436,0.9987000876136671,0.2727272727272727,0.9607775,0.9998097618756921
JESNSKPPMWEWAT,CHEMBL4266018,CHEMBL4269700,0,0.2727272727272727,0.92703724,0.9986135400790384,0.2727272727272727,0.96551436,0.9987000876136671,0.2727272727272727,0.9607775,0.9998097618756921
JESNSKPPMWEWAT,CHEMBL4266018,CHEMBL4269701,0,0.2727272727272727,0.92703724,0.9986135400790384,0.2727272727272727,0.96551436,0.9987000876136671,0.2727272727272727,0.9607775,0.9998097618756921
JEXPBFYDGNZHOA,CHEMBL5500428,CHEMBL5505639,0,0.21505376344086022,0.20046434,0.1692562268177734,0.21505376344086022,0.20703307,0.3397614746873627,0.21505376344086022,0.31945726,0.12632172311937112
JFAUJCNPBZQRCB,CHEMBL3639163,CHEMBL3705287,0,0.25757575757575757,0.05333589,0.04949881188130734,0.25757575757575757,0.049892817,0.19668582943843219,0.25757575757575757,0.031683363,0.10018752587917189
JFFWFQFMUFOKEC,CHEMBL6177937,CHEMBL6178930,1,0.24096385542168675,0.06412838,0.060657438823655624,0.24096385542168675,0.22086774,0.19796203441832502,0.24096385542168675,0.18524319,0.028970613717434878
JFKMSDFRYQAUJW,CHEMBL3639211,CHEMBL3706278,1,0.19626168224299065,0.7845956,0.950060685711683,0.19626168224299065,0.810937,0.9756549881201547,0.18867924528301888,0.6972103,0.9293448756347102
JFRIFNBQTNFUGW,CHEMBL3638997,CHEMBL3705850,1,0.2375,0.4017244,0.9226806402143437,0.2375,0.64103323,0.7622410352248304,0.19753086419753085,0.5763691,0.9555336508700752
JFRQGOCCBHYQKU,CHEMBL3639133,CHEMBL3706375,1,0.24347826086956523,0.7693376,0.4703768536054538,0.24347826086956523,0.7508562,0.6144714434031537,0.22857142857142856,0.72807294,0.7544220803268266
JFSMZTDNJFICOR,CHEMBL3351642,CHEMBL3380578,1,0.17708333333333334,0.9531345,0.9950679658081024,0.17708333333333334,0.96911275,0.9978138812237002,0.17708333333333334,0.9554545,0.9979918788487832
JFZBEJKCLYCEPN,CHEMBL5500428,CHEMBL5505639,0,0.2564102564102564,0.21940964,0.021329132320054598,0.2564102564102564,0.47341004,0.5271128241460974,0.2564102564102564,0.17491627,0.2293662952244443
JGLBGBDMKMGQFA,CHEMBL5727131,CHEMBL5734082,1,0.25287356321839083,0.7189269,0.36851290161527606,0.25287356321839083,0.85696554,0.99593110686445,0.22580645161290322,0.32874116,0.5728625796509307
JGWSJIGRNOITBJ,CHEMBL3639211,CHEMBL3706278,1,0.24166666666666667,0.7575186,0.9940141614092405,0.24166666666666667,0.84148693,0.9718652679026427,0.24166666666666667,0.85497814,0.8016590222944189
JGWYZMFWAZWYLM,CHEMBL5726558,CHEMBL5732909,1,0.36363636363636365,0.9654308,0.9987766410587632,0.5443037974683544,0.9355615,0.9982526103108528,0.5443037974683544,0.9466788,0.999364007635226
JHAHGNRTKLEAKF,CHEMBL4411315,CHEMBL4413545,1,0.5625,0.9992335,0.9991969539361006,0.5625,0.99835485,0.9999085233783965,0.524390243902439,0.99873036,0.9998595683309994
JHFBXQVLJYMUMU,CHEMBL3639133,CHEMBL3706375,1,0.22340425531914893,0.93049985,0.9937118690324309,0.22340425531914893,0.8839445,0.9884893397554559,0.22340425531914893,0.8499816,0.999827895979475
JHIFDUYSGVHVCI,CHEMBL4725466,CHEMBL4731424,1,0.47435897435897434,0.50364506,0.23560756085790868,0.47435897435897434,0.304056,0.5731507219714129,0.47435897435897434,0.51267785,0.8389263356453154
JHMSEQKRPDWAKK,CHEMBL3638644,CHEMBL3705655,1,0.308411214953271,0.96878606,0.9982579099706067,0.5802469135802469,0.9738395,0.996006948072607,0.5802469135802469,0.969086,0.9981488631500947
JHPDHYAMSPMBIF,CHEMBL6087433,CHEMBL6088976,1,0.31868131868131866,0.9846779,0.9916811756966055,0.31868131868131866,0.97545695,0.9911176231358646,0.31868131868131866,0.9914854,0.999961754841843
JHPDHYAMSPMBIF,CHEMBL6087433,CHEMBL6088977,0,0.31868131868131866,0.9846779,0.9916811756966055,0.31868131868131866,0.97545695,0.9911176231358646,0.31868131868131866,0.9914854,0.999961754841843
JHVINVUSGMDWTL,CHEMBL3639211,CHEMBL3706278,1,0.1926605504587156,0.5665885,0.9706737204223392,0.1926605504587156,0.6873974,0.7295000958438036,0.1896551724137931,0.58787966,0.48203516648004785
JHWYKCLGMJMUPA,CHEMBL5108059,CHEMBL5112157,1,0.2159090909090909,0.8456762,0.6606363987754563,0.2716049382716049,0.9386765,0.9697504289131641,0.2716049382716049,0.6761468,0.9800979069016595
JIFUUEFSLBOMII,CHEMBL3638644,CHEMBL3705655,1,0.29591836734693877,0.9782948,0.9968168898530982,0.48717948717948717,0.98721015,0.9955674912648635,0.48717948717948717,0.9885233,0.9970598625043958
JIHAOSYIAOWWOZ,CHEMBL3639211,CHEMBL3706278,1,0.21782178217821782,0.80240905,0.9176756551869341,0.21782178217821782,0.8005892,0.8399601874186958,0.21782178217821782,0.70512056,0.9299328377851708
JIVNHRQMFVKICN,CHEMBL5729432,CHEMBL5738687,0,0.32098765432098764,0.8898759,0.9703739491958486,0.32098765432098764,0.9075507,0.9845237611160566,0.32098765432098764,0.9411245,0.9991511132631358
JJBNQGZCKOIENK,CHEMBL3638592,CHEMBL3706089,1,0.27058823529411763,0.48244795,0.6918554115502311,0.26666666666666666,0.41874057,0.9584056565396963,0.26666666666666666,0.29822114,0.987679368379765
JJFBIDHAKCJKJS,CHEMBL3638644,CHEMBL3705655,1,0.3473684210526316,0.8785324,0.9953271336094989,0.3764705882352941,0.89190125,0.9923616025463654,0.3764705882352941,0.9252573,0.9991982528562555
JJLZRHJTVRPEMF,CHEMBL3638592,CHEMBL3706089,1,0.27906976744186046,0.9249521,0.9875734036741683,0.27906976744186046,0.9560879,0.9819323172516069,0.27906976744186046,0.9755452,0.9956772591194741
JKDUEIKITHMNSU,CHEMBL5046253,CHEMBL5047787,1,0.6785714285714286,0.9991159,0.9999921457256401,0.6785714285714286,0.99928814,0.9999553132711274,0.6785714285714286,0.99874794,0.9999808116221859
JKWJJSBYSROHTC,CHEMBL5729432,CHEMBL5738687,1,0.375,0.82724863,0.9977036816854369,0.375,0.9124464,0.9829707436486707,0.375,0.9046698,0.9993264957994639
JKXOLXCONZYUPX,CHEMBL3638592,CHEMBL3706089,1,0.23863636363636365,0.9442533,0.9089275320476494,0.23863636363636365,0.9425176,0.8459755723915444,0.23863636363636365,0.8540319,0.9638749105602727
JLBHLVBRUXVYMX,CHEMBL3638644,CHEMBL3705655,1,0.42105263157894735,0.99058306,0.994522063612362,0.42105263157894735,0.9827921,0.9962458833807563,0.42105263157894735,0.9919676,0.9974928770883126
JLGSMHXQKQKWLO,CHEMBL4819017,CHEMBL4820258,1,0.205607476635514,0.99154365,0.33191071217801255,0.205607476635514,0.9896724,0.9975005509281208,0.205607476635514,0.9845882,0.8728643825667095
JLYHKAYNFIBCLE,CHEMBL3638644,CHEMBL3705655,1,0.3173076923076923,0.8578766,0.9076790275268183,0.5365853658536586,0.9151754,0.8716061884374445,0.5365853658536586,0.9097217,0.9782055221125875
JMOLMCBABVAYTF,CHEMBL3638592,CHEMBL3706089,1,0.2391304347826087,0.88894665,0.5443268265969964,0.2391304347826087,0.93027896,0.8588543190351436,0.22580645161290322,0.8854717,0.9639184945286465
JMVDIGHUQAXWIE,CHEMBL5727131,CHEMBL5734082,1,0.20202020202020202,0.68729186,0.26552858383598876,0.1926605504587156,0.72911584,0.9948767890866821,0.20202020202020202,0.29659438,0.6725178936843105
JMWDTMSHFAJXAF,CHEMBL2417437,CHEMBL2421122,1,0.5662650602409639,0.996449,0.9999862383926802,0.5662650602409639,0.9990369,0.9999797195745358,0.5662650602409639,0.9994276,0.9999916165193261
JMWDTMSHFAJXAF,CHEMBL2417437,CHEMBL2421123,1,0.5662650602409639,0.996449,0.9999862383926802,0.5662650602409639,0.9990369,0.9999797195745358,0.5662650602409639,0.9994276,0.9999916165193261
JMYMNMDIVSOOGQ,CHEMBL4819087,CHEMBL4821861,0,0.175,0.042768586,0.03902761605880762,0.175,0.041979108,0.009293764897445916,0.175,0.019410398,0.003529172249727393
JNCSVWZNXIMWTH,CHEMBL3638997,CHEMBL3705850,1,0.2465753424657534,0.2896602,0.13137136835187485,0.2465753424657534,0.35044682,0.17640724383119,0.2191780821917808,0.39115658,0.4726241844638844
JNFCYFOVXWKHNQ,CHEMBL1938252,CHEMBL1942434,1,0.3380281690140845,0.9598499,0.8505085715855921,0.3380281690140845,0.9703462,0.9517362915915671,0.3333333333333333,0.98827946,0.9995131828125903
JNLDJIWAENALOH,CHEMBL5725838,CHEMBL5731581,0,0.22448979591836735,0.9534795,0.9999538036858594,0.22448979591836735,0.9466741,0.999232253001327,0.22448979591836735,0.9636138,0.9997843865229366
JNQFWBSHMGXTQX,CHEMBL5620391,CHEMBL5622307,1,0.19318181818181818,0.21928704,0.9089973297109097,0.19318181818181818,0.32586235,0.992812069520629,0.19318181818181818,0.10860465,0.9975006058656588
JNVWRYCZBJJOMP,CHEMBL3639133,CHEMBL3706375,1,0.24528301886792453,0.8918232,0.8270893124154559,0.24528301886792453,0.8966378,0.8181627845345865,0.24528301886792453,0.9024257,0.9212158293154469
JOEUEHDGAWVPSS,CHEMBL5046253,CHEMBL5047787,1,0.5652173913043478,0.9988545,0.9999815509161029,0.7777777777777778,0.99953234,0.9991350998828089,0.7777777777777778,0.99928087,0.9999166321904397
JOGKUKXHTYWRGZ,CHEMBL3217752,CHEMBL3223610,1,0.22916666666666666,0.9621035,0.4145196352941795,0.22916666666666666,0.97408074,0.9947881682254465,0.22916666666666666,0.88091296,0.7838930339483148
JOGKUKXHTYWRGZ,CHEMBL3286093,CHEMBL3291527,1,0.22916666666666666,0.9621035,0.4145196352941795,0.22916666666666666,0.97408074,0.9947881682254465,0.22916666666666666,0.88091296,0.7838930339483148
JOGKUKXHTYWRGZ,CHEMBL3576869,CHEMBL3579762,1,0.22916666666666666,0.9621035,0.4145196352941795,0.22916666666666666,0.97408074,0.9947881682254465,0.22916666666666666,0.88091296,0.7838930339483148
JOGKUKXHTYWRGZ,CHEMBL3600364,CHEMBL3602347,1,0.22916666666666666,0.9621035,0.4145196352941795,0.22916666666666666,0.97408074,0.9947881682254465,0.22916666666666666,0.88091296,0.7838930339483148
JOGKUKXHTYWRGZ,CHEMBL3860068,CHEMBL3861272,1,0.22916666666666666,0.9621035,0.4145196352941795,0.22916666666666666,0.97408074,0.9947881682254465,0.22916666666666666,0.88091296,0.7838930339483148
JOGKUKXHTYWRGZ,CHEMBL4000150,CHEMBL4000385,1,0.22916666666666666,0.9621035,0.4145196352941795,0.22916666666666666,0.97408074,0.9947881682254465,0.22916666666666666,0.88091296,0.7838930339483148
JOGKUKXHTYWRGZ,CHEMBL4359902,CHEMBL4363193,1,0.22916666666666666,0.9621035,0.4145196352941795,0.22916666666666666,0.97408074,0.9947881682254465,0.22916666666666666,0.88091296,0.7838930339483148
JOGKUKXHTYWRGZ,CHEMBL4364276,CHEMBL4366252,1,0.22916666666666666,0.9621035,0.4145196352941795,0.22916666666666666,0.97408074,0.9947881682254465,0.22916666666666666,0.88091296,0.7838930339483148
JOGKUKXHTYWRGZ,CHEMBL4390691,CHEMBL4392573,1,0.22916666666666666,0.9621035,0.4145196352941795,0.22916666666666666,0.97408074,0.9947881682254465,0.22916666666666666,0.88091296,0.7838930339483148
JOGKUKXHTYWRGZ,CHEMBL4428080,CHEMBL4430046,1,0.22916666666666666,0.9621035,0.4145196352941795,0.22916666666666666,0.97408074,0.9947881682254465,0.22916666666666666,0.88091296,0.7838930339483148
JOGKUKXHTYWRGZ,CHEMBL4811304,CHEMBL4813534,1,0.22916666666666666,0.9621035,0.4145196352941795,0.22916666666666666,0.97408074,0.9947881682254465,0.22916666666666666,0.88091296,0.7838930339483148
JOGKUKXHTYWRGZ,CHEMBL5108059,CHEMBL5112157,1,0.22916666666666666,0.9621035,0.4145196352941795,0.22916666666666666,0.97408074,0.9947881682254465,0.22916666666666666,0.88091296,0.7838930339483148
JOGKUKXHTYWRGZ,CHEMBL5137017,CHEMBL5138978,1,0.22916666666666666,0.9621035,0.4145196352941795,0.22916666666666666,0.97408074,0.9947881682254465,0.22916666666666666,0.88091296,0.7838930339483148
JOGKUKXHTYWRGZ,CHEMBL5137017,CHEMBL5138982,1,0.22916666666666666,0.9621035,0.4145196352941795,0.22916666666666666,0.97408074,0.9947881682254465,0.22916666666666666,0.88091296,0.7838930339483148
JOGKUKXHTYWRGZ,CHEMBL5500428,CHEMBL5505639,1,0.22916666666666666,0.9621035,0.4145196352941795,0.22916666666666666,0.97408074,0.9947881682254465,0.22916666666666666,0.88091296,0.7838930339483148
JOGKUKXHTYWRGZ,CHEMBL5620391,CHEMBL5622307,1,0.22916666666666666,0.9621035,0.4145196352941795,0.22916666666666666,0.97408074,0.9947881682254465,0.22916666666666666,0.88091296,0.7838930339483148
JOGKUKXHTYWRGZ,CHEMBL6177937,CHEMBL6178930,1,0.22916666666666666,0.9621035,0.4145196352941795,0.22916666666666666,0.97408074,0.9947881682254465,0.22916666666666666,0.88091296,0.7838930339483148
JOSFJDYSRMQQQE,CHEMBL5729432,CHEMBL5738687,1,0.3333333333333333,0.91626114,0.962091962531111,0.3333333333333333,0.93233246,0.97099891095641,0.3333333333333333,0.9519135,0.9991433741415457
JOWXJLIFIIOYMS,CHEMBL4311940,CHEMBL4312260,1,0.42045454545454547,0.99814487,0.8025060470782904,0.42045454545454547,0.9974185,0.858025940104555,0.42045454545454547,0.9961087,0.6584752504736393
JOWXJLIFIIOYMS,CHEMBL4706478,CHEMBL4707201,1,0.42045454545454547,0.99814487,0.8025060470782904,0.42045454545454547,0.9974185,0.858025940104555,0.42045454545454547,0.9961087,0.6584752504736393
JPIRNUPNZHHMID,CHEMBL3638644,CHEMBL3705656,1,0.3113207547169811,0.84796464,0.9583055994756099,0.5802469135802469,0.94898015,0.522458188401269,0.5802469135802469,0.9310952,0.9704775968224245
JPISZRQPTVQSIG,CHEMBL3639163,CHEMBL3705287,1,0.1839080459770115,0.2034369,0.7973648098864022,0.1839080459770115,0.15739256,0.7920833675688991,0.1839080459770115,0.03835018,0.9718933515069832
JPMOMDVUKVSFMP,CHEMBL1944561,CHEMBL1949072,1,0.3974358974358974,0.88227636,0.9315358547772657,0.3974358974358974,0.9215969,0.9737779310055026,0.3974358974358974,0.9722269,0.9960527050532406
JPMOMDVUKVSFMP,CHEMBL1944561,CHEMBL1949073,1,0.3974358974358974,0.88227636,0.9315358547772657,0.3974358974358974,0.9215969,0.9737779310055026,0.3974358974358974,0.9722269,0.9960527050532406
JPOAQDAFYRTLEO,CHEMBL2062409,CHEMBL2065058,0,0.5,0.99886024,0.9993272672486339,0.5,0.9992099,0.9996057666992504,0.47126436781609193,0.9995552,0.9999594466248402
JPOWZUHXAXNZNE,CHEMBL4837246,CHEMBL4839366,0,0.20833333333333334,0.8495721,0.5958708694460764,0.18,0.74287075,0.5004949022910348,0.16842105263157894,0.6152987,0.3828822925015422
JPQWQIBWNOVKTP,CHEMBL3638592,CHEMBL3706089,1,0.2523364485981308,0.9280569,0.898139737846233,0.26262626262626265,0.9624675,0.962594127402062,0.2653061224489796,0.9808364,0.9749418860674841
JPQWVJNFWVVXHS,CHEMBL3639211,CHEMBL3706278,1,0.17886178861788618,0.8860487,0.8578515269278822,0.17886178861788618,0.91256326,0.767697464663331,0.17886178861788618,0.84592783,0.4220472228544921
JPTXIHIIDFFEPR,CHEMBL3638592,CHEMBL3706089,1,0.23529411764705882,0.9395514,0.7511560915456611,0.23529411764705882,0.98282605,0.9908392632593872,0.23529411764705882,0.9600377,0.9648757828868695
JQCRPRUZPRBXNX,CHEMBL5500428,CHEMBL5505639,0,0.18072289156626506,0.6099497,0.16194633948949844,0.18823529411764706,0.5973732,0.37095613485749035,0.18823529411764706,0.6532215,0.881871728978831
JQGXBMXWVCTLPO,CHEMBL5726558,CHEMBL5732909,1,0.3978494623655914,0.97949743,0.9897022011630897,0.6025641025641025,0.9741262,0.9804783105587044,0.6025641025641025,0.9861741,0.9985793670534715
JQLIHCFYFGWBRN,CHEMBL3638541,CHEMBL3706289,0,0.25217391304347825,0.9317484,0.9090533211774141,0.24778761061946902,0.9298333,0.924490212289753,0.25217391304347825,0.8760392,0.8885192715929072
JQSQDPXQHCJTQC,CHEMBL5726701,CHEMBL5733185,0,0.19642857142857142,0.8607837,0.9169184153287138,0.17757009345794392,0.87117374,0.9986515245276446,0.19642857142857142,0.9105207,0.9993190403185179
JQXHYLREINFLSA,CHEMBL3638592,CHEMBL3706089,1,0.2571428571428571,0.7123124,0.5489606213995895,0.2765957446808511,0.8927903,0.8383399494936147,0.2765957446808511,0.8668468,0.9227214703754498
JQXMRKGWLJIJAG,CHEMBL3638541,CHEMBL3706289,1,0.27835051546391754,0.99637777,0.9996445706514356,0.27835051546391754,0.9977182,0.9625393647550539,0.27835051546391754,0.9912493,0.9981007862482405
JRBLYPDSMHXZBX,CHEMBL4680347,CHEMBL4689247,1,0.3472222222222222,0.80410075,0.9038067735520368,0.3472222222222222,0.9128539,0.9939930946318872,0.3472222222222222,0.9262818,0.9992019166825312
JRNNDXYWFNJIRI,CHEMBL3638592,CHEMBL3706089,1,0.24468085106382978,0.53644,0.5908882108796286,0.24468085106382978,0.75011635,0.8491003974624342,0.24468085106382978,0.7629077,0.9694833774091245
JRNREDKXBRDWLD,CHEMBL3639133,CHEMBL3706375,1,0.19718309859154928,0.7676079,0.9895317249602171,0.19718309859154928,0.7140529,0.9939626745045959,0.19718309859154928,0.6493577,0.9997957394927841
JROFGZPOBKIAEW,CHEMBL5230127,CHEMBL5231759,1,0.27380952380952384,0.8039683,0.9609767257070508,0.27380952380952384,0.54919314,0.6006680521101418,0.2558139534883721,0.79359096,0.3718675858027109
JROFGZPOBKIAEW,CHEMBL5653605,CHEMBL5654149,1,0.27380952380952384,0.8039683,0.9609767257070508,0.27380952380952384,0.54919314,0.6006680521101418,0.2558139534883721,0.79359096,0.3718675858027109
JROFGZPOBKIAEW,CHEMBL5653605,CHEMBL5654233,1,0.27380952380952384,0.8039683,0.9609767257070508,0.27380952380952384,0.54919314,0.6006680521101418,0.2558139534883721,0.79359096,0.3718675858027109
JRUYCIYRCTVFIO,CHEMBL3638592,CHEMBL3706089,1,0.2988505747126437,0.9108599,0.6066062140266469,0.2988505747126437,0.9577248,0.7114281840397209,0.2840909090909091,0.95244986,0.9807769685738579
JSCOEYAJJADLEC,CHEMBL1255226,CHEMBL1261684,1,0.22522522522522523,0.95016676,0.4299156430957051,0.23275862068965517,0.97165877,0.99729236074417,0.23275862068965517,0.92420787,0.6721413778613876
JSIWQGUYWJBBDD,CHEMBL3639163,CHEMBL3705287,1,0.18072289156626506,0.072519384,0.769016603916592,0.18072289156626506,0.045507755,0.5194860616072134,0.18072289156626506,0.005306685,0.9581185077467593
JSKFFLJMHYZDNS,CHEMBL5500428,CHEMBL5505639,0,0.2289156626506024,0.63557357,0.9831103255119813,0.2289156626506024,0.74938184,0.992769249390813,0.2289156626506024,0.6663948,0.9937705453769831
JSPBEUDGGZHEMZ,CHEMBL3797068,CHEMBL3802995,1,0.42857142857142855,0.7119174,0.8625759323022647,0.4782608695652174,0.66537887,0.7264703406378709,0.42857142857142855,0.7545603,0.7612871573489364
JTIBGKGGRQKKJP,CHEMBL3352452,CHEMBL3379685,0,0.23529411764705882,0.9033317,0.48856571547861355,0.23529411764705882,0.9238176,0.7028426900866783,0.23529411764705882,0.80804163,0.8732712389191323
JTJQCZXJLBAXOH,CHEMBL3638644,CHEMBL3705655,1,0.30337078651685395,0.9207021,0.999367224787399,0.4024390243902439,0.94286025,0.9873031054504676,0.4024390243902439,0.94794875,0.9980009097667244
JTXJFBYWIRSPBS,CHEMBL3638541,CHEMBL3706289,1,0.2857142857142857,0.9982108,0.9999311976103465,0.2857142857142857,0.9966384,0.9993290953663279,0.2857142857142857,0.99123317,0.999861744975759
JUDZWNOMXRLVLB,CHEMBL3639163,CHEMBL3705287,1,0.1702127659574468,0.60009766,0.9948573639676063,0.1702127659574468,0.7371538,0.9998113360209433,0.16666666666666666,0.4051111,0.9998032202042428
JUSFANSTBFGBAF,CHEMBL2331448,CHEMBL2338832,1,0.3448275862068966,0.9295697,0.9945771005856809,0.38095238095238093,0.9734717,0.9957670820906722,0.38095238095238093,0.97296685,0.9992572496717155
JUSFANSTBFGBAF,CHEMBL3638644,CHEMBL3705655,1,0.3448275862068966,0.9295697,0.9945771005856809,0.38095238095238093,0.9734717,0.9957670820906722,0.38095238095238093,0.97296685,0.9992572496717155
JUSFANSTBFGBAF,CHEMBL5512615,CHEMBL5513494,1,0.3448275862068966,0.9295697,0.9945771005856809,0.38095238095238093,0.9734717,0.9957670820906722,0.38095238095238093,0.97296685,0.9992572496717155
JUSFANSTBFGBAF,CHEMBL6121003,CHEMBL6124352,1,0.3448275862068966,0.9295697,0.9945771005856809,0.38095238095238093,0.9734717,0.9957670820906722,0.38095238095238093,0.97296685,0.9992572496717155
JVDHMSDDQNCCGD,CHEMBL3639211,CHEMBL3706278,1,0.2288135593220339,0.7389277,0.611760514762472,0.2288135593220339,0.7978385,0.9912049524304251,0.2288135593220339,0.8466628,0.8756645490809575
JVHNVTVXXHPJJK,CHEMBL3638592,CHEMBL3706089,1,0.2087912087912088,0.943456,0.7817116197520113,0.2087912087912088,0.9644793,0.9819159823982688,0.2087912087912088,0.93626064,0.9723162311112754
JVMUZOHLNVZUFA,CHEMBL1759974,CHEMBL1763481,1,0.2878787878787879,0.4551439,0.18114060116383865,0.2878787878787879,0.7447897,0.414114657601237,0.2878787878787879,0.3881987,0.8082718010274835
JVMUZOHLNVZUFA,CHEMBL1759974,CHEMBL1763561,1,0.2878787878787879,0.4551439,0.18114060116383865,0.2878787878787879,0.7447897,0.414114657601237,0.2878787878787879,0.3881987,0.8082718010274835
JVNUUIKGGAZSOR,CHEMBL3639085,CHEMBL3705815,0,0.33766233766233766,0.9345597,0.9756116321992401,0.33766233766233766,0.9288132,0.8395024872166692,0.33766233766233766,0.9409113,0.9936205970470071
JVXAHOWOEKOGPU,CHEMBL3638592,CHEMBL3706089,1,0.2268041237113402,0.9428837,0.3897034027859975,0.2268041237113402,0.9617042,0.8991982610902581,0.21428571428571427,0.8933636,0.981875063103994
JVYJHDXPXXOPEW,CHEMBL3638997,CHEMBL3705850,1,0.18888888888888888,0.7168758,0.8348912941000809,0.18888888888888888,0.8521595,0.868570459360599,0.1797752808988764,0.7580635,0.9332846539032775
JVZHZEZJQFVOIZ,CHEMBL5729432,CHEMBL5738687,0,0.38961038961038963,0.9289435,0.9998524247894428,0.34782608695652173,0.95771396,0.9993973581897231,0.38961038961038963,0.9545212,0.9999061238755549
JWAZVLLJBVJOLJ,CHEMBL3638997,CHEMBL3705850,1,0.22784810126582278,0.7926634,0.1715843721038852,0.22784810126582278,0.826837,0.429525712270499,0.23376623376623376,0.9197329,0.9552198952000003
JWDFQOSIUDYMMM,CHEMBL3638644,CHEMBL3705655,1,0.3300970873786408,0.9028135,0.994052745162957,0.5365853658536586,0.9401145,0.8817035170937154,0.5365853658536586,0.8763414,0.9828640282865291
JWGVUDPAMQEIJU,CHEMBL3407414,CHEMBL3413521,1,0.3958333333333333,0.99438065,0.9999554775628656,0.3894736842105263,0.9902306,0.9996694439404727,0.3958333333333333,0.9953419,0.9999837019884439
JWLBDNDGWIGWRY,CHEMBL3112406,CHEMBL3116603,0,0.3076923076923077,0.5359767,0.9988090742225032,0.3076923076923077,0.42750415,0.9965953261048447,0.3076923076923077,0.49359566,0.999618345633658
JXRUDAFXVLCYTG,CHEMBL4808220,CHEMBL4810527,1,0.38095238095238093,0.9002649,0.6850478216819347,0.38095238095238093,0.90312046,0.24747828298277091,0.38095238095238093,0.82506984,0.0400405354101904
JXVBUPCEADJXCV,CHEMBL5727131,CHEMBL5734082,1,0.18867924528301888,0.97815543,0.9310034929077736,0.1864406779661017,0.98525524,0.9997991129204189,0.18867924528301888,0.8919785,0.9995088682024612
JXXSTUWGDVXVLU,CHEMBL3638592,CHEMBL3706089,1,0.21782178217821782,0.795167,0.5741878733872067,0.2127659574468085,0.8850524,0.8845407010326921,0.2127659574468085,0.8056254,0.9193318722363921
JYAPCHNVVUXMSX,CHEMBL3734757,CHEMBL3738862,1,0.23170731707317074,0.988442,0.9996312243266496,0.23170731707317074,0.98751825,0.9999865853123331,0.23170731707317074,0.9378628,0.9999377852265648
JYIYDFDRQAREDE,CHEMBL3616407,CHEMBL3620381,1,0.19047619047619047,0.51632285,0.26440083559280164,0.19047619047619047,0.6742311,0.7709545217286601,0.19047619047619047,0.4301898,0.6759735196728901
JYVIERAMBICZRE,CHEMBL4359902,CHEMBL4363193,0,0.19230769230769232,0.093081616,0.9672670551557503,0.19230769230769232,0.038501076,0.5658582004226917,0.2,0.015355194,0.9954348538600634
JZCWLJDSIRUGIN,CHEMBL5505970,CHEMBL5506835,0,0.24096385542168675,0.6872567,0.9350905888075898,0.21686746987951808,0.8165304,0.7829297180653605,0.21686746987951808,0.7171354,0.9556196270184488
JZFAHOPNLLCUIN,CHEMBL1255226,CHEMBL1261684,0,0.22,0.7106095,0.35831706018507564,0.23214285714285715,0.75136185,0.9906585973824136,0.23214285714285715,0.2821045,0.5526441382570149
JZHUGLVADWDAKE,CHEMBL5543164,CHEMBL5548923,1,0.5692307692307692,0.9998914,0.9999938222362443,0.5692307692307692,0.9998411,0.9999890939525778,0.5692307692307692,0.99984205,0.9999589897030124
JZKGTRIJWYWTSZ,CHEMBL3639133,CHEMBL3706375,1,0.2619047619047619,0.65279746,0.991474641121648,0.2619047619047619,0.75106835,0.9979548475203813,0.2619047619047619,0.8545283,0.9993684685244701
JZODXFVKLGMGKU,CHEMBL3638592,CHEMBL3706089,1,0.25555555555555554,0.8559334,0.9314234440110557,0.25555555555555554,0.8952714,0.9780112098569624,0.25555555555555554,0.8284044,0.9814023004317086
JZVFIQIVDZHJFC,CHEMBL3638592,CHEMBL3706089,1,0.2523364485981308,0.9771633,0.9021341791622403,0.2523364485981308,0.9858773,0.8334233564107665,0.25252525252525254,0.99183613,0.9542998897170001
KABBATBNPHTWDK,CHEMBL4390691,CHEMBL4392573,1,0.22580645161290322,0.8684501,0.9327266464574159,0.22580645161290322,0.91127896,0.9992195665205068,0.22580645161290322,0.64174265,0.9998426216316815
KAHMZYOZNYFPKN,CHEMBL5316381,CHEMBL5321087,1,0.20430107526881722,0.2588934,0.3878102854120509,0.1941747572815534,0.4840727,0.9710587325124822,0.18627450980392157,0.24957654,0.4465595480401446
KAJGKOFMWYXFEM,CHEMBL3638997,CHEMBL3705850,1,0.20833333333333334,0.83989835,0.9772030889458742,0.20833333333333334,0.8519326,0.978857804243079,0.20833333333333334,0.8777926,0.9892247228674939
KAKKXPIYBZUKJT,CHEMBL3638997,CHEMBL3705850,1,0.23376623376623376,0.66646254,0.2671865024608174,0.23376623376623376,0.71962595,0.2447161260521717,0.2077922077922078,0.6374502,0.9044176716587493
KATWUOKWPSZQLO,CHEMBL3638592,CHEMBL3706089,1,0.2727272727272727,0.7298859,0.8464671642236768,0.26804123711340205,0.8283624,0.9102896398313525,0.2727272727272727,0.8046493,0.9484434411571561
KBAFRYQOOQHQKY,CHEMBL1759974,CHEMBL1763481,0,0.20202020202020202,0.7871263,0.6558916481863555,0.20202020202020202,0.9319148,0.8362459373608016,0.20202020202020202,0.7717449,0.9335179842817657
KBAFRYQOOQHQKY,CHEMBL1759974,CHEMBL1763561,0,0.20202020202020202,0.7871263,0.6558916481863555,0.20202020202020202,0.9319148,0.8362459373608016,0.20202020202020202,0.7717449,0.9335179842817657
KBBFVOAXWPUPGK,CHEMBL3638592,CHEMBL3706089,1,0.2,0.90359944,0.9895826822480923,0.2,0.92771685,0.9721021371202194,0.2,0.89065915,0.9903451151946957
KCBDHFUUQFWNMP,CHEMBL3638997,CHEMBL3705850,1,0.25842696629213485,0.5854192,0.18914065645726302,0.25842696629213485,0.7414407,0.7098863454729559,0.25842696629213485,0.75000584,0.9826266502720628
KCEIJUIZISZHPA,CHEMBL5729432,CHEMBL5738687,0,0.32857142857142857,0.7901936,0.9882522231167933,0.32857142857142857,0.8322442,0.9958100834078051,0.32857142857142857,0.6482896,0.9971914575649158
KCHBOMPUBLXVEX,CHEMBL3638592,CHEMBL3706089,1,0.23300970873786409,0.37553522,0.3953966580374656,0.23300970873786409,0.5726928,0.8324863113685348,0.23300970873786409,0.42704287,0.7567515829540028
KCQLVUNSKNRLNM,CHEMBL3638644,CHEMBL3705655,1,0.3047619047619048,0.8952867,0.9803239608596946,0.5365853658536586,0.93116766,0.8521267413392695,0.5365853658536586,0.8893932,0.9935514449262366
KDCLJCNAZYFCAB,CHEMBL3638997,CHEMBL3705850,1,0.22580645161290322,0.39900246,0.4369991751321138,0.22580645161290322,0.27520525,0.42608688956264607,0.22580645161290322,0.4722562,0.981778653761467
KEBPTIFOURCVEJ,CHEMBL4266018,CHEMBL4269699,1,0.27835051546391754,0.863878,0.9987715017712488,0.27835051546391754,0.9217099,0.9994442409080295,0.27835051546391754,0.94890213,0.9999150577187034
KEBPTIFOURCVEJ,CHEMBL4266018,CHEMBL4269700,0,0.27835051546391754,0.863878,0.9987715017712488,0.27835051546391754,0.9217099,0.9994442409080295,0.27835051546391754,0.94890213,0.9999150577187034
KEBPTIFOURCVEJ,CHEMBL4266018,CHEMBL4269701,0,0.27835051546391754,0.863878,0.9987715017712488,0.27835051546391754,0.9217099,0.9994442409080295,0.27835051546391754,0.94890213,0.9999150577187034
KEQYZBUEVLACMN,CHEMBL4020823,CHEMBL4023016,1,0.22641509433962265,0.86509955,0.2767149028278667,0.22641509433962265,0.9017405,0.8172814557318948,0.22641509433962265,0.7038778,0.8969911181964526
KEVLFKYIMJFLKZ,CHEMBL5729432,CHEMBL5738687,0,0.313953488372093,0.7981305,0.999140817743224,0.313953488372093,0.8721954,0.9963907997127893,0.313953488372093,0.9248634,0.9995922264050245
KFBFILUFBJUNRT,CHEMBL3638997,CHEMBL3705850,1,0.21951219512195122,0.861159,0.2841187552227969,0.21951219512195122,0.88765293,0.6220817961511624,0.21348314606741572,0.8730944,0.9828938655805257
KFLXQAOMOBROLS,CHEMBL3638644,CHEMBL3705655,1,0.3333333333333333,0.81498605,0.8667074821303855,0.3875,0.84409595,0.289970086724898,0.3875,0.88671327,0.9324001920299807
KFPMCMZUPUDUMW,CHEMBL3638541,CHEMBL3706289,1,0.21428571428571427,0.97798604,0.9995612697185661,0.21428571428571427,0.97893685,0.9941896265469969,0.21428571428571427,0.9492029,0.9931609266311957
KFWWZVVPUJJYJC,CHEMBL5543164,CHEMBL5548923,1,0.6142857142857143,0.9990715,0.9999765582739716,0.6142857142857143,0.9989612,0.9999832180600652,0.6142857142857143,0.9993693,0.9999658757185359
KGAAOKXUCALAPY,CHEMBL5584330,CHEMBL5587768,1,0.2361111111111111,0.9390562,0.2887836468795973,0.2361111111111111,0.9038028,0.9853472705387971,0.2361111111111111,0.7922274,0.7477990320731881
KGCKZWITSURBGM,CHEMBL3638592,CHEMBL3706089,1,0.23655913978494625,0.7596426,0.4366089115951121,0.23595505617977527,0.85400087,0.39689343786193965,0.23655913978494625,0.8058896,0.5209888517544548
KGHHDBQLZFNYBO,CHEMBL4364276,CHEMBL4366252,1,0.20652173913043478,0.7516861,0.9924659486221801,0.20652173913043478,0.57825285,0.9668637873517041,0.20430107526881722,0.36639687,0.9891465594149186
KGKAJXOAEOIUMG,CHEMBL5241052,CHEMBL5241188,0,0.14193548387096774,0.28442216,0.9971526120857316,0.14193548387096774,0.4024932,0.9990591175621736,0.14193548387096774,0.26453185,0.999770557765863
KGNNMSGRBVKSQP,CHEMBL5214923,CHEMBL5216205,1,0.27906976744186046,0.7795765,0.9497687830582601,0.27906976744186046,0.758694,0.9915688703513706,0.27906976744186046,0.5370412,0.9984208444371822
KGPFOSIOSCQSCH,CHEMBL4819087,CHEMBL4821861,0,0.16666666666666666,0.010105344,0.013091992542952575,0.16666666666666666,0.007927746,0.0023608674801459937,0.16666666666666666,0.005486948,0.0040919749553221165
KGVZANDWGDEWHK,CHEMBL3638644,CHEMBL3705655,1,0.3076923076923077,0.681117,0.9964768155122634,0.41975308641975306,0.8040163,0.951577880076679,0.41975308641975306,0.89542276,0.9874446984553897
KHCOZIWAEDPGQT,CHEMBL5725838,CHEMBL5731581,0,0.19,0.89974576,0.9997390322140671,0.19,0.891932,0.9994357429323061,0.19,0.8849581,0.9994845136732946
KHIUCPUWDPSZOH,CHEMBL5729432,CHEMBL5738687,0,0.34285714285714286,0.73467094,0.9340645584663614,0.34285714285714286,0.8758099,0.898298890141502,0.34285714285714286,0.68200827,0.9387128451173365
KHRXQDBORJPARY,CHEMBL5726472,CHEMBL5732754,0,0.28735632183908044,0.97600025,0.9999100202496863,0.28735632183908044,0.986647,0.9996851045693682,0.28735632183908044,0.9811515,0.9991268847809164
KHUNAKYVUZRHAO,CHEMBL3638644,CHEMBL3705655,0,0.3950617283950617,0.9819093,0.9986877645425563,0.3950617283950617,0.9903509,0.9986591648128026,0.3950617283950617,0.9841322,0.9992090567777708
KHYIWFZFHGUQTD,CHEMBL3638644,CHEMBL3705655,1,0.3125,0.94042015,0.9111917948653134,0.5632183908045977,0.969778,0.7726719398256859,0.5632183908045977,0.93591124,0.815107554041636
KILYODUCHZHNJW,CHEMBL5543164,CHEMBL5548923,1,0.6923076923076923,0.9991986,0.9999473571538326,0.6923076923076923,0.99914515,0.9999418999313126,0.6923076923076923,0.9990258,0.9999384703531337
KIQXAHPTJTVGOA,CHEMBL3638644,CHEMBL3705655,1,0.31313131313131315,0.9593958,0.9981736129856454,0.5866666666666667,0.9606014,0.9865329447222559,0.5866666666666667,0.9675015,0.9975273925471656
KIUQGEQZQMVVEV,CHEMBL5108059,CHEMBL5112157,1,0.3246753246753247,0.9071208,0.6302018166121158,0.3246753246753247,0.9234988,0.9793726391947193,0.3246753246753247,0.7075919,0.9842397479585714
KIZCESWOQMCQAK,CHEMBL5500428,CHEMBL5505639,0,0.19230769230769232,0.19710024,0.006607655621184585,0.21518987341772153,0.1446782,0.1137785377503048,0.21518987341772153,0.28845036,0.07431248001129824
KJGSQOUUXQLRMB,CHEMBL3638644,CHEMBL3705655,1,0.27956989247311825,0.9732146,0.9986444309419026,0.36046511627906974,0.9836819,0.9934647032718666,0.36046511627906974,0.981417,0.9977900611430944
KJJMEHVNOCXOAR,CHEMBL3286093,CHEMBL3291527,0,0.20652173913043478,0.96854657,0.2653016531374703,0.2,0.97578657,0.9905429022542096,0.20652173913043478,0.915896,0.7809173461441772
KJNGOTGGHJKMLA,CHEMBL5108059,CHEMBL5112157,1,0.2840909090909091,0.9527431,0.9178635422433175,0.30864197530864196,0.9889964,0.9956670776503875,0.30864197530864196,0.9885125,0.9992395475776031
KJWISZTXRAFJRG,CHEMBL3638592,CHEMBL3706089,1,0.22772277227722773,0.78038704,0.8446918346012084,0.22772277227722773,0.8094455,0.9125083232525434,0.22772277227722773,0.6721926,0.9717717288154507
KJYMUGDPPRMHGD,CHEMBL5726701,CHEMBL5733185,0,0.19469026548672566,0.8360443,0.9102885112145598,0.1702127659574468,0.81035095,0.9986515245276446,0.19469026548672566,0.88798803,0.9993190403185179
KKPAKKOQIQMQRC,CHEMBL4020805,CHEMBL4022584,1,0.5714285714285714,0.9926386,0.9999585818388969,0.5714285714285714,0.97478455,0.9999773706410784,0.5714285714285714,0.9790589,0.9999357967320619
KKQILZMBUFXGDU,CHEMBL3638644,CHEMBL3705655,1,0.27927927927927926,0.88588715,0.8588005004963483,0.47191011235955055,0.954453,0.5544891346170883,0.47191011235955055,0.92346,0.8763902176693902
KKQKIBTVXVMULD,CHEMBL3638644,CHEMBL3705655,1,0.28888888888888886,0.9763623,0.9994329828298083,0.36904761904761907,0.9861761,0.9981671363829145,0.36904761904761907,0.994001,0.9999173910733552
KKTSOFXCPJNABK,CHEMBL3638644,CHEMBL3705655,1,0.3106796116504854,0.947363,0.9987840161704289,0.38202247191011235,0.9459871,0.9988547802407606,0.38202247191011235,0.97083783,0.9997574635139278
KKVNBLMTQLDRSE,CHEMBL3638592,CHEMBL3706089,1,0.21739130434782608,0.8033497,0.987342317250868,0.21739130434782608,0.8290829,0.9879509744775449,0.21649484536082475,0.70721537,0.9993818452066041
KKXZMSWJJDMCHB,CHEMBL3638997,CHEMBL3705850,1,0.2111111111111111,0.71264434,0.7144795884439827,0.2,0.6113638,0.8030683426128178,0.2111111111111111,0.769977,0.9954402551524838
KLTBLEIMRJDBBB,CHEMBL5729706,CHEMBL5739310,1,0.1875,0.04214488,0.011076120633346703,0.1875,0.018432789,0.09915682979124103,0.1875,0.012431242,0.00965655536809196
KLUZJISAVWPGMS,CHEMBL3638592,CHEMBL3706089,1,0.23655913978494625,0.8793987,0.5532010395477499,0.23655913978494625,0.8897753,0.8405762581612962,0.23655913978494625,0.85696244,0.9577791109464706
KMCWQXGRNJJTRS,CHEMBL5108059,CHEMBL5112157,1,0.2535211267605634,0.45160422,0.31514501623284596,0.2535211267605634,0.4025885,0.7595840746787111,0.2535211267605634,0.111107625,0.1706427506244112
KMFIODLWYVBJTI,CHEMBL3638644,CHEMBL3705655,1,0.3076923076923077,0.9462806,0.9375265845402853,0.5432098765432098,0.94593817,0.8081873170547805,0.5432098765432098,0.92935324,0.9814661004161109
KMGKYMRHLHJJQL,CHEMBL4020823,CHEMBL4023016,1,0.26373626373626374,0.93260336,0.41459692252865654,0.26373626373626374,0.9040442,0.9450816195195754,0.26373626373626374,0.74450797,0.9668372154094589
KMGZJEWJXAGHOP,CHEMBL5096167,CHEMBL5097329,1,0.6545454545454545,0.8193373,0.7745036944803768,0.6545454545454545,0.80186397,0.400342980455713,0.6545454545454545,0.7891239,0.8113489860224702
KMVHNMPETPMFRJ,CHEMBL4837246,CHEMBL4839366,0,0.2345679012345679,0.7933432,0.9517096672011266,0.2345679012345679,0.6391892,0.6303222966502794,0.20930232558139536,0.47742602,0.1875504111598531
KMZFCMREUKKFCC,CHEMBL3638541,CHEMBL3706289,0,0.17647058823529413,0.94769996,0.9986642242311776,0.17647058823529413,0.9193246,0.9932464501299049,0.17647058823529413,0.7621105,0.9995718123154482
KNCIQSFNPFIMEU,CHEMBL3638592,CHEMBL3706089,1,0.2839506172839506,0.69162756,0.5586594641334075,0.2839506172839506,0.6468807,0.5578118285955781,0.2839506172839506,0.4888195,0.9194337534677249
KNMYPJPTQZGBGV,CHEMBL5620391,CHEMBL5622307,1,0.16346153846153846,0.39125407,0.778339330717383,0.16346153846153846,0.69743806,0.9762248043019169,0.16037735849056603,0.2576207,0.9942257239227399
KNRONZUHGXIQLA,CHEMBL4033707,CHEMBL4035997,0,0.2465753424657534,0.31691474,0.1067529543914962,0.2465753424657534,0.429957,0.9523010181620432,0.2465753424657534,0.40360326,0.9142155428363871
KOELLVSXLRMOMC,CHEMBL3638592,CHEMBL3706089,1,0.2619047619047619,0.92011356,0.9285081974637243,0.25806451612903225,0.94293404,0.9298881057757385,0.2619047619047619,0.94681877,0.9736850421843346
KOGZQRMLAGNKRT,CHEMBL5729432,CHEMBL5738687,0,0.35526315789473684,0.8954913,0.9977099213905526,0.35526315789473684,0.9094145,0.9970133823665508,0.35526315789473684,0.94899845,0.9994286537910478
KOIOINMFIPQGKH,CHEMBL5727131,CHEMBL5734082,0,0.20618556701030927,0.79082066,0.8517156952707801,0.19540229885057472,0.83953804,0.9794732893929373,0.20618556701030927,0.4149328,0.7470885857110718
KOTOQGIWZUTMHO,CHEMBL3638644,CHEMBL3705655,1,0.3333333333333333,0.7044436,0.9872306979165456,0.4044943820224719,0.8452547,0.9824275705803827,0.4044943820224719,0.9154625,0.9982690452842364
KPHKHHHLIKEDLQ,CHEMBL3865829,CHEMBL3867034,1,0.2,0.3723266,0.5718677742793348,0.19811320754716982,0.122749634,0.370307117549499,0.17894736842105263,0.031009534,0.9799404490293732
KPHZMYALYMLQQT,CHEMBL5352392,CHEMBL5352938,1,0.3644859813084112,0.9999703,0.9999131024988616,0.36538461538461536,0.9999597,0.9999898278153339,0.36538461538461536,0.9998512,0.9999865890531372
KPIDGWGWXJVEHJ,CHEMBL4364276,CHEMBL4366252,1,0.21348314606741572,0.41540283,0.9972081098587213,0.21348314606741572,0.33999714,0.9263740473977398,0.21348314606741572,0.04004434,0.9965218917193253
KPJFTLPJNGGGAU,CHEMBL3638592,CHEMBL3706089,1,0.24615384615384617,0.64505947,0.9492145955938807,0.24615384615384617,0.5349604,0.976448040893683,0.24615384615384617,0.48363608,0.9351161106359167
KPYIICUHFXSFAD,CHEMBL4049442,CHEMBL4051856,1,0.37142857142857144,0.9577248,0.5868220085647635,0.4025974025974026,0.9394746,0.294109627175936,0.4025974025974026,0.97057694,0.987081797732575
KQADCJDLQBEAMN,CHEMBL3638592,CHEMBL3706089,1,0.2631578947368421,0.5152847,0.05243977277943366,0.2631578947368421,0.7000964,0.022969183415723866,0.2631578947368421,0.72998947,0.04718963637031032
KQEBASQDUJBNAH,CHEMBL3351642,CHEMBL3380578,1,0.17708333333333334,0.76443744,0.8979371271550075,0.17708333333333334,0.8420828,0.9937475601243441,0.17708333333333334,0.8012843,0.987062502196846
KQOPZHLMVMXEBU,CHEMBL3638592,CHEMBL3706089,1,0.21978021978021978,0.8364487,0.7166320757976586,0.21978021978021978,0.856015,0.5912396589758977,0.21978021978021978,0.6041376,0.862052689733828
KQUCUYUNGWREBC,CHEMBL3638592,CHEMBL3706089,1,0.23863636363636365,0.94425166,0.9739406833121268,0.23863636363636365,0.95928276,0.9431643930828753,0.23595505617977527,0.9047557,0.9578592654200673
KRDRDADGCWRDPV,CHEMBL3638541,CHEMBL3706289,1,0.19767441860465115,0.9646539,0.9960307676282354,0.19767441860465115,0.9384426,0.9280182789604489,0.19767441860465115,0.8580068,0.9988778393191936
KRKMVZHZQBMDAR,CHEMBL3638644,CHEMBL3705655,1,0.4,0.8202176,0.9921228322609434,0.4,0.9278964,0.9901102246042793,0.4,0.9271101,0.9969045346139189
KRLGIZUJWLSHPV,CHEMBL3639211,CHEMBL3706278,1,0.24742268041237114,0.7951949,0.5916676948982906,0.24742268041237114,0.7311524,0.9727301757720371,0.24742268041237114,0.8156754,0.9911645708449784
KRTDWNLBOYSOOE,CHEMBL3638592,CHEMBL3706089,1,0.24210526315789474,0.7424918,0.9393745722994924,0.24175824175824176,0.87380797,0.9270790651214933,0.24210526315789474,0.85414416,0.9855201901112953
KRTYLKABJLYMAC,CHEMBL3638592,CHEMBL3706089,1,0.23684210526315788,0.26648548,0.889029701249296,0.23684210526315788,0.5744612,0.9849618790121224,0.23684210526315788,0.5495684,0.9966002716878557
KRWGDCDIPMGLNX,CHEMBL3638997,CHEMBL3705850,1,0.22784810126582278,0.8665634,0.34120264642691855,0.22784810126582278,0.8450005,0.6979101823188091,0.20253164556962025,0.8805274,0.9846187441378149
KRXHAQBOIOEJDX,CHEMBL3639085,CHEMBL3705815,1,0.4069767441860465,0.9502087,0.9852195870147287,0.4069767441860465,0.9803018,0.9950678914085763,0.4069767441860465,0.98336893,0.9992240351936597
KRYOJFZBIQYOHN,CHEMBL3639085,CHEMBL3705815,1,0.3953488372093023,0.97441024,0.9701886825657082,0.3953488372093023,0.98954725,0.9897381510221305,0.3953488372093023,0.9906724,0.9988774864067629
KSQGUTYIJILXDH,CHEMBL5537133,CHEMBL5538336,1,0.21100917431192662,0.17948747,0.9067263186029925,0.21,0.3710471,0.8932678938491041,0.21,0.109581254,0.9931499079785023
KSXIBIZFJUHIMB,CHEMBL3112582,CHEMBL3116931,1,0.216,0.96592414,0.9996630710035674,0.21,0.9548315,0.996605313764402,0.216,0.8696479,0.9969878114026869
KSXKHJWAISWHSH,CHEMBL1938252,CHEMBL1942434,1,0.4268292682926829,0.85911405,0.9243568409130807,0.4268292682926829,0.94062895,0.9809786612926206,0.4268292682926829,0.9732476,0.9995251440025797
KTDFILJQDSUXIQ,CHEMBL1773044,CHEMBL1777163,1,0.5393258426966292,0.99672407,0.9999434367499372,0.5393258426966292,0.99682933,0.999634220341891,0.5393258426966292,0.99784017,0.9999804072316457
KTDFILJQDSUXIQ,CHEMBL1773044,CHEMBL1777165,1,0.5393258426966292,0.99672407,0.9999434367499372,0.5393258426966292,0.99682933,0.999634220341891,0.5393258426966292,0.99784017,0.9999804072316457
KTKHKHKTWMTSDM,CHEMBL4765397,CHEMBL4772815,0,0.43209876543209874,0.9995092,0.9999310949433873,0.5125,0.9993814,0.9999334919399291,0.5125,0.99931014,0.9999645696913889
KTLFTPMXQQIXMP,CHEMBL3585315,CHEMBL3587365,1,0.24719101123595505,0.98202527,0.7707327594904034,0.20481927710843373,0.97423935,0.8926806305562589,0.20481927710843373,0.9822903,0.9456965360864652
KTMLZKYZENCGLO,CHEMBL1759974,CHEMBL1763561,0,0.23655913978494625,0.12566543,0.035516208535961595,0.23655913978494625,0.25486603,0.3133529897779818,0.23655913978494625,0.08703876,0.0975384378336137
KTOUXFUSEFFTIN,CHEMBL3638592,CHEMBL3706089,1,0.25274725274725274,0.9256445,0.874573288508857,0.25274725274725274,0.9321647,0.7759668855326853,0.25274725274725274,0.8585304,0.9564593318965244
KTZUKRHODLTNFX,CHEMBL3638592,CHEMBL3706089,1,0.25,0.7496415,0.6777930857733028,0.2608695652173913,0.81734514,0.8988279358499749,0.25,0.8680105,0.9741121435747688
KUAUVPBPWZDOEZ,CHEMBL3112582,CHEMBL3116931,1,0.24742268041237114,0.95714223,0.9999328929744952,0.24742268041237114,0.9573912,0.9968742883452784,0.24742268041237114,0.895485,0.9974385972217197
KUCNBQPAJZRQMJ,CHEMBL3822371,CHEMBL3826741,0,0.35135135135135137,0.49287418,0.6930371924687216,0.5633802816901409,0.9320023,0.9894792701269757,0.5633802816901409,0.9761454,0.999509662894959
KUGIFHQBIIHRIZ,CHEMBL3352452,CHEMBL3379685,0,0.2727272727272727,0.9680089,0.9557079880210904,0.2727272727272727,0.97892886,0.9871403014558034,0.2727272727272727,0.9454376,0.9972339807431969
KUGZJOOFUIRXQJ,CHEMBL3638541,CHEMBL3706289,0,0.19101123595505617,0.7259947,0.47292588578436423,0.19101123595505617,0.80592984,0.5990531731993924,0.19101123595505617,0.7054726,0.7527697337620144
KUORPRSMIKJHFF,CHEMBL5543164,CHEMBL5548923,1,0.6271186440677966,0.9936528,0.9999553385133526,0.6271186440677966,0.9939714,0.9999753632439727,0.6271186440677966,0.99504846,0.9999208782863765
KUWGSNAXZXLPHP,CHEMBL3638592,CHEMBL3706089,1,0.24731182795698925,0.8676024,0.6353935329685357,0.24719101123595505,0.93654484,0.9298067930810343,0.24731182795698925,0.925509,0.974316842364819
KVEPKTYZFVUHKX,CHEMBL3585264,CHEMBL3587521,1,0.20588235294117646,0.817683,0.5416933694099215,0.17699115044247787,0.6955063,0.8621734655731144,0.18181818181818182,0.8989514,0.8660686866381965
KVLFRAWTRWDEDF,CHEMBL2331448,CHEMBL2338832,1,0.31958762886597936,0.9421595,0.9812535903462736,0.6714285714285714,0.95824194,0.9827761966544092,0.6714285714285714,0.9584382,0.997281402267659
KVLFRAWTRWDEDF,CHEMBL3638644,CHEMBL3705655,1,0.31958762886597936,0.9421595,0.9812535903462736,0.6714285714285714,0.95824194,0.9827761966544092,0.6714285714285714,0.9584382,0.997281402267659
KVLFRAWTRWDEDF,CHEMBL4007445,CHEMBL4009793,1,0.31958762886597936,0.9421595,0.9812535903462736,0.6714285714285714,0.95824194,0.9827761966544092,0.6714285714285714,0.9584382,0.997281402267659
KVLFRAWTRWDEDF,CHEMBL4229417,CHEMBL4233142,1,0.31958762886597936,0.9421595,0.9812535903462736,0.6714285714285714,0.95824194,0.9827761966544092,0.6714285714285714,0.9584382,0.997281402267659
KVLFRAWTRWDEDF,CHEMBL5352392,CHEMBL5352938,1,0.31958762886597936,0.9421595,0.9812535903462736,0.6714285714285714,0.95824194,0.9827761966544092,0.6714285714285714,0.9584382,0.997281402267659
KVMLDDLEDRJZCM,CHEMBL5726558,CHEMBL5732909,1,0.2976190476190476,0.9543355,0.9788236873930772,0.7571428571428571,0.95595735,0.9840819362005021,0.7571428571428571,0.9680856,0.9936249838238843
KVNKTZATRWQYKP,CHEMBL3638644,CHEMBL3705655,0,0.3333333333333333,0.8635948,0.977295108875723,0.4044943820224719,0.9581028,0.9938137639212039,0.4044943820224719,0.89946955,0.9963449853626659
KVQSNJDXXCWALE,CHEMBL5726558,CHEMBL5732909,1,0.4367816091954023,0.97484505,0.9918117120639455,0.4367816091954023,0.9836442,0.9933858536210399,0.4367816091954023,0.99111384,0.999442546999331
KVUIQBXRXGNAPG,CHEMBL3638997,CHEMBL3705850,1,0.225,0.8171278,0.36903549216540393,0.225,0.8428151,0.7223321071118164,0.2,0.8348671,0.9755350097991091
KVUOCZBGBLOSHC,CHEMBL3638592,CHEMBL3706089,1,0.23,0.80674195,0.9610322420275623,0.22916666666666666,0.88299716,0.9335932857705999,0.22916666666666666,0.85239124,0.9759195946957198
KWDQVRBTEKHDMN,CHEMBL5046253,CHEMBL5047787,1,0.6166666666666667,0.9998115,0.9999884603625975,0.6166666666666667,0.9998591,0.9999378576068556,0.6166666666666667,0.9997906,0.99996954213087
KWSSUPFLCWAJAS,CHEMBL5620391,CHEMBL5622307,1,0.2755102040816326,0.9447485,0.9993744992843856,0.2755102040816326,0.9559479,0.9882218293753154,0.2692307692307692,0.83002913,0.9961567724333795
KXAVFMJVLJGUGS,CHEMBL3638644,CHEMBL3705655,1,0.3627450980392157,0.99250245,0.9996415414628539,0.5301204819277109,0.9857955,0.9997217156083444,0.5301204819277109,0.9887777,0.9996987672041044
KXDXRGGNJRTDPF,CHEMBL3585315,CHEMBL3587365,1,0.23711340206185566,0.9331365,0.13446985496054106,0.20454545454545456,0.92672825,0.6895753332658638,0.20454545454545456,0.9627588,0.9675917832071873
KXKSOJSWBSGZBS,CHEMBL3638644,CHEMBL3705655,1,0.32710280373831774,0.7645577,0.9011056957295797,0.3956043956043956,0.92974824,0.7978783133999896,0.3956043956043956,0.83886206,0.9851018955650416
KXLQZKHNLLVQRZ,CHEMBL4251704,CHEMBL4255944,1,0.2,0.47246897,0.9502985186332755,0.2,0.3446084,0.9924491584251219,0.2,0.21147785,0.999109777891503
KXPHYKKVBFGLGJ,CHEMBL5352392,CHEMBL5352938,1,0.4,0.9999901,0.9999278730001078,0.4,0.9999783,0.9999900979298224,0.4,0.9999161,0.9999879435021765
KYFDEZCOCVVHRB,CHEMBL6087433,CHEMBL6088976,0,0.2872340425531915,0.9929807,0.9952833456554439,0.2872340425531915,0.9959694,0.9966434411717027,0.2872340425531915,0.996555,0.9999071449858753
KYFDEZCOCVVHRB,CHEMBL6087433,CHEMBL6088977,0,0.2872340425531915,0.9929807,0.9952833456554439,0.2872340425531915,0.9959694,0.9966434411717027,0.2872340425531915,0.996555,0.9999071449858753
KYHWEFVVYRGBGA,CHEMBL3638644,CHEMBL3705655,1,0.33663366336633666,0.77839965,0.9496056654828018,0.4090909090909091,0.91515785,0.9475504104269655,0.4090909090909091,0.8708275,0.9945662972197156
KYQBQPVZVMRBAI,CHEMBL3112582,CHEMBL3116931,1,0.21978021978021978,0.6409659,0.9991835834824359,0.21978021978021978,0.7325961,0.9942296360189123,0.21978021978021978,0.27814084,0.9937813879349734
KYRSFLTWTKSZTD,CHEMBL3638592,CHEMBL3706089,1,0.24444444444444444,0.9520326,0.8890075126834509,0.24444444444444444,0.97983897,0.9347954323165397,0.22826086956521738,0.9631821,0.9505306339040153
KZBOFRBSAKBDFV,CHEMBL4364276,CHEMBL4366252,1,0.21348314606741572,0.34373218,0.9959629804772873,0.21348314606741572,0.3063144,0.9138396389919848,0.2222222222222222,0.04925467,0.9917257090872026
KZBVFYIUGYSPEI,CHEMBL3638592,CHEMBL3706089,1,0.22018348623853212,0.9739318,0.9885652108778225,0.21052631578947367,0.982014,0.9415448471454361,0.21052631578947367,0.85964787,0.8901318617752226
KZDLPZVDYIVYHB,CHEMBL3638644,CHEMBL3705655,1,0.28703703703703703,0.9265313,0.9921032119308144,0.5238095238095238,0.951053,0.9820252004292379,0.5238095238095238,0.9065567,0.9938166760865915
KZIMQQPJGWOZSS,CHEMBL3638592,CHEMBL3706089,1,0.21428571428571427,0.7049503,0.96362293457584,0.21428571428571427,0.6900003,0.9824368122903421,0.21428571428571427,0.5951603,0.991511427532284
KZJLHYQNEJSYNN,CHEMBL4477207,CHEMBL4478189,1,0.2345679012345679,0.819508,0.8941134261749237,0.2345679012345679,0.6284794,0.9593035181654379,0.22340425531914893,0.56821024,0.9770486484462796
KZLPKWAQLJXBPE,CHEMBL3638644,CHEMBL3705655,1,0.3238095238095238,0.809088,0.8792318534504929,0.42528735632183906,0.9351978,0.784901513092858,0.42528735632183906,0.80740166,0.9703550776458332
KZMQGBUVYQNFQQ,CHEMBL3638592,CHEMBL3706089,1,0.24742268041237114,0.5726151,0.5757201589953498,0.25842696629213485,0.67626363,0.872657513768569,0.24742268041237114,0.6225749,0.9823571751002642
KZSBTQPLINZDLL,CHEMBL3639133,CHEMBL3706375,1,0.25773195876288657,0.9746985,0.9687366445231269,0.2755102040816326,0.9736535,0.8789774454421618,0.27835051546391754,0.983267,0.9867352818189835
LAGOIAGOMPRLAM,CHEMBL4017506,CHEMBL4019299,1,0.4126984126984127,0.77962536,0.6156698938271463,0.421875,0.8243428,0.717135846469123,0.4126984126984127,0.8905584,0.9836072484089285
LAIACFMZANZCBH,CHEMBL3638592,CHEMBL3706089,1,0.24719101123595505,0.95613813,0.87448907804042,0.24719101123595505,0.97578204,0.9566349166066832,0.23076923076923078,0.96736276,0.9685810266588835
LAOMRFNHRAWXNI,CHEMBL3638644,CHEMBL3705655,1,0.32098765432098764,0.6793221,0.9746487029622967,0.3793103448275862,0.80566514,0.9431764431634619,0.3793103448275862,0.91085654,0.9892184445361801
LARMBNPCNWXQHW,CHEMBL3112582,CHEMBL3116931,1,0.20754716981132076,0.9574366,0.9987712967295364,0.22448979591836735,0.9728694,0.9995848436623064,0.22448979591836735,0.9406317,0.9987940678780871
LAYSHJBZMVAZOG,CHEMBL5729432,CHEMBL5738687,0,0.3333333333333333,0.64690936,0.9953402799002717,0.3333333333333333,0.80100346,0.9920149390037519,0.3333333333333333,0.74390465,0.9972917716894834
LBIPJQHFIZPQHA,CHEMBL4196123,CHEMBL4199839,1,0.26804123711340205,0.9605236,0.9945977308547399,0.26595744680851063,0.9671522,0.9846744778458594,0.26804123711340205,0.96271396,0.9999386302029121
LBPTYQCUZDBNJO,CHEMBL3639085,CHEMBL3705815,1,0.36363636363636365,0.99697936,0.9995274359282871,0.36363636363636365,0.99846774,0.999882516831053,0.36363636363636365,0.9989949,0.9999850196002903
LBQBMEVXMVNFHK,CHEMBL3585264,CHEMBL3587521,1,0.17346938775510204,0.58933693,0.14188832969137793,0.17346938775510204,0.4646271,0.718127138797852,0.17346938775510204,0.6664361,0.34430270240756045
LBQQFNZXPBFRRR,CHEMBL3639211,CHEMBL3706278,1,0.18823529411764706,0.86107624,0.6251086690478953,0.18823529411764706,0.7943213,0.2335627348246294,0.18823529411764706,0.3517012,0.06115517994865002
LCDXOYXPZMMFBR,CHEMBL3638644,CHEMBL3705655,1,0.34408602150537637,0.9880513,0.9906889178659306,0.4235294117647059,0.99108934,0.9836609952626406,0.4235294117647059,0.9922426,0.9971707676283941
LCFVDZUNXUNVHL,CHEMBL6177937,CHEMBL6178930,1,0.20270270270270271,0.106264055,0.21562069547277235,0.20270270270270271,0.17270324,0.06537964189744551,0.20270270270270271,0.036522657,0.031174638976546702
LCHCDTGNRAZBMR,CHEMBL3638644,CHEMBL3705655,1,0.3137254901960784,0.9097614,0.9304288599329058,0.618421052631579,0.9386853,0.9397623691490627,0.618421052631579,0.94155383,0.9765591759329241
LCKGJTIWDFROIA,CHEMBL4819017,CHEMBL4820258,1,0.1935483870967742,0.97904575,0.22148937233480376,0.1935483870967742,0.9782209,0.9174160786412796,0.18867924528301888,0.97082496,0.4919195730352111
LCNRKIAIJUEOTK,CHEMBL3638592,CHEMBL3706089,1,0.28735632183908044,0.7829596,0.6706128890448058,0.28735632183908044,0.83530116,0.8917119716098043,0.28735632183908044,0.83984846,0.99282665011837
LCOGDCJGRKNDPY,CHEMBL3638644,CHEMBL3705655,1,0.30275229357798167,0.67966384,0.9853448052952907,0.5301204819277109,0.7661678,0.9717594778271902,0.5301204819277109,0.63374954,0.9937527957587112
LCVDFKDYWNKZHH,CHEMBL3639133,CHEMBL3706375,1,0.21348314606741572,0.62009126,0.9961565145696125,0.21348314606741572,0.46027896,0.9965390723714869,0.21348314606741572,0.47073665,0.9997749692098044
LDEKSEIDMAEWQY,CHEMBL3352452,CHEMBL3379685,0,0.18888888888888888,0.9250899,0.5334557422946056,0.18888888888888888,0.9229931,0.8784040969858374,0.18888888888888888,0.8551456,0.8894945503344022
LDEKSEIDMAEWQY,CHEMBL3638541,CHEMBL3706289,1,0.18888888888888888,0.9250899,0.5334557422946056,0.18888888888888888,0.9229931,0.8784040969858374,0.18888888888888888,0.8551456,0.8894945503344022
LDEWHGGBXMOXHB,CHEMBL3639133,CHEMBL3706375,1,0.20689655172413793,0.71437603,0.6238675056442158,0.20689655172413793,0.7430323,0.6905850290874893,0.20202020202020202,0.7196859,0.9601370098500716
LDVVRQJDCUKPGB,CHEMBL3639211,CHEMBL3706278,1,0.22641509433962265,0.6166168,0.9963376654072598,0.22641509433962265,0.7748278,0.986059139438941,0.22641509433962265,0.75518465,0.9924283812591115
LDYBUACKYNEFHT,CHEMBL5137017,CHEMBL5138978,0,0.3333333333333333,0.8949187,0.7810640733528915,0.3333333333333333,0.9031231,0.9232429333526282,0.3333333333333333,0.8608316,0.9866521284870229
LEEHWCZKDJYTCJ,CHEMBL3639133,CHEMBL3706375,1,0.21904761904761905,0.93358195,0.873792340769224,0.24742268041237114,0.93478954,0.9386552870859304,0.25,0.9791398,0.9994932488063257
LELGTHAVSLRMFV,CHEMBL3638644,CHEMBL3705655,1,0.3617021276595745,0.9904689,0.9998243388705356,0.3617021276595745,0.97990364,0.9910734931072981,0.35714285714285715,0.97825646,0.9978536887651852
LETHISNIFGITRE,CHEMBL1255226,CHEMBL1261684,1,0.25263157894736843,0.95532113,0.9991172218095214,0.27358490566037735,0.95068645,0.9999908940712444,0.27358490566037735,0.7755275,0.9999777081330753
LFEXOPJYDVGKEF,CHEMBL4842397,CHEMBL4845571,1,0.18181818181818182,0.73107946,0.9227984485962343,0.18181818181818182,0.843638,0.9529272531435476,0.18181818181818182,0.6917164,0.9974903267785177
LFIRBBMGSZJGOD,CHEMBL3638592,CHEMBL3706089,1,0.26666666666666666,0.9649029,0.8222738405639912,0.2978723404255319,0.9804418,0.6505002741890408,0.2978723404255319,0.9806583,0.8615505233122102
LFNFHNCQBZQOEE,CHEMBL3639133,CHEMBL3706375,1,0.19491525423728814,0.68372893,0.4447521340042507,0.19008264462809918,0.6911785,0.7507146467631511,0.1941747572815534,0.69790494,0.9293306391799219
LFTBFBXWPUSAAX,CHEMBL3638592,CHEMBL3706089,1,0.19626168224299065,0.753564,0.5124040524305981,0.19469026548672566,0.8742366,0.533369849371267,0.19469026548672566,0.78436625,0.6626938238151732
LFYPWGHGCLLBTC,CHEMBL3639133,CHEMBL3706375,1,0.2159090909090909,0.5240955,0.023217761089215017,0.2159090909090909,0.5776276,0.019690940886906858,0.21739130434782608,0.5576945,0.049551523437462254
LGCITXMNOQGKAN,CHEMBL3639211,CHEMBL3706278,1,0.18584070796460178,0.70622945,0.877007314602445,0.18584070796460178,0.73111385,0.6504498698446002,0.1836734693877551,0.37813053,0.05477850165566691
LGGGGYCAUORKLE,CHEMBL3639211,CHEMBL3706278,1,0.19148936170212766,0.55516964,0.5055711512308131,0.19148936170212766,0.4151031,0.21020543098646755,0.19148936170212766,0.1857888,0.027763330906946115
LGTXWSJRDSQVEU,CHEMBL3638644,CHEMBL3705655,1,0.30434782608695654,0.9422156,0.9617897553043931,0.32926829268292684,0.94962376,0.9469293458099959,0.32926829268292684,0.95592326,0.9981839393369836
LGWACEZVCMBSKW,CHEMBL5346869,CHEMBL5347353,1,0.4918032786885246,0.98734295,0.9906069660131784,0.4918032786885246,0.98468333,0.9762674625067523,0.4918032786885246,0.99224806,0.996702889530122
LGZVEVBGWPNCIJ,CHEMBL3638541,CHEMBL3706289,0,0.22340425531914893,0.89825726,0.9955041458443131,0.22340425531914893,0.93814254,0.9436784604480654,0.22340425531914893,0.85409313,0.9956045128264207
LHBDFSZOARHGLZ,CHEMBL4842397,CHEMBL4845571,1,0.19387755102040816,0.9913345,0.9480037256904783,0.19387755102040816,0.990257,0.9980866577670496,0.19387755102040816,0.98997724,0.9490362730902697
LHDDJVLSHMJNRL,CHEMBL3639085,CHEMBL3705815,1,0.5714285714285714,0.9283208,0.9895309459767536,0.5714285714285714,0.9408576,0.9941627054014666,0.5714285714285714,0.91943455,0.5926310765701814
LHPGQWCRLHONSN,CHEMBL3638644,CHEMBL3705655,1,0.3402061855670103,0.7816223,0.9644329230806719,0.38372093023255816,0.9648313,0.9643010019907465,0.38372093023255816,0.97520363,0.9883716985733405
LHSZSFCGMVMSQY,CHEMBL3638592,CHEMBL3706089,1,0.23076923076923078,0.60176337,0.7651889817997573,0.23076923076923078,0.7199092,0.9743697443756208,0.23076923076923078,0.5848687,0.9758682279669911
LHVYWOKFKJOYJF,CHEMBL3734757,CHEMBL3738862,1,0.2,0.70580095,0.5476634988957548,0.2,0.7518547,0.9923009921812374,0.2,0.31808892,0.5156959927426628
LIETXPHJYADZRQ,CHEMBL5543164,CHEMBL5548923,1,0.5967741935483871,0.9984074,0.9999831547921917,0.5967741935483871,0.99868256,0.99994958185929,0.5967741935483871,0.99901485,0.9998694227986389
LILBAKYEAUUWIF,CHEMBL5046253,CHEMBL5047787,1,0.6166666666666667,0.9999212,0.9999667315649875,0.6166666666666667,0.9999254,0.9999199139714509,0.6166666666666667,0.9998789,0.9999769353765156
LISIKGZNDKCXNH,CHEMBL5729432,CHEMBL5738687,1,0.35384615384615387,0.72484976,0.9980479302860076,0.35384615384615387,0.53179276,0.9570467765804217,0.35384615384615387,0.43305403,0.9964196660940543
LJDVGNJQONKGPF,CHEMBL3639163,CHEMBL3705287,1,0.20202020202020202,0.009252959,0.7655744699994912,0.20202020202020202,0.005248721,0.7392764829705437,0.20202020202020202,0.0022773263,0.9896036899689107
LJHLHUOJEIXADF,CHEMBL3639211,CHEMBL3706278,1,0.205607476635514,0.9130328,0.8778016291728491,0.205607476635514,0.9036569,0.9222970821978512,0.19444444444444445,0.85193944,0.828434274145124
LJIORXSQTWSAPJ,CHEMBL4020805,CHEMBL4022584,1,0.5421686746987951,0.999723,0.999961242455558,0.5421686746987951,0.99932504,0.9999804429168586,0.4852941176470588,0.9982199,0.9999787197029613
LKHMVKNMSWRHJH,CHEMBL5331073,CHEMBL5332683,1,0.32038834951456313,0.9960699,0.9993115122534557,0.32038834951456313,0.999204,0.9993186769948342,0.32038834951456313,0.9987638,0.9998641710028942
LKSZUZQUVIPHTA,CHEMBL3638592,CHEMBL3706089,1,0.2696629213483146,0.8238456,0.9704155572775262,0.2696629213483146,0.89545757,0.9767597746762879,0.2696629213483146,0.9034493,0.9935087488929608
LKZTUGNQRBBSGT,CHEMBL1759974,CHEMBL1763561,1,0.23076923076923078,0.5219984,0.8211713465040591,0.23076923076923078,0.6241517,0.36811373715682755,0.23076923076923078,0.55684966,0.59458856391144
LLBFTBBDYSBXLA,CHEMBL1759974,CHEMBL1763561,0,0.23404255319148937,0.489119,0.09000245444277222,0.23404255319148937,0.4560548,0.20570310459059304,0.23404255319148937,0.19703762,0.0444630585287626
LLGOOPAYPZWRGF,CHEMBL3638644,CHEMBL3705655,1,0.3137254901960784,0.95372117,0.9978021104770246,0.367816091954023,0.9753573,0.9986309011649998,0.367816091954023,0.9619885,0.9998743251474378
LMEXCLOAJVZZCS,CHEMBL4359902,CHEMBL4363193,0,0.175,0.2561028,0.7337870228273331,0.1782178217821782,0.39948344,0.9748987191368373,0.1794871794871795,0.10220596,0.9926684047626897
LMHXIDGNSHJMLW,CHEMBL3638592,CHEMBL3706089,1,0.23,0.9384245,0.981163667910283,0.23,0.97152823,0.9862580518999402,0.23,0.96597034,0.9774238066366925
LMMBRLXNJOPUTK,CHEMBL3638644,CHEMBL3705655,1,0.34444444444444444,0.97835505,0.9989154382774152,0.3625,0.96610796,0.9990277132996807,0.3625,0.98664993,0.9996383516856142
LMQBNELVEJCSGD,CHEMBL3639133,CHEMBL3706375,1,0.21428571428571427,0.843828,0.9265513636448688,0.2,0.744065,0.95563176074977,0.21428571428571427,0.8301015,0.9890365126512093
LMQLLTCGLMHNRO,CHEMBL5506030,CHEMBL5510347,1,0.37681159420289856,0.98005897,0.9397524994121976,0.37681159420289856,0.984751,0.8304162790248412,0.37681159420289856,0.98615164,0.9496098818781346
LMQMCAIBWQKCOB,CHEMBL1759974,CHEMBL1763561,1,0.2,0.24154821,0.10445232502940681,0.2,0.43980598,0.7700782473000737,0.2,0.35152128,0.8972313406044097
LMXYZMNDIFPRCF,CHEMBL5046253,CHEMBL5047787,1,0.6153846153846154,0.99986386,0.9999886927997399,0.6153846153846154,0.9999275,0.9999592462165502,0.6153846153846154,0.9998987,0.9999858762457389
LNGGLFWITGYQKY,CHEMBL4229417,CHEMBL4233142,1,0.35064935064935066,0.931999,0.9973050291895043,0.6714285714285714,0.9444845,0.9981608928031822,0.6714285714285714,0.9548479,0.9802204476257635
LNGUFEPEXOQNJH,CHEMBL3639211,CHEMBL3706278,1,0.24299065420560748,0.20478164,0.2711245472990877,0.24299065420560748,0.25814164,0.16363223176488534,0.21296296296296297,0.29992542,0.023667321322966034
LODPWNVFWVRUDN,CHEMBL5725838,CHEMBL5731581,1,0.1836734693877551,0.97191566,0.9998079246853763,0.1836734693877551,0.96915764,0.9997896187653637,0.1836734693877551,0.97003394,0.9999264676272672
LORJNYGLNORQEM,CHEMBL3351642,CHEMBL3380578,1,0.19148936170212766,0.6280883,0.8999598464248755,0.19148936170212766,0.7573421,0.997450566448932,0.19148936170212766,0.78804386,0.9908466740602779
LOVNNABMLHFLTH,CHEMBL3638592,CHEMBL3706089,1,0.25806451612903225,0.91051614,0.9805588593829678,0.25806451612903225,0.9392516,0.9627835334181942,0.25806451612903225,0.9478426,0.9976185723059864
LOXGIWMINHYAFZ,CHEMBL3638592,CHEMBL3706089,1,0.24444444444444444,0.9353931,0.678389905012026,0.30434782608695654,0.9719697,0.7621496889869896,0.3076923076923077,0.98378927,0.9627177620735208
LPCFSKYWYNICAE,CHEMBL3638592,CHEMBL3706089,1,0.2727272727272727,0.9288021,0.6779698117502818,0.25842696629213485,0.9721352,0.8058259537646233,0.2727272727272727,0.97877353,0.9627177620735208
LPGOIQYONPWJMY,CHEMBL3638997,CHEMBL3705850,1,0.2222222222222222,0.552332,0.4197179825809206,0.2222222222222222,0.6881613,0.7049298247368905,0.22784810126582278,0.63842636,0.9535959428134415
LPJAKJUVEMSSSX,CHEMBL4842397,CHEMBL4845571,1,0.17525773195876287,0.98656344,0.19858266684434517,0.17525773195876287,0.98910123,0.907359195085486,0.17272727272727273,0.9901473,0.8200357371996692
LPJDFDZMVRDOLM,CHEMBL3638644,CHEMBL3705655,1,0.3177570093457944,0.9328347,0.9526829867928122,0.5116279069767442,0.9536639,0.897963680928764,0.5116279069767442,0.96237534,0.9912611760951225
LPLRXKMTJHBGBG,CHEMBL1255226,CHEMBL1261684,1,0.24742268041237114,0.94015265,0.9839611207724216,0.24742268041237114,0.9530861,0.9997228276447733,0.24742268041237114,0.7539486,0.9998656357018532
LPQNHUUMWHCKNU,CHEMBL3638541,CHEMBL3706289,1,0.20618556701030927,0.9171525,0.9961115891570902,0.20618556701030927,0.94915146,0.9593850595457448,0.20618556701030927,0.8032009,0.9968306346552509
LPWMGXFYMASJBJ,CHEMBL3638997,CHEMBL3705850,1,0.22988505747126436,0.6204099,0.9306336228570653,0.22988505747126436,0.75027776,0.7777509413587758,0.22916666666666666,0.8250499,0.968991186550754
LQCFRUUPBAMHIY,CHEMBL4837246,CHEMBL4839366,1,0.17,0.7628876,0.3563652074731253,0.17,0.5067835,0.8313911632798862,0.17,0.27546665,0.17755527695107595
LQTYGHZRBUVRMR,CHEMBL4251704,CHEMBL4255944,1,0.20454545454545456,0.6077555,0.9252446754958287,0.20454545454545456,0.49998182,0.8885406895288105,0.20454545454545456,0.12070126,0.9922797807980578
LQTYGHZRBUVRMR,CHEMBL4251704,CHEMBL4255949,1,0.20454545454545456,0.6077555,0.9252446754958287,0.20454545454545456,0.49998182,0.8885406895288105,0.20454545454545456,0.12070126,0.9922797807980578
LQVBWOWJRUSURM,CHEMBL3639211,CHEMBL3706278,1,0.2037037037037037,0.5010894,0.4060288501652946,0.2037037037037037,0.7173452,0.33256094652904633,0.19540229885057472,0.44311377,0.04152958515719559
LRSQBMMOLVJBMX,CHEMBL3638592,CHEMBL3706089,1,0.2692307692307692,0.9733858,0.9733477874513021,0.3125,0.98793155,0.9003906683424093,0.3157894736842105,0.99333715,0.9728566399450637
LRXWXPNNYUTVJN,CHEMBL3638997,CHEMBL3705850,1,0.225,0.67542416,0.5858391703467765,0.225,0.73645157,0.8443610355863445,0.2,0.7449953,0.8418153905493696
LSAGJZYEJDPFKI,CHEMBL4020805,CHEMBL4022584,1,0.65,0.9994381,0.9999904407040953,0.65,0.99774975,0.9999806857065128,0.65,0.99627954,0.9999215702640242
LSFWKSBMISCQGR,CHEMBL3638644,CHEMBL3705655,1,0.34615384615384615,0.9600007,0.998890342326962,0.5176470588235295,0.9611098,0.977660205286601,0.5176470588235295,0.9626133,0.9917339367927668
LSHYROXESVPSML,CHEMBL3638592,CHEMBL3706089,1,0.23333333333333334,0.97674197,0.9025087158838033,0.23333333333333334,0.97686493,0.9597609694787902,0.23333333333333334,0.9671853,0.9749010397865876
LSJKQIPGKZRRMK,CHEMBL3638997,CHEMBL3705850,1,0.24468085106382978,0.8578194,0.9810223215345014,0.24468085106382978,0.89047116,0.9738978767707794,0.24468085106382978,0.9182039,0.9963907644057114
LSMQIYZTDFZQRY,CHEMBL3112582,CHEMBL3116931,1,0.22641509433962265,0.96860933,0.9998077737052943,0.21487603305785125,0.9344886,0.9960264246855675,0.21487603305785125,0.8151374,0.9959274438125564
LSPJWTULWKYRTQ,CHEMBL4354853,CHEMBL4358404,1,0.22131147540983606,0.96357006,0.9806834445066519,0.21818181818181817,0.8776381,0.9379258829973921,0.22131147540983606,0.68486947,0.9772452772470425
LSSOSVJQFVQSLW,CHEMBL3638997,CHEMBL3705850,1,0.3333333333333333,0.3811337,0.7135809148093346,0.3333333333333333,0.7034023,0.780073298713587,0.25675675675675674,0.64321285,0.9200952825236095
LSVRPBFQZIHWAX,CHEMBL3638592,CHEMBL3706089,1,0.2988505747126437,0.9000687,0.5297344349290929,0.29545454545454547,0.95483845,0.5137173117119957,0.2988505747126437,0.95625573,0.9388519910661087
LTEQUMZOEARBBV,CHEMBL3638644,CHEMBL3705655,1,0.3181818181818182,0.8543773,0.9924111181458719,0.5116279069767442,0.89750034,0.6933195918208076,0.5116279069767442,0.84579873,0.7979782666922695
LTFBPGRYLZBODW,CHEMBL3639211,CHEMBL3706278,1,0.21568627450980393,0.7494423,0.7632794456904307,0.21568627450980393,0.80558336,0.9860249186603561,0.21568627450980393,0.8283381,0.9933202621572739
LTHPGSCEYKYMOJ,CHEMBL3639211,CHEMBL3706278,1,0.19469026548672566,0.7526932,0.6503346058904382,0.19469026548672566,0.838729,0.8234283839510143,0.17886178861788618,0.69148433,0.2997816884257842
LTMPRYYCLDWGOF,CHEMBL3638592,CHEMBL3706089,1,0.22,0.92228234,0.7600321476658632,0.21839080459770116,0.96287715,0.8372775418944997,0.21839080459770116,0.95257914,0.9100337399061857
LUEQFYIKOIQERT,CHEMBL3638592,CHEMBL3706089,1,0.26373626373626374,0.76493853,0.8276609165799143,0.26373626373626374,0.8886099,0.8826717581602669,0.26373626373626374,0.7663523,0.9330455859025453
LUMUHJQVMHUAOI,CHEMBL3638644,CHEMBL3705655,1,0.30303030303030304,0.88393986,0.9965114599766236,0.5,0.9181513,0.9756436942011795,0.5,0.9063875,0.9937930480138006
LUTUWNADHLKBGM,CHEMBL4725466,CHEMBL4731424,0,0.3058823529411765,0.9789711,0.9998942612243504,0.3048780487804878,0.96748227,0.9989781204102703,0.3058823529411765,0.96639466,0.9998263939411335
LVADTYNTZVNOTH,CHEMBL3639211,CHEMBL3706278,1,0.19148936170212766,0.6177584,0.7138105853480965,0.19148936170212766,0.656645,0.5393664192379694,0.19148936170212766,0.39269683,0.043486312735117695
LVCOTOLJLJPJMH,CHEMBL3734757,CHEMBL3738862,1,0.23300970873786409,0.97227705,0.9995960403835391,0.23300970873786409,0.9785659,0.9999931355631396,0.23008849557522124,0.9128704,0.9999648463240556
LVDJQVSQNCBSNP,CHEMBL3638644,CHEMBL3705655,1,0.3106796116504854,0.89069754,0.8804231961284579,0.6103896103896104,0.92244124,0.8035827250288198,0.6103896103896104,0.93455637,0.9759666227085135
LVKAVMMRQZPDQN,CHEMBL3638592,CHEMBL3706089,1,0.2553191489361702,0.6987265,0.9913881506324389,0.2912621359223301,0.80222565,0.9814214427255714,0.2912621359223301,0.79393554,0.9969632894663337
LVPBYQVQBZLDAU,CHEMBL5726558,CHEMBL5732909,1,0.43023255813953487,0.975328,0.9930276732144235,0.43023255813953487,0.98846114,0.9926586027339703,0.43023255813953487,0.9930555,0.9992402045784313
LVUSAPAAXSOAIN,CHEMBL5729432,CHEMBL5738687,0,0.35526315789473684,0.72566146,0.9976147888777332,0.35526315789473684,0.78176486,0.9751506851246949,0.35526315789473684,0.8244952,0.9980156055712354
LVZUUWFAWJNKFK,CHEMBL3638541,CHEMBL3706289,0,0.24489795918367346,0.968777,0.9993034293696555,0.24489795918367346,0.9616519,0.9987322942675119,0.24489795918367346,0.9210353,0.9993455917813651
LWJMVOBSLCHODM,CHEMBL3638592,CHEMBL3706089,1,0.23076923076923078,0.947811,0.9872724115642857,0.22018348623853212,0.9667591,0.9600372790662248,0.22018348623853212,0.85021603,0.9027181904240302
LWVAAACGSNCHCZ,CHEMBL3638644,CHEMBL3705655,1,0.32,0.87840134,0.9665919626694442,0.32,0.9301799,0.9867503699586531,0.32,0.9401967,0.9975649449014512
LXCWOIKCGFEQIM,CHEMBL3639133,CHEMBL3706375,1,0.2524271844660194,0.93530494,0.986854763796488,0.2524271844660194,0.90527475,0.9655590567284521,0.24175824175824176,0.951188,0.9702915946868215
LXFGQYHRDFXPKF,CHEMBL3638592,CHEMBL3706089,1,0.25287356321839083,0.844471,0.6246254408430458,0.25287356321839083,0.93650985,0.886423150998067,0.25287356321839083,0.9101302,0.9309813765020236
LXIMBFWDAHAFNB,CHEMBL3638592,CHEMBL3706089,1,0.22321428571428573,0.90012664,0.814221784305473,0.22321428571428573,0.91772896,0.8598682275887116,0.22093023255813954,0.839643,0.9071551455811302
LXQQKUPLQXPQBI,CHEMBL3639211,CHEMBL3706278,1,0.184,0.48494276,0.2808085081632774,0.18518518518518517,0.51867473,0.8229040474956004,0.184,0.60982895,0.10161084893737607
LXSBHKIYYHJIKR,CHEMBL3638592,CHEMBL3706089,1,0.23711340206185566,0.5635022,0.6124067891967322,0.24742268041237114,0.6747102,0.8953408822493943,0.23711340206185566,0.68700147,0.9736455823176821
LYIRORGYNWPXCA,CHEMBL4680347,CHEMBL4689247,1,0.32,0.55192745,0.9852507746283634,0.32,0.76760656,0.9810117209046664,0.32,0.72569174,0.9954348525139574
LYJJTMKJMIRDGG,CHEMBL5608196,CHEMBL5609678,1,0.46987951807228917,0.98715776,0.9997212207288305,0.46987951807228917,0.9830549,0.9964072044800862,0.46987951807228917,0.9702921,0.9990848370848554
LYONYOBUMSHVDT,CHEMBL3638997,CHEMBL3705850,1,0.3380281690140845,0.8224095,0.5055553819586599,0.3380281690140845,0.7012206,0.3176443115183968,0.29411764705882354,0.82682097,0.8190767328429135
LYSNNTWSYQSRTD,CHEMBL3638592,CHEMBL3706089,1,0.2765957446808511,0.6934451,0.0159023087845439,0.2736842105263158,0.8773255,0.021078564540443243,0.2765957446808511,0.9391637,0.10716044567832254
LYWAOJLWRHFVIR,CHEMBL3638592,CHEMBL3706089,1,0.2692307692307692,0.7835896,0.8546014049010806,0.2765957446808511,0.93249124,0.9362131697998253,0.2765957446808511,0.93317515,0.949645633482571
LYZVYVLSMGRTPB,CHEMBL1759974,CHEMBL1763481,1,0.2916666666666667,0.8835239,0.9967578613671547,0.3484848484848485,0.940425,0.9975285846147796,0.2916666666666667,0.89115334,0.9995670335297152
LYZVYVLSMGRTPB,CHEMBL1759974,CHEMBL1763561,1,0.2916666666666667,0.8835239,0.9967578613671547,0.3484848484848485,0.940425,0.9975285846147796,0.2916666666666667,0.89115334,0.9995670335297152
LZDMNDUELOWCFW,CHEMBL2062409,CHEMBL2065058,1,0.6338028169014085,0.9990421,0.9999653914757176,0.6338028169014085,0.99939466,0.9999612945887503,0.5945945945945946,0.9994246,0.9999527334871494
LZKXBBBGUGTFQS,CHEMBL5729432,CHEMBL5738687,1,0.41935483870967744,0.8311755,0.929047358136253,0.41935483870967744,0.91111416,0.9954760263203364,0.41935483870967744,0.88256127,0.9836405035364069
LZLRMNIFIKFARU,CHEMBL3639133,CHEMBL3706375,1,0.2727272727272727,0.9463176,0.9995636441594291,0.2727272727272727,0.9023434,0.9981771414267167,0.2727272727272727,0.9308536,0.999692247156918
LZTQYCPOAURKCR,CHEMBL3638644,CHEMBL3705655,1,0.34065934065934067,0.9704542,0.995191794652413,0.37037037037037035,0.9803197,0.9773634802419311,0.37037037037037035,0.97596437,0.9982744379322425
LZYDHSQOLGVFOD,CHEMBL5620391,CHEMBL5622307,1,0.1650485436893204,0.54285586,0.9656454317632,0.1650485436893204,0.76866144,0.9945544143661115,0.1744186046511628,0.47635436,0.9989598487562918
MAJSWWGKAQQBGE,CHEMBL3638644,CHEMBL3705655,1,0.3870967741935484,0.8539447,0.986724493152956,0.3977272727272727,0.95217973,0.9774578226477993,0.3977272727272727,0.95201427,0.9979578552520226
MAKSGVGZIUMEQH,CHEMBL3638644,CHEMBL3705655,1,0.3173076923076923,0.98927563,0.9940898777708542,0.4186046511627907,0.99207324,0.9913006819638254,0.4186046511627907,0.9911327,0.9976525467478601
MAWOLROLLDMOLC,CHEMBL6087433,CHEMBL6088976,0,0.3020833333333333,0.95813775,0.9988458547171388,0.3020833333333333,0.98638994,0.9980403844100744,0.3020833333333333,0.99103045,0.9999029734862983
MAWOLROLLDMOLC,CHEMBL6087433,CHEMBL6088977,0,0.3020833333333333,0.95813775,0.9988458547171388,0.3020833333333333,0.98638994,0.9980403844100744,0.3020833333333333,0.99103045,0.9999029734862983
MAXHGWQUDVMRJX,CHEMBL5725838,CHEMBL5731581,0,0.21428571428571427,0.64233524,0.9990316133681636,0.21428571428571427,0.70131224,0.9988663993845488,0.21428571428571427,0.72577024,0.9995102642849639
MBCHVWKSUSNICJ,CHEMBL3638592,CHEMBL3706089,1,0.24509803921568626,0.9217193,0.8712483167233626,0.24509803921568626,0.9682432,0.9532717624308531,0.24509803921568626,0.9779243,0.9813285136582732
MBSWHAIKHFNGLC,CHEMBL3638592,CHEMBL3706089,1,0.24731182795698925,0.1990776,0.6622946209086431,0.3,0.29165295,0.7449338261756698,0.24731182795698925,0.2872484,0.9040170506842232
MBUHEEFEPXKIBO,CHEMBL5500428,CHEMBL5505639,0,0.24705882352941178,0.5741864,0.031122633529357655,0.24705882352941178,0.63241315,0.28229253774044044,0.24705882352941178,0.59643435,0.13846010209376455
MBUJDZLQDONEPD,CHEMBL4020805,CHEMBL4022584,1,0.6557377049180327,0.9816913,0.9999263035815095,0.6557377049180327,0.86260635,0.9989747615614741,0.6557377049180327,0.92591137,0.9997838856076614
MBXZJWKXDYOBEK,CHEMBL3638541,CHEMBL3706289,1,0.36666666666666664,0.9819725,0.9913201671292142,0.36666666666666664,0.9872596,0.9872702133368876,0.36666666666666664,0.95138454,0.9991356738912217
MCAGMAJPKOVDSS,CHEMBL3638592,CHEMBL3706089,1,0.22988505747126436,0.93364155,0.961251507887744,0.22988505747126436,0.94471776,0.9622306821350688,0.22988505747126436,0.944743,0.9935876496393269
MCDDZMMDVXAFRK,CHEMBL3108735,CHEMBL3112126,1,0.55,0.9755906,0.8594785982587408,0.55,0.8971558,0.492724232239166,0.4827586206896552,0.92196226,0.4929908134154468
MCIZKSLGJKZUHM,CHEMBL3639211,CHEMBL3706278,1,0.22123893805309736,0.6739613,0.3688846491348538,0.23008849557522124,0.7719862,0.9392067555609737,0.22123893805309736,0.8386639,0.31596536109433077
MCLNIVACIJSQET,CHEMBL5726558,CHEMBL5732909,1,0.36,0.98076195,0.9891512542432742,0.43209876543209874,0.95305187,0.99193208409781,0.43209876543209874,0.9661828,0.9950610859803968
MCULTFKGCPISLU,CHEMBL3638592,CHEMBL3706089,1,0.2391304347826087,0.9107191,0.9087086019819283,0.2391304347826087,0.94863427,0.9804082957560599,0.2391304347826087,0.9487556,0.9934690676807252
MCYVZPIKQPIUPI,CHEMBL3638644,CHEMBL3705655,1,0.3020833333333333,0.93592083,0.9624279172521882,0.3780487804878049,0.88786256,0.966584936820989,0.3780487804878049,0.892195,0.9980816054926125
MDHVWFCNNDFSSN,CHEMBL3638541,CHEMBL3706289,0,0.25842696629213485,0.8714211,0.9546422761283535,0.25842696629213485,0.9436588,0.9981823452490223,0.25842696629213485,0.9168982,0.9995160566596214
MDIPDNSTUVOUDK,CHEMBL3638644,CHEMBL3705655,1,0.2980769230769231,0.77442366,0.9912120325156665,0.55,0.8420351,0.9679965607056962,0.55,0.73701626,0.9951878996040724
MDIVDEHECSJESI,CHEMBL3638997,CHEMBL3705850,1,0.2261904761904762,0.5346372,0.2595844885141826,0.2261904761904762,0.5947929,0.8435389775603275,0.21978021978021978,0.73301196,0.9948711121527016
MDOHUUXUSJCWPN,CHEMBL3638592,CHEMBL3706089,1,0.21951219512195122,0.91482574,0.7204250280330581,0.21951219512195122,0.9201446,0.622618755893251,0.21951219512195122,0.7795613,0.8679371988753628
MDZQDTZKPGHJRF,CHEMBL3638592,CHEMBL3706089,1,0.28735632183908044,0.58639854,0.9546590844944343,0.28735632183908044,0.64974356,0.9480854103618881,0.28735632183908044,0.66847056,0.9964315753345762
MEFUKBJEQZMAAQ,CHEMBL3779897,CHEMBL3784491,1,0.26804123711340205,0.9569102,0.9966942969471664,0.27522935779816515,0.94575506,0.9999856120437981,0.27522935779816515,0.68726677,0.9999846616148286
MEIRSQCXMATFDN,CHEMBL3638592,CHEMBL3706089,1,0.24509803921568626,0.6705369,0.33695684526836445,0.2358490566037736,0.88515717,0.4793699857299609,0.2358490566037736,0.89433676,0.5386279488478912
MEPGYPCCBRRWSI,CHEMBL3638541,CHEMBL3706289,1,0.22093023255813954,0.31432804,0.9985572137993557,0.22093023255813954,0.41179717,0.9899749765674672,0.2037037037037037,0.3216006,0.9985471205782167
METSGOGFKFMITK,CHEMBL3638592,CHEMBL3706089,1,0.26804123711340205,0.9386976,0.9852910353598269,0.2857142857142857,0.97524023,0.9867332881055809,0.28865979381443296,0.9903312,0.998449905200035
MFKMYMWETJVOSR,CHEMBL6087433,CHEMBL6088976,1,0.28431372549019607,0.9521007,0.999830124492231,0.28431372549019607,0.9897317,0.9994530961404666,0.28125,0.994021,0.9999552538911547
MFKMYMWETJVOSR,CHEMBL6087433,CHEMBL6088977,0,0.28431372549019607,0.9521007,0.999830124492231,0.28431372549019607,0.9897317,0.9994530961404666,0.28125,0.994021,0.9999552538911547
MFSIQXZMMHNVJD,CHEMBL5725460,CHEMBL5730847,1,0.24242424242424243,0.9538578,0.2311524844611703,0.24242424242424243,0.9656451,0.9983486959636011,0.24242424242424243,0.95067835,0.7938031212918962
MFTBDTMRLLVYSZ,CHEMBL3638997,CHEMBL3705850,1,0.225,0.68993676,0.25086864494893085,0.225,0.5468922,0.5264532399435602,0.24675324675324675,0.6045257,0.9701481647426367
MFZAHAAVYSHLCP,CHEMBL5331073,CHEMBL5332683,1,0.32038834951456313,0.9861898,0.9972982642436038,0.32038834951456313,0.9976472,0.9965921285123656,0.32038834951456313,0.9950728,0.9995437081852114
MFZIKQUQYUQHHO,CHEMBL5726472,CHEMBL5732754,1,0.31868131868131866,0.99028355,0.9981629085763213,0.31868131868131866,0.98245746,0.9905907237010302,0.31868131868131866,0.96735126,0.9967311972599276
MFZWCDCACTYPKX,CHEMBL4049442,CHEMBL4051856,1,0.35,0.8481601,0.8490897337691532,0.38271604938271603,0.88788915,0.6858503149429492,0.38271604938271603,0.8988798,0.883012946258407
MGAZHENDYJUEIY,CHEMBL3639211,CHEMBL3706278,1,0.1891891891891892,0.6031342,0.13033927641347484,0.1891891891891892,0.71869904,0.803067158455619,0.1891891891891892,0.76695657,0.6283894807483069
MGIPTBOLCHDSDN,CHEMBL1773044,CHEMBL1777163,1,0.5333333333333333,0.99626595,0.9999669337457193,0.5333333333333333,0.99840206,0.9999535966387044,0.5333333333333333,0.9987702,0.9999824275184822
MGIPTBOLCHDSDN,CHEMBL1773044,CHEMBL1777165,1,0.5333333333333333,0.99626595,0.9999669337457193,0.5333333333333333,0.99840206,0.9999535966387044,0.5333333333333333,0.9987702,0.9999824275184822
MGJVZCAYWBYBPF,CHEMBL1255226,CHEMBL1261684,1,0.22448979591836735,0.48509195,0.34702174589730456,0.23636363636363636,0.42194375,0.9891331842607268,0.23636363636363636,0.14018679,0.49920573783911903
MGKJPGDRCDUPMA,CHEMBL4765397,CHEMBL4772815,0,0.5373134328358209,0.9993131,0.999959364563049,0.5428571428571428,0.99894863,0.9999615648624279,0.5507246376811594,0.9987748,0.9999452571833116
MGOMPRSRJFHKLX,CHEMBL5236659,CHEMBL5240747,1,0.4897959183673469,0.999742,0.9999873489999974,0.4897959183673469,0.99969864,0.9999480006403682,0.4675324675324675,0.99958545,0.9999776876059843
MGPZMIFXUOWABF,CHEMBL3576869,CHEMBL3579762,1,0.15853658536585366,0.35339114,0.7760366182955011,0.15853658536585366,0.516511,0.9984716774692657,0.15853658536585366,0.16016762,0.998224018082297
MHHNAUZBOBAUFS,CHEMBL3638592,CHEMBL3706089,1,0.20408163265306123,0.8574715,0.7660225141421049,0.20408163265306123,0.94079393,0.965399320016486,0.20408163265306123,0.81223565,0.9897827690881507
MHLSWTYJKBTJCS,CHEMBL4229417,CHEMBL4233142,1,0.36,0.89667845,0.9537464359884374,0.6911764705882353,0.92583966,0.9832132897372992,0.6911764705882353,0.9363207,0.8893567861445221
MHNMOVFUXGWKHR,CHEMBL3638644,CHEMBL3705655,1,0.32038834951456313,0.6424766,0.9262792930490261,0.37362637362637363,0.82005906,0.9581055243915835,0.37362637362637363,0.91337794,0.9831468328660392
MHWLRDRALGURGZ,CHEMBL3638644,CHEMBL3705655,1,0.32978723404255317,0.9290696,0.9823223511149883,0.5066666666666667,0.95344764,0.994874883260116,0.5066666666666667,0.95457953,0.9986873775756091
MHYWZEFSXAEWCK,CHEMBL4020805,CHEMBL4022584,1,0.6557377049180327,0.9927806,0.9999504946159707,0.6557377049180327,0.9351475,0.9990237391662096,0.6557377049180327,0.9428659,0.9996647869358911
MIMKLQMPRIENAX,CHEMBL3638592,CHEMBL3706089,1,0.22058823529411764,0.43733707,0.9801398543904668,0.22058823529411764,0.50470406,0.9473285564187827,0.22058823529411764,0.4951172,0.9679647113052987
MISUOYDFJIQDCY,CHEMBL3639211,CHEMBL3706278,1,0.20909090909090908,0.9278495,0.716737773099966,0.20909090909090908,0.9124853,0.5104073189817016,0.2,0.7561971,0.10015788814501135
MIWSNPGTOLOISE,CHEMBL3638644,CHEMBL3705655,1,0.35555555555555557,0.96066684,0.9916539284604778,0.375,0.9841414,0.9877010118267808,0.375,0.98583084,0.9991124818523793
MIXSRICRWPNYQG,CHEMBL5370564,CHEMBL5372078,1,0.40476190476190477,0.41781592,0.9008381027139807,0.40476190476190477,0.51758695,0.15785512247579497,0.40476190476190477,0.3845809,0.026775397485905697
MJDZUHLQLFQMDC,CHEMBL3638592,CHEMBL3706089,1,0.24719101123595505,0.9713126,0.986802897804557,0.24719101123595505,0.98051,0.9956215458573902,0.24719101123595505,0.9777775,0.9925825201730369
MJGSOEHUKVXXLS,CHEMBL3638541,CHEMBL3706289,1,0.3541666666666667,0.9351232,0.9999224709729749,0.3541666666666667,0.93625367,0.9983674956216175,0.3541666666666667,0.7819326,0.9996896443560332
MJHYGPSNORQELQ,CHEMBL3639211,CHEMBL3706278,1,0.21739130434782608,0.7625938,0.8661796306224977,0.21739130434782608,0.8566133,0.98907158610637,0.21739130434782608,0.86760634,0.9784850235842886
MJTBKQARMIXXSB,CHEMBL3638592,CHEMBL3706089,1,0.2391304347826087,0.94716877,0.9474134324512962,0.2376237623762376,0.9586439,0.9134518313588542,0.2391304347826087,0.9495816,0.9815465783081612
MJVCQDSSQMBZKS,CHEMBL3639211,CHEMBL3706278,1,0.2524271844660194,0.75340754,0.6499741908062376,0.2524271844660194,0.7754498,0.9675569474717343,0.2524271844660194,0.8653495,0.8180627877180853
MKBMAPVXDDOMBF,CHEMBL4808220,CHEMBL4810527,1,0.4266666666666667,0.25272512,0.01116225462999145,0.4266666666666667,0.37159002,0.9288470216865148,0.4266666666666667,0.35101417,0.12625112808881844
MKCUTBSJUGZCCD,CHEMBL3638997,CHEMBL3705850,1,0.23376623376623376,0.96518075,0.9201319810896575,0.23376623376623376,0.93544495,0.9535576527030701,0.2236842105263158,0.9588956,0.9958436881445677
MKDBAAMSXWKIHC,CHEMBL5537133,CHEMBL5538336,1,0.20353982300884957,0.27618802,0.8868333126227542,0.20192307692307693,0.4109911,0.6979231317045747,0.20192307692307693,0.14484154,0.987928394615637
MKLJKVWGDOVVKJ,CHEMBL2417437,CHEMBL2421122,1,0.5365853658536586,0.9986645,0.9999499055781238,0.5365853658536586,0.9989378,0.9999546437513569,0.5058823529411764,0.9994771,0.9999732989381827
MKLJKVWGDOVVKJ,CHEMBL2417437,CHEMBL2421123,1,0.5365853658536586,0.9986645,0.9999499055781238,0.5365853658536586,0.9989378,0.9999546437513569,0.5058823529411764,0.9994771,0.9999732989381827
MLAUMMUJUIJVCD,CHEMBL3638644,CHEMBL3705655,1,0.3684210526315789,0.91109705,0.9657698891438639,0.39325842696629215,0.88899165,0.981736207637596,0.39325842696629215,0.8857671,0.9919143381338076
MLDWFYSPLJOXEL,CHEMBL3639133,CHEMBL3706375,1,0.20618556701030927,0.7932834,0.9908827419007142,0.1978021978021978,0.74485177,0.9939270016909479,0.1978021978021978,0.7134709,0.9995639680498408
MLGDNWKMSJUSRD,CHEMBL3638541,CHEMBL3706289,1,0.18888888888888888,0.9999449,0.9995646377088319,0.18888888888888888,0.9999536,0.9956309597052333,0.18888888888888888,0.9992224,0.996488966420218
MLNSAGOBCFMEKI,CHEMBL2346597,CHEMBL2352069,1,0.24691358024691357,0.92052305,0.9953115032686867,0.24691358024691357,0.8827756,0.9995863500930197,0.24528301886792453,0.9495338,0.9971797207912918
MLNSAGOBCFMEKI,CHEMBL5214923,CHEMBL5216205,1,0.24691358024691357,0.92052305,0.9953115032686867,0.24691358024691357,0.8827756,0.9995863500930197,0.24528301886792453,0.9495338,0.9971797207912918
MLRYKMPLYNACRR,CHEMBL1255226,CHEMBL1261684,1,0.3333333333333333,0.9306094,0.7326237876453503,0.3333333333333333,0.833288,0.9938376515696238,0.3333333333333333,0.44721088,0.36899377016632046
MLVGNMUJLBIZJL,CHEMBL4732196,CHEMBL4737601,1,0.23157894736842105,0.71827364,0.6385108142435566,0.23157894736842105,0.56917435,0.660246454477621,0.23157894736842105,0.19508047,0.9786830983261312
MMHAEDBURINXPB,CHEMBL3638541,CHEMBL3706289,0,0.26262626262626265,0.99337244,0.9940847454696845,0.26262626262626265,0.9962172,0.9877664951254943,0.26262626262626265,0.9905528,0.9975868849568877
MMRFMGRYQNXOQI,CHEMBL3638644,CHEMBL3705655,1,0.3113207547169811,0.9232496,0.9675894138174053,0.55,0.9207591,0.958051538784323,0.55,0.8835925,0.9845312090597605
MMRPGKGGMCYSNW,CHEMBL1773044,CHEMBL1777163,1,0.5384615384615384,0.995402,0.9994594277143909,0.5846153846153846,0.99391055,0.999302032717643,0.5384615384615384,0.9964774,0.9999351721831621
MMRPGKGGMCYSNW,CHEMBL1773044,CHEMBL1777165,1,0.5384615384615384,0.995402,0.9994594277143909,0.5846153846153846,0.99391055,0.999302032717643,0.5384615384615384,0.9964774,0.9999351721831621
MMWYWQMWYXGQMO,CHEMBL4020805,CHEMBL4022584,1,0.6481481481481481,0.9868782,0.9999859294802556,0.6481481481481481,0.9682067,0.999965222790951,0.6481481481481481,0.9721729,0.9999808289955907
MMXPTOZFCASPMG,CHEMBL3638644,CHEMBL3705655,1,0.3,0.84153366,0.9993845021151561,0.3764705882352941,0.9163498,0.9990962887196371,0.3764705882352941,0.9733985,0.9999102599492065
MNFPRIXQCCUFEB,CHEMBL3639211,CHEMBL3706278,1,0.22018348623853212,0.8696432,0.4946100161493253,0.22018348623853212,0.8427632,0.9755527887446764,0.22018348623853212,0.9119422,0.9754874002230347
MNHCYTKOZZNQIL,CHEMBL3639133,CHEMBL3706375,1,0.22340425531914893,0.94281393,0.9937118690324309,0.22340425531914893,0.8853484,0.9884893397554559,0.22340425531914893,0.86587065,0.999827895979475
MNIPKMCFODRXAP,CHEMBL3638644,CHEMBL3705655,1,0.33980582524271846,0.87716514,0.9135842405316534,0.3956043956043956,0.96231955,0.9228952951868727,0.3956043956043956,0.9171374,0.9919336228283576
MNORRMOFQMRDOH,CHEMBL5726701,CHEMBL5733185,0,0.18181818181818182,0.6563409,0.9084518077658401,0.18181818181818182,0.7987784,0.9981398144361141,0.18181818181818182,0.78907555,0.9989586545546647
MNOWCABUEYBUCD,CHEMBL4052688,CHEMBL4056088,1,0.45161290322580644,0.963426,0.9999495494410383,0.45161290322580644,0.98942155,0.9990911715453582,0.45161290322580644,0.9930555,0.9999656751699162
MNQWHQBAIOIIBQ,CHEMBL3638644,CHEMBL3705655,1,0.35294117647058826,0.9964342,0.9950881996789503,0.5256410256410257,0.9987889,0.9976126272923599,0.5256410256410257,0.9983865,0.9998248292700012
MNXDJZUAFAEDPV,CHEMBL5729432,CHEMBL5738687,0,0.3466666666666667,0.91750294,0.9566258495696869,0.3466666666666667,0.9253418,0.962103785998833,0.3466666666666667,0.9520751,0.9991433741415457
MOFYXTNVSVOZQY,CHEMBL3638592,CHEMBL3706089,1,0.24444444444444444,0.70520735,0.6902024799996648,0.24444444444444444,0.8508837,0.4869065895077892,0.24444444444444444,0.71894985,0.8097197076835403
MOWPSXBLFARAPT,CHEMBL5726472,CHEMBL5732754,0,0.32894736842105265,0.8825027,0.9656608923119606,0.32894736842105265,0.94083035,0.9768668231724316,0.32894736842105265,0.91782916,0.9834179242174771
MOWXJLUYGFNTAL,CHEMBL5500428,CHEMBL5505639,0,0.26436781609195403,0.9664628,0.6284157723414399,0.26436781609195403,0.9599749,0.4221017036608369,0.26436781609195403,0.8000647,0.5483832123683264
MOYOOFRKRSCAKY,CHEMBL1759974,CHEMBL1763481,1,0.22105263157894736,0.6696237,0.22645294383315076,0.22105263157894736,0.88933927,0.49522045422017447,0.22105263157894736,0.74106705,0.8358205327881418
MOYOOFRKRSCAKY,CHEMBL1759974,CHEMBL1763561,1,0.22105263157894736,0.6696237,0.22645294383315076,0.22105263157894736,0.88933927,0.49522045422017447,0.22105263157894736,0.74106705,0.8358205327881418
MPHRPUFCHIWNIJ,CHEMBL4725466,CHEMBL4731424,1,0.5254237288135594,0.94333285,0.9988922215121167,0.5254237288135594,0.9562446,0.9983767840685329,0.5254237288135594,0.9686591,0.9998235745392733
MPIKFBOIJJWFMA,CHEMBL3638541,CHEMBL3706289,1,0.2247191011235955,0.19161144,0.9996913132786094,0.2247191011235955,0.27105477,0.9929589410508028,0.20754716981132076,0.23352265,0.9988982115809324
MPTYSFBAWGHTBK,CHEMBL4819017,CHEMBL4820258,1,0.20212765957446807,0.9911227,0.8007832425834277,0.20212765957446807,0.9894427,0.9983395494450255,0.20212765957446807,0.9819333,0.9768028361541212
MPVFRUOXSFEUIC,CHEMBL3638644,CHEMBL3705655,1,0.34,0.804125,0.9962348211730696,0.38202247191011235,0.89731735,0.9907685252971232,0.38202247191011235,0.9639777,0.9979912402891334
MPZUHFMONDTNMH,CHEMBL3352433,CHEMBL3377242,1,0.23958333333333334,0.9818787,0.8801848479399526,0.23958333333333334,0.980584,0.9925535842880892,0.23958333333333334,0.9230193,0.7361762027260134
MQGQMVPIFSWNPW,CHEMBL3638592,CHEMBL3706089,1,0.25274725274725274,0.85914594,0.9682206840004935,0.25274725274725274,0.91065264,0.9557899708429866,0.25274725274725274,0.9156067,0.9819075916293096
MQIOQDQPEUJMJR,CHEMBL3638592,CHEMBL3706089,1,0.22772277227722773,0.8866575,0.8239798877615259,0.21929824561403508,0.94186866,0.8979865270421958,0.21875,0.86895317,0.9048912590840849
MQJJBRADMZIMMI,CHEMBL3638644,CHEMBL3705655,1,0.3055555555555556,0.9544925,0.9712271562695254,0.625,0.9693927,0.7414991509436892,0.625,0.9705019,0.9799893547881231
MQJUOZJTMCPHPG,CHEMBL3792291,CHEMBL3795347,0,0.34615384615384615,0.9803443,0.9994315977287751,0.34615384615384615,0.98581564,0.9974253510669802,0.34615384615384615,0.9715774,0.9999133965244178
MQKOPINQZVDCFE,CHEMBL3585315,CHEMBL3587365,1,0.23809523809523808,0.9587172,0.990321563265383,0.23809523809523808,0.8482935,0.9926024281872253,0.23595505617977527,0.97611153,0.9953100328774869
MQLFWEYDFWIIRI,CHEMBL5108059,CHEMBL5112157,1,0.3013698630136986,0.67904836,0.22308227879136272,0.3013698630136986,0.6585576,0.7005690077615685,0.3013698630136986,0.21843518,0.1994554454793572
MQXVMMLHAWPDPI,CHEMBL4837246,CHEMBL4839366,0,0.2,0.792368,0.15255536950364923,0.2,0.67141443,0.3458157749609183,0.18518518518518517,0.4485391,0.06754878763798405
MRDBTEMVACILBF,CHEMBL3638592,CHEMBL3706089,1,0.2403846153846154,0.9652845,0.9973008807378553,0.21212121212121213,0.973531,0.9675343587283473,0.21212121212121213,0.8880027,0.9155383300827219
MROYPAGLZHRREL,CHEMBL3638592,CHEMBL3706089,1,0.23333333333333334,0.9477021,0.8527205616604774,0.23333333333333334,0.9621377,0.8927145237698476,0.23333333333333334,0.91232604,0.8823024371863469
MRSNNKTWHOYIHT,CHEMBL1773044,CHEMBL1777163,1,0.4639175257731959,0.99824715,0.9999629638025476,0.4639175257731959,0.99854124,0.9999437890081146,0.4639175257731959,0.9990539,0.9999892412776458
MRSNNKTWHOYIHT,CHEMBL1773044,CHEMBL1777165,1,0.4639175257731959,0.99824715,0.9999629638025476,0.4639175257731959,0.99854124,0.9999437890081146,0.4639175257731959,0.9990539,0.9999892412776458
MRUIWDOXCOAESS,CHEMBL3638592,CHEMBL3706089,1,0.23255813953488372,0.77971995,0.9494699153204679,0.23255813953488372,0.8644737,0.9753503752335945,0.23255813953488372,0.72131425,0.9720904611646364
MRVNZUNWYGONNW,CHEMBL3585315,CHEMBL3587365,1,0.24691358024691357,0.93373644,0.9948777109516127,0.24691358024691357,0.92756927,0.9996431730115777,0.24742268041237114,0.971428,0.9966140790076812
MRYXQEWYPNZMLN,CHEMBL5725460,CHEMBL5730847,1,0.24731182795698925,0.9678468,0.9041547662178863,0.24731182795698925,0.96553624,0.9994689214217755,0.24731182795698925,0.9628711,0.9815691766560033
MSAGIXUBDWCPAH,CHEMBL5236659,CHEMBL5240747,1,0.4931506849315068,0.999676,0.9998294486911722,0.4931506849315068,0.9990854,0.9999638020422674,0.4931506849315068,0.99841225,0.9999841155628241
MTCZJEUUIKJSRL,CHEMBL4364276,CHEMBL4366252,1,0.20224719101123595,0.7055805,0.9987225281008453,0.20224719101123595,0.53888804,0.945887422015569,0.20224719101123595,0.17078012,0.9950798982498943
MTSPCKNZCBXQHT,CHEMBL3639133,CHEMBL3706375,1,0.25225225225225223,0.88961935,0.95600044868211,0.25225225225225223,0.79374677,0.9013086270229713,0.22549019607843138,0.8455352,0.9483356622095459
MTYVWRCIUHDDTC,CHEMBL5726558,CHEMBL5732909,1,0.35443037974683544,0.97070575,0.9269534156562211,0.704225352112676,0.9686007,0.9626958526751749,0.704225352112676,0.9838471,0.9961799523121698
MUHJYVCZSTWFQL,CHEMBL3638997,CHEMBL3705850,1,0.2,0.8196462,0.8855345820418193,0.2,0.89187664,0.9912525242826311,0.19047619047619047,0.86179996,0.9835556724288995
MUNKBGMFHWUNDV,CHEMBL5726701,CHEMBL5733185,0,0.18269230769230768,0.89624983,0.9522995052017446,0.18269230769230768,0.88400126,0.9990127565292263,0.18269230769230768,0.8834061,0.9993235001733501
MUNMOKXVNKEMSH,CHEMBL3638541,CHEMBL3706289,1,0.1782178217821782,0.93223786,0.9943808369938767,0.1782178217821782,0.7945368,0.9520503226075411,0.1782178217821782,0.44779813,0.9972453222210337
MUQYFFFYFFYUAY,CHEMBL3639211,CHEMBL3706278,1,0.2222222222222222,0.8761091,0.9753354142651467,0.2222222222222222,0.8967191,0.9704301795397361,0.21649484536082475,0.8570782,0.950240195849483
MURCCNXHADPEQR,CHEMBL3638997,CHEMBL3705850,1,0.2641509433962264,0.44613445,0.3456170060615153,0.2641509433962264,0.5435948,0.8231152615915306,0.2641509433962264,0.5162968,0.9247632025862499
MVMXXDBCSAMZFN,CHEMBL3639133,CHEMBL3706375,1,0.25274725274725274,0.9038258,0.6296573199313046,0.25,0.9147329,0.6468799499867457,0.25274725274725274,0.93090844,0.9582089337821481
MVOGBVAVCQDEHO,CHEMBL4364276,CHEMBL4366252,1,0.21359223300970873,0.74096644,0.9985847208946121,0.21359223300970873,0.80412024,0.9506964354046947,0.21359223300970873,0.2603395,0.9933431893424285
MWAHOZFQKVIXRI,CHEMBL3286093,CHEMBL3291527,0,0.20238095238095238,0.38072637,0.19615042098111823,0.18055555555555555,0.65406084,0.9764326062035705,0.20238095238095238,0.48582444,0.4561436375579992
MXBMCFHPWQDETM,CHEMBL3638592,CHEMBL3706089,1,0.24210526315789474,0.8097205,0.8887677348441624,0.23958333333333334,0.86295927,0.9101752246186616,0.24210526315789474,0.87871176,0.9885674362267971
MXOKNKPVSNPWNS,CHEMBL4020805,CHEMBL4022584,1,0.5454545454545454,0.9941427,0.9999814541601929,0.5454545454545454,0.97379184,0.999640485974575,0.5454545454545454,0.9765313,0.9998351798684265
MXPRZJWKEJGHJF,CHEMBL3392967,CHEMBL3395890,1,0.6376811594202898,0.9796984,0.9999213976402447,0.6376811594202898,0.977066,0.9969629071880555,0.6376811594202898,0.9853,0.9998897330558327
MXVIMDXYEAFHOH,CHEMBL3639085,CHEMBL3705815,1,0.3146067415730337,0.71971667,0.9034241214146078,0.3146067415730337,0.74270135,0.733802291175569,0.3146067415730337,0.814293,0.9784985760611001
MYORKXGAGCDMPK,CHEMBL5214923,CHEMBL5216205,1,0.24705882352941178,0.66341805,0.9756010483754217,0.24705882352941178,0.5495432,0.9964809095310515,0.24705882352941178,0.12861808,0.9983852710320076
MYTJUDHPZBSMCG,CHEMBL4020805,CHEMBL4022584,1,0.5405405405405406,0.9993729,0.9999888970635037,0.5405405405405406,0.99806327,0.9999905711279062,0.5405405405405406,0.99828374,0.9999874387795
MZBZXUVJISOROC,CHEMBL3638997,CHEMBL3705850,1,0.21686746987951808,0.7765022,0.2666614860908952,0.21686746987951808,0.734394,0.49269994021621966,0.1927710843373494,0.8596575,0.9468344981041344
MZFGRMKBDACJRY,CHEMBL3352220,CHEMBL3371734,0,0.47058823529411764,0.81909263,0.6602314240306458,0.47058823529411764,0.7119002,0.16979320152335517,0.47058823529411764,0.6403738,0.05105732264412103
MZFQJTVJGDZHMD,CHEMBL3813678,CHEMBL3815304,0,0.3103448275862069,0.9215086,0.974726328471155,0.3103448275862069,0.8500929,0.9731322251290411,0.3103448275862069,0.77326417,0.8398645621768651
MZIYCKOPUPWWPV,CHEMBL3639211,CHEMBL3706278,1,0.1981981981981982,0.79211897,0.7133493046217907,0.1981981981981982,0.77033484,0.7847146054387351,0.1891891891891892,0.55566573,0.5318422113387804
MZPJYULRLFXUFZ,CHEMBL3638541,CHEMBL3706289,0,0.29896907216494845,0.97612745,0.9949041843692364,0.29896907216494845,0.981518,0.9851839124523992,0.29896907216494845,0.97689986,0.9982005042073526
NAFPJUFJTXKBOC,CHEMBL3639133,CHEMBL3706375,1,0.2653061224489796,0.9897719,0.9993097211707888,0.2653061224489796,0.9717684,0.9993972670815308,0.2558139534883721,0.9742407,0.9998634670535722
NAQIPIOFNXTKIE,CHEMBL4725466,CHEMBL4731424,1,0.5303030303030303,0.8922635,0.9988732229864614,0.5087719298245614,0.905816,0.9983578313439407,0.5303030303030303,0.92577577,0.9997281326000872
NAQXJPTUVKWNHW,CHEMBL4819087,CHEMBL4821861,0,0.25757575757575757,0.013314462,0.01234537194643572,0.25757575757575757,0.020140745,0.0057768031235860984,0.25757575757575757,0.013273925,0.030349836333199855
NARUWMXXZKXDHE,CHEMBL3638592,CHEMBL3706089,1,0.2524271844660194,0.63111424,0.3830045076773975,0.2524271844660194,0.7457199,0.7766027263555036,0.2524271844660194,0.5987442,0.8139657464374294
NASICKBJKLXWFK,CHEMBL4808220,CHEMBL4810527,1,0.3902439024390244,0.5710985,0.20272626581238706,0.3902439024390244,0.62582576,0.007126864732950965,0.3902439024390244,0.46075293,0.004089092693895959
NBVPZUYIYZTTNH,CHEMBL3638644,CHEMBL3705655,1,0.30303030303030304,0.78512526,0.833675391150706,0.5733333333333334,0.84320915,0.7470016278580346,0.5733333333333334,0.86942214,0.9896171463166337
NCUIKEREXAIVDH,CHEMBL3638592,CHEMBL3706089,1,0.24468085106382978,0.9145095,0.9849273713282126,0.24444444444444444,0.88848895,0.9429379223608819,0.24444444444444444,0.76921797,0.9724156206537449
NDJWGRGPGLHPHE,CHEMBL3112582,CHEMBL3116931,1,0.23170731707317074,0.8504343,0.9887994254104008,0.2716049382716049,0.89935094,0.9972562884639624,0.2716049382716049,0.9109824,0.9932147799562249
NDNACJXZRUEIIA,CHEMBL3638592,CHEMBL3706089,1,0.2268041237113402,0.9857545,0.9997374492228042,0.2268041237113402,0.9885747,0.9955514665980666,0.2268041237113402,0.93303365,0.9873221739586933
NDPPNGRRKNEZBW,CHEMBL3638592,CHEMBL3706089,1,0.21839080459770116,0.8664077,0.9205960428993823,0.24210526315789474,0.9039308,0.7656900175973694,0.21839080459770116,0.90565777,0.9850858739888158
NDRDNCYOHMXLJZ,CHEMBL3638592,CHEMBL3706089,1,0.2872340425531915,0.9744555,0.9447158316703484,0.2872340425531915,0.985342,0.9948216109204433,0.22448979591836735,0.9891801,0.9991529406569646
NDXQABGAKWDHJA,CHEMBL3638644,CHEMBL3705655,1,0.29347826086956524,0.8363741,0.9791266126568209,0.6219512195121951,0.87758034,0.9139183392201332,0.6219512195121951,0.8801229,0.9245348024600553
NECBBSJEIAPKEO,CHEMBL3638592,CHEMBL3706089,1,0.25,0.98207045,0.9959622758036536,0.25773195876288657,0.9905281,0.9964272477480982,0.2604166666666667,0.99670213,0.997602599308189
NEKYVQFQSXZGOO,CHEMBL3407441,CHEMBL3414045,0,0.4,0.37230638,0.6161388651815342,0.4,0.2624879,0.6987130751133369,0.4,0.27963024,0.27726086562632263
NELCXEWHJNTFLI,CHEMBL5223150,CHEMBL5225378,1,0.4606741573033708,0.9677091,0.9999832370874907,0.4606741573033708,0.976654,0.9999898827072432,0.4606741573033708,0.9907721,0.9999346586246667
NEPGOCUKNORYKY,CHEMBL5729706,CHEMBL5739310,1,0.16901408450704225,0.016880274,0.03798386900702441,0.16901408450704225,0.008432432,0.06725050041368372,0.1794871794871795,0.0034802377,0.014250891830509753
NEXHHLCHLBHYEX,CHEMBL3638592,CHEMBL3706089,1,0.22916666666666666,0.8344418,0.9223192625953728,0.23076923076923078,0.9248406,0.9609291788552111,0.23076923076923078,0.8907262,0.962534180505078
NFBQJEAMVJQPNT,CHEMBL3638592,CHEMBL3706089,1,0.29,0.87947327,0.9444799235980499,0.29,0.79500234,0.8949588248542093,0.26881720430107525,0.7592467,0.963942511020811
NFESVSVFRIPDLV,CHEMBL3638644,CHEMBL3705655,1,0.29347826086956524,0.9783068,0.9987060185845258,0.37349397590361444,0.98250914,0.99588076646599,0.37349397590361444,0.9776428,0.999170082018237
NFQWJOROKCODKN,CHEMBL3639211,CHEMBL3706278,1,0.24242424242424243,0.92085785,0.9857539834649561,0.24242424242424243,0.95250094,0.9939133690360802,0.24242424242424243,0.9460749,0.9986586653598385
NFRMNTNNZOXRDC,CHEMBL3638592,CHEMBL3706089,1,0.25510204081632654,0.76310265,0.7789825151995998,0.22580645161290322,0.9313612,0.9622870364435439,0.22580645161290322,0.91983044,0.9988117176451129
NGDDJJKHNGAOCH,CHEMBL4706478,CHEMBL4707201,1,0.36507936507936506,0.9373647,0.46311785770216773,0.36507936507936506,0.9752592,0.8448914854594279,0.36507936507936506,0.9819933,0.9378225853240522
NGSVBOQNKNOEJK,CHEMBL3638592,CHEMBL3706089,1,0.24770642201834864,0.85336614,0.9582528326036276,0.24770642201834864,0.88360196,0.6298839561876585,0.24770642201834864,0.6984064,0.5812734463132393
NGTIZCMWZWTSIC,CHEMBL3639211,CHEMBL3706278,1,0.2222222222222222,0.44775635,0.659871094035003,0.2222222222222222,0.5997752,0.932173784131387,0.2127659574468085,0.44036362,0.7347416707318792
NGWOIYBSLCMTEH,CHEMBL3638592,CHEMBL3706089,1,0.21739130434782608,0.95784706,0.8958504318110431,0.21739130434782608,0.9837661,0.9714219959368051,0.21739130434782608,0.9500238,0.8087870569673852
NGXAJVNTIQZDCB,CHEMBL3638644,CHEMBL3705655,1,0.3411764705882353,0.9728913,0.9982209922244119,0.4125,0.98537946,0.9986691245673244,0.4125,0.9881527,0.9990057291448067
NHCZVMSJGCLMLM,CHEMBL3639133,CHEMBL3706375,1,0.24210526315789474,0.85658336,0.5255160329970952,0.23958333333333334,0.8554421,0.5121708206002004,0.24210526315789474,0.9049217,0.9604336011796016
NHLNPZZTMQBPOC,CHEMBL4359925,CHEMBL4363902,1,0.42857142857142855,0.985194,0.9999368045618472,0.43661971830985913,0.98572,0.9998850485369921,0.42857142857142855,0.99160236,0.9999908416374163
NHRWVYXOCMJUIS,CHEMBL1944561,CHEMBL1949072,1,0.2826086956521739,0.6018778,0.9613344050525913,0.2826086956521739,0.64014554,0.9972224554861999,0.25842696629213485,0.8041949,0.9825794335699881
NHRWVYXOCMJUIS,CHEMBL1944561,CHEMBL1949073,1,0.2826086956521739,0.6018778,0.9613344050525913,0.2826086956521739,0.64014554,0.9972224554861999,0.25842696629213485,0.8041949,0.9825794335699881
NICNFSMAEZFMOR,CHEMBL3639211,CHEMBL3706278,1,0.18584070796460178,0.81335235,0.694186661883018,0.18584070796460178,0.8681305,0.6844290521929801,0.18032786885245902,0.80332243,0.29920066254981004
NIIYHUNRXQLMBG,CHEMBL3797068,CHEMBL3802992,1,0.3835616438356164,0.50180876,0.830436641313059,0.44594594594594594,0.40546983,0.579963809728504,0.3835616438356164,0.59915894,0.882032283583718
NILMLDSQOOZQDA,CHEMBL5543164,CHEMBL5548923,1,0.5522388059701493,0.99948335,0.9999932382026014,0.5522388059701493,0.999647,0.9999889430236236,0.5522388059701493,0.9996247,0.9999355492730508
NIVAPCQALYKJIO,CHEMBL3638644,CHEMBL3705655,1,0.3695652173913043,0.6991765,0.9849539585541296,0.3106796116504854,0.87264544,0.8894468200354564,0.3695652173913043,0.8774527,0.9944902416200585
NIVQDDVZJRCEDJ,CHEMBL1773044,CHEMBL1777163,1,0.46236559139784944,0.9993691,0.9999813605343618,0.46236559139784944,0.9993765,0.9999813210871683,0.45348837209302323,0.99933654,0.9999881823795747
NIVQDDVZJRCEDJ,CHEMBL1773044,CHEMBL1777165,1,0.46236559139784944,0.9993691,0.9999813605343618,0.46236559139784944,0.9993765,0.9999813210871683,0.45348837209302323,0.99933654,0.9999881823795747
NJKQYVNIILJVTP,CHEMBL3638644,CHEMBL3705655,1,0.34782608695652173,0.8513751,0.8158318124158139,0.4533333333333333,0.8519553,0.37434170839218506,0.4533333333333333,0.8968842,0.9153817730668686
NJMOMAHSXKGSRA,CHEMBL1773044,CHEMBL1777163,1,0.34408602150537637,0.987282,0.9999619239895721,0.34408602150537637,0.9897238,0.999969846225305,0.34408602150537637,0.9855848,0.9999853077450576
NJMOMAHSXKGSRA,CHEMBL1773044,CHEMBL1777165,1,0.34408602150537637,0.987282,0.9999619239895721,0.34408602150537637,0.9897238,0.999969846225305,0.34408602150537637,0.9855848,0.9999853077450576
NJPJPESOUGQOMJ,CHEMBL3585315,CHEMBL3587365,1,0.2073170731707317,0.82124186,0.0240612910924727,0.2073170731707317,0.82736856,0.7661899566278697,0.2073170731707317,0.8590196,0.8697045795602952
NJUIJGOTDYPVAW,CHEMBL3638644,CHEMBL3705655,1,0.28421052631578947,0.97308445,0.9956390843991403,0.5813953488372093,0.98455215,0.8946572727801823,0.5813953488372093,0.9809239,0.9305766551460413
NJXKFIOLXCRUCQ,CHEMBL3585315,CHEMBL3587365,1,0.24,0.9506798,0.772697146686863,0.24468085106382978,0.917497,0.6869882358754942,0.24468085106382978,0.97397655,0.9840251876016916
NLACYKFDBVEXQD,CHEMBL3638997,CHEMBL3705850,1,0.2125,0.80082417,0.48106758804125743,0.2125,0.79389024,0.6729742478569977,0.20253164556962025,0.7454401,0.9007040450053896
NLCMIKHFEYMJKQ,CHEMBL3639133,CHEMBL3706375,1,0.21739130434782608,0.713616,0.994911227506229,0.1978021978021978,0.6934789,0.9985308801028717,0.19801980198019803,0.73506224,0.9994975752698197
NLCRTVPBMRDEFH,CHEMBL3638592,CHEMBL3706089,1,0.22580645161290322,0.76244915,0.6319770742772927,0.2268041237113402,0.8527169,0.26720888680989185,0.22580645161290322,0.8031797,0.6178834652047177
NLFYWTSGSCFECR,CHEMBL2062409,CHEMBL2065058,1,0.5402298850574713,0.9986474,0.99998511612089,0.5402298850574713,0.99935836,0.9999730796006725,0.5402298850574713,0.9995285,0.9999926367849064
NLFYWTSGSCFECR,CHEMBL2062409,CHEMBL2065059,1,0.5402298850574713,0.9986474,0.99998511612089,0.5402298850574713,0.99935836,0.9999730796006725,0.5402298850574713,0.9995285,0.9999926367849064
NLQHIZHRKYGMLL,CHEMBL3638997,CHEMBL3705850,1,0.25925925925925924,0.61080307,0.3148355678397147,0.25925925925925924,0.5466944,0.39414820540995715,0.2087912087912088,0.72681683,0.7459761018331388
NLUMWEZYBDZHHN,CHEMBL3639211,CHEMBL3706278,1,0.22330097087378642,0.5023178,0.5650743798960847,0.2268041237113402,0.53691727,0.98185509100652,0.22330097087378642,0.72196406,0.8880228953476264
NLZTVQCFXSQRFU,CHEMBL4049442,CHEMBL4051856,1,0.4027777777777778,0.95204216,0.23707712694191665,0.4027777777777778,0.9314079,0.3813713056750637,0.4027777777777778,0.97433686,0.9864735903406907
NMDJDBZAJUTOAY,CHEMBL3638592,CHEMBL3706089,1,0.22580645161290322,0.92712015,0.9385504545474602,0.22580645161290322,0.9402179,0.9714294564399436,0.21505376344086022,0.87645274,0.9906030373086824
NMRGJHAFEIMQCW,CHEMBL4020823,CHEMBL4023016,1,0.2978723404255319,0.9384781,0.2986354852245842,0.2978723404255319,0.9374087,0.9905457508848194,0.2978723404255319,0.8342032,0.6845098727985978
NNDCTVHJWFAGEW,CHEMBL3638592,CHEMBL3706089,1,0.26136363636363635,0.47573325,0.8853879606514615,0.25925925925925924,0.61931115,0.9277643020247325,0.25925925925925924,0.56239367,0.9895193518443665
NNGOGPWHTVGWGT,CHEMBL5726558,CHEMBL5732909,1,0.3561643835616438,0.86764914,0.9901061451394934,0.375,0.8462325,0.969452218331306,0.375,0.8744955,0.8902848900958604
NNHHLEGKMWQKDB,CHEMBL5726558,CHEMBL5732909,1,0.3978494623655914,0.98623013,0.9982874464877619,0.45348837209302323,0.9738008,0.9955319489718087,0.45348837209302323,0.98405623,0.9991026072632877
NNJCRYHBQAKXHI,CHEMBL3638644,CHEMBL3705655,1,0.32,0.71563625,0.9666812774710729,0.3655913978494624,0.8256967,0.937120947276765,0.3655913978494624,0.8105939,0.9594340544397283
NNLXPQJAYHKJRY,CHEMBL3638592,CHEMBL3706089,1,0.26436781609195403,0.89702564,0.9364682248302592,0.26436781609195403,0.9023261,0.9171473395994683,0.25287356321839083,0.8661144,0.9737442464646715
NNPNFQBRMCHWBW,CHEMBL3108735,CHEMBL3112126,1,0.6153846153846154,0.95361036,0.9971008964576799,0.6153846153846154,0.85033077,0.8935591274263059,0.6153846153846154,0.8972318,0.6757972509569239
NOBCQYOXRJUPLB,CHEMBL1255226,CHEMBL1261684,1,0.3157894736842105,0.95466405,0.8988141296804149,0.3157894736842105,0.9312988,0.9933750658628306,0.3157894736842105,0.7080238,0.5392708851036441
NOBCZSIDCLOQEZ,CHEMBL3638592,CHEMBL3706089,1,0.25,0.9783513,0.9830719506172055,0.25,0.98773754,0.9926740986402333,0.25,0.98839635,0.9858183890765192
NOGJILRZOMPIPI,CHEMBL3638592,CHEMBL3706089,1,0.26436781609195403,0.91258895,0.9869595772862914,0.2604166666666667,0.95879513,0.9870759226464737,0.26436781609195403,0.9696297,0.9921275818140604
NOMZVGMIXIFIFB,CHEMBL3639211,CHEMBL3706278,1,0.1826086956521739,0.83780015,0.8036386646676439,0.1826086956521739,0.8706077,0.5387040346044395,0.1774193548387097,0.768278,0.30646986760991973
NORCBTIZLLLLCH,CHEMBL5729432,CHEMBL5738687,1,0.3870967741935484,0.5404742,0.20117278490285978,0.3870967741935484,0.8174732,0.5681699058791063,0.3870967741935484,0.60540736,0.7012663039849465
NOVSQOKURKTTHJ,CHEMBL5729432,CHEMBL5738687,0,0.323943661971831,0.9434953,0.9994609810555087,0.323943661971831,0.97227097,0.9981145679684399,0.323943661971831,0.9602182,0.9997805905730525
NPBANVRWVVVQJV,CHEMBL3585315,CHEMBL3587365,1,0.23711340206185566,0.90651435,0.06662821696731797,0.20454545454545456,0.9099676,0.5569629192552614,0.20454545454545456,0.9430257,0.9739542422871255
NPEDBEHZJZSTMK,CHEMBL3576869,CHEMBL3579762,1,0.19101123595505617,0.19269271,0.7522032462968605,0.19101123595505617,0.21239753,0.9888769482911756,0.19101123595505617,0.07205089,0.9970186350273913
NPTFEADUVUEUJI,CHEMBL3638592,CHEMBL3706089,1,0.25925925925925924,0.78313917,0.7945885331120555,0.25925925925925924,0.8772399,0.92572736362452,0.25925925925925924,0.80207217,0.9778947896523134
NQFWHPQMBHIJJM,CHEMBL3638644,CHEMBL3705655,1,0.3106796116504854,0.8670365,0.9049626169925487,0.5121951219512195,0.93738735,0.6350305669044302,0.5121951219512195,0.94297504,0.9627820485871158
NQNVHERPRXFUFH,CHEMBL3638644,CHEMBL3705655,1,0.34408602150537637,0.78248906,0.9979644679986266,0.3793103448275862,0.9645768,0.9875776819271604,0.3793103448275862,0.9818725,0.997472756950992
NQZAYAMKRKBDHL,CHEMBL3638644,CHEMBL3705655,1,0.38636363636363635,0.98433083,0.9975783489325046,0.39080459770114945,0.9888127,0.9878826732317751,0.39080459770114945,0.99499434,0.9983650298988709
NRIXQNDLAOFTDH,CHEMBL4819087,CHEMBL4821861,0,0.29850746268656714,0.1255654,0.6063123467028052,0.29850746268656714,0.24040127,0.15533461302320664,0.29850746268656714,0.11961697,0.03620937284419241
NRKSRPWVKJUJIH,CHEMBL4020823,CHEMBL4023016,1,0.2247191011235955,0.95634174,0.4354426031622942,0.2247191011235955,0.96320266,0.993396361280495,0.2441860465116279,0.8726218,0.916808874405896
NRXAIYMSWFXNLC,CHEMBL5729706,CHEMBL5739310,1,0.17333333333333334,0.027888704,0.0589894622954193,0.17333333333333334,0.03620947,0.19849442336258993,0.1794871794871795,0.01660174,0.05093057023152462
NRXOOSPAKAQFAI,CHEMBL3638592,CHEMBL3706089,1,0.2222222222222222,0.7033345,0.8852943918869774,0.2222222222222222,0.65575075,0.9117447932145493,0.2222222222222222,0.5381079,0.963626096842161
NSCLMVNCLAFXEU,CHEMBL3639133,CHEMBL3706375,1,0.35365853658536583,0.44665757,0.9955483340158925,0.35365853658536583,0.34131268,0.9929841593803709,0.35365853658536583,0.49060455,0.9996039575267409
NSDHJXUTGPXZTR,CHEMBL3638592,CHEMBL3706089,1,0.26732673267326734,0.50483423,0.5080176852048441,0.26732673267326734,0.6482868,0.8944821250254461,0.26732673267326734,0.58745843,0.9356651037549817
NSLPSCGNZPYBNX,CHEMBL3638541,CHEMBL3706289,0,0.25274725274725274,0.96279967,0.9836888160614884,0.25274725274725274,0.96963567,0.9614430126215492,0.25274725274725274,0.94874823,0.9668331897796009
NSQFPKSOLJYGEX,CHEMBL3638592,CHEMBL3706089,1,0.22549019607843138,0.9159574,0.6924973602522821,0.22105263157894736,0.9495512,0.8745504311350094,0.22105263157894736,0.90654194,0.9558571822306645
NSTFOXCDXMJUGH,CHEMBL5725838,CHEMBL5731581,0,0.20588235294117646,0.6064227,0.998234065582919,0.20588235294117646,0.84735,0.9993539907531604,0.20588235294117646,0.63173234,0.9992849396818629
NSWPBRALFGURJA,CHEMBL3638592,CHEMBL3706089,1,0.26595744680851063,0.37419674,0.011146912214471527,0.25,0.6567541,0.015480334419613313,0.25,0.6329934,0.026738271511865336
NTFJEPLWCCMZBK,CHEMBL3638592,CHEMBL3706089,1,0.2054794520547945,0.516318,0.9256066422438198,0.2054794520547945,0.69965315,0.9723004115927845,0.2054794520547945,0.6294303,0.9628583487676163
NTGKCPGCYYVWNJ,CHEMBL3638644,CHEMBL3705655,1,0.3402061855670103,0.9528835,0.9945582338039233,0.38372093023255816,0.9712633,0.97435998039125,0.38372093023255816,0.96110874,0.9956579154534985
NTHZNWMQJKSOAJ,CHEMBL3639133,CHEMBL3706375,1,0.2727272727272727,0.87769467,0.993035375036901,0.2727272727272727,0.9019807,0.9869330719041898,0.2727272727272727,0.9603912,0.9992315580854413
NTRQSOZPOLIUEG,CHEMBL3638997,CHEMBL3705850,1,0.21978021978021978,0.3022534,0.3210554795979994,0.21978021978021978,0.3041414,0.9304335314186389,0.21978021978021978,0.44178516,0.9906622835855527
NTSRRTDSNYXRJQ,CHEMBL4842397,CHEMBL4845571,0,0.19791666666666666,0.98563576,0.12547461683151656,0.19791666666666666,0.9845856,0.9484835226533497,0.17525773195876287,0.98575205,0.7327563821959094
NTUOKPGFVISUKX,CHEMBL5370564,CHEMBL5372078,1,0.3431372549019608,0.9560501,0.9841595706469677,0.3431372549019608,0.97838265,0.7260074085221752,0.3431372549019608,0.97905296,0.9775948093993507
NUGZEROYBYOMHP,CHEMBL3638644,CHEMBL3705655,1,0.36470588235294116,0.8477615,0.9947599619842146,0.5176470588235295,0.8713294,0.8489925450766107,0.5176470588235295,0.8628478,0.9454381028028551
NUKVTPRZKNCJIW,CHEMBL4017506,CHEMBL4019299,1,0.39285714285714285,0.93726844,0.26275943714688377,0.39285714285714285,0.9432568,0.5472294474708418,0.39285714285714285,0.9757572,0.9781637935988072
NUPCZXAMMRTTRP,CHEMBL3639211,CHEMBL3706278,1,0.19444444444444445,0.80742526,0.9713857641651518,0.19444444444444445,0.8296668,0.981863084346707,0.19444444444444445,0.74779713,0.9676460019557607
NUVCPSZAUMDZDL,CHEMBL3108735,CHEMBL3112126,1,0.6440677966101694,0.9668813,0.999873733695278,0.6440677966101694,0.86396486,0.99842672141487,0.6440677966101694,0.91762424,0.9995966309187883
NVBRNSIQSCEYMO,CHEMBL3638592,CHEMBL3706089,1,0.23008849557522124,0.9311414,0.8798191335841107,0.23008849557522124,0.96223956,0.7674895398178723,0.23008849557522124,0.9470052,0.6898841046992836
NVFKNXAVJJJREP,CHEMBL5725838,CHEMBL5731581,1,0.18888888888888888,0.95392996,0.9997866187892654,0.1956521739130435,0.9621241,0.9997372452849567,0.1956521739130435,0.9651415,0.9999043633686804
NVSABGFUPYOXBC,CHEMBL3585264,CHEMBL3587521,1,0.17346938775510204,0.7434949,0.2435223517535043,0.17346938775510204,0.6363574,0.8047307652038045,0.17346938775510204,0.82508534,0.8116495263218685
NWCJBOFNWJGCOW,CHEMBL3638592,CHEMBL3706089,1,0.24444444444444444,0.37162003,0.5789067030963888,0.24444444444444444,0.7370009,0.8343473047156356,0.24444444444444444,0.69004124,0.8481830609303236
NWCLBLYNUXXING,CHEMBL3638644,CHEMBL3705655,1,0.29906542056074764,0.8626383,0.9661814802993868,0.5238095238095238,0.92036474,0.7208535682701299,0.5238095238095238,0.9064451,0.975292324171202
NWJNJMQPCHYZNG,CHEMBL3638644,CHEMBL3705655,1,0.3020833333333333,0.97458196,0.9725632172798594,0.3780487804878049,0.96764743,0.9679148250377504,0.3780487804878049,0.9646695,0.9923261460989576
NWZPJXVCMJVRCW,CHEMBL5726701,CHEMBL5733185,0,0.17708333333333334,0.6850964,0.9837149024879883,0.17708333333333334,0.6037283,0.9993902139606111,0.17708333333333334,0.53846276,0.9994223677026107
NXNQITKLDHHWMB,CHEMBL3638644,CHEMBL3705655,1,0.3333333333333333,0.9933374,0.9988311196129012,0.358695652173913,0.9962567,0.9959661948770224,0.358695652173913,0.99460864,0.9996117144990206
NXOLIFWGYRQEFT,CHEMBL6087433,CHEMBL6088976,1,0.28421052631578947,0.988118,0.9996053715237729,0.28421052631578947,0.9944002,0.9995689355022641,0.28421052631578947,0.9963899,0.9999654855414942
NXOLIFWGYRQEFT,CHEMBL6087433,CHEMBL6088977,0,0.28421052631578947,0.988118,0.9996053715237729,0.28421052631578947,0.9944002,0.9995689355022641,0.28421052631578947,0.9963899,0.9999654855414942
NXVVYRYBOAFGHA,CHEMBL5500428,CHEMBL5505639,0,0.20481927710843373,0.8036229,0.032525314718720964,0.20481927710843373,0.7615035,0.4095613490988822,0.20481927710843373,0.7563088,0.12041735125279716
NYCBNWBNAULWAL,CHEMBL3639133,CHEMBL3706375,1,0.20388349514563106,0.8223236,0.7776056225931207,0.19,0.6765741,0.37620134872336003,0.20388349514563106,0.54709226,0.13723180518096664
NYTAFZIKCHTGGQ,CHEMBL3639133,CHEMBL3706375,1,0.21052631578947367,0.60792345,0.9794116515138992,0.20454545454545456,0.26679263,0.9968537136808566,0.20454545454545456,0.37564775,0.9995951325036088
NZEABQWRHKZQDC,CHEMBL3638644,CHEMBL3705655,1,0.3402061855670103,0.9619325,0.9967429366268453,0.4875,0.9834124,0.9890886275644176,0.4875,0.98206687,0.9975166836876982
OABOEKPXWBGVTR,CHEMBL3638997,CHEMBL3705850,1,0.3582089552238806,0.8467346,0.3586671233193734,0.3582089552238806,0.7997173,0.3381919999179284,0.3125,0.8542783,0.49183529983182517
OBEVQYPXOIIRRT,CHEMBL3639211,CHEMBL3706278,1,0.2,0.56982046,0.8695693242597826,0.2,0.620816,0.6123474819510856,0.2,0.3221173,0.047573782202710295
OBLXUISPGDVAOZ,CHEMBL4819087,CHEMBL4821861,0,0.3114754098360656,0.025428353,0.99107776305543,0.3114754098360656,0.047819503,0.9934624671880112,0.3114754098360656,0.018364934,0.9980264020409182
OBMONDJKDAOWHR,CHEMBL3638541,CHEMBL3706289,1,0.22826086956521738,0.6524237,0.860793233563022,0.22826086956521738,0.6832928,0.8274543580611753,0.22826086956521738,0.5928584,0.9836578418572441
OBSXOJUODMUVSF,CHEMBL4020823,CHEMBL4023016,1,0.24096385542168675,0.971632,0.6475591583826777,0.24096385542168675,0.8380015,0.9583187318851326,0.2625,0.7390308,0.9789911426149124
OBWFZOFNDPVEAB,CHEMBL3639085,CHEMBL3705815,1,0.36619718309859156,0.8536933,0.9980243844254638,0.36619718309859156,0.9289724,0.9957966497202367,0.3582089552238806,0.9474429,0.9996642036591729
OBXCKJRVOMLOEB,CHEMBL3639211,CHEMBL3706278,1,0.19444444444444445,0.71899575,0.9707138398752407,0.19444444444444445,0.711236,0.9807378256207933,0.19444444444444445,0.6928279,0.9696089224066434
OCLHVTILNDAWBI,CHEMBL3638592,CHEMBL3706089,1,0.25274725274725274,0.9184977,0.6906188220626238,0.25274725274725274,0.9547688,0.7430858064562625,0.25274725274725274,0.9111185,0.9066400081852831
OCOYKCIBRDWTBL,CHEMBL3638592,CHEMBL3706089,1,0.2716049382716049,0.89313394,0.6692234599790634,0.2716049382716049,0.87892455,0.43852009396143593,0.26582278481012656,0.7372573,0.8287412894310038
OCRVUMRJWROVQZ,CHEMBL5137017,CHEMBL5138978,0,0.3253012048192771,0.9713297,0.43327149288453154,0.3253012048192771,0.97456837,0.751339656270141,0.3253012048192771,0.97877824,0.9899297187089054
OCSCJTVVJRDXDP,CHEMBL5729432,CHEMBL5738687,0,0.3055555555555556,0.5985991,0.9975044515557765,0.3055555555555556,0.6748271,0.9974195227272926,0.29850746268656714,0.84858876,0.9994299830774046
ODNKQVHQYOWTQE,CHEMBL3638644,CHEMBL3705655,1,0.29245283018867924,0.9262045,0.9948498998654942,0.5949367088607594,0.94593495,0.9721164412278243,0.5949367088607594,0.9394207,0.9947583660862991
ODYHYESAEXHYRB,CHEMBL1944561,CHEMBL1949072,1,0.23958333333333334,0.6641173,0.7567269583914131,0.2875,0.65762377,0.9555750523737879,0.2875,0.736352,0.7469545550436775
ODYHYESAEXHYRB,CHEMBL1944561,CHEMBL1949073,1,0.23958333333333334,0.6641173,0.7567269583914131,0.2875,0.65762377,0.9555750523737879,0.2875,0.736352,0.7469545550436775
OEMPKVVMYSHASG,CHEMBL5725838,CHEMBL5731581,0,0.19318181818181818,0.77168393,0.9989952981358082,0.19318181818181818,0.8340508,0.9981527000462745,0.19318181818181818,0.86681587,0.999381646335962
OEMWFFRHBYYMKQ,CHEMBL3638644,CHEMBL3705655,1,0.30526315789473685,0.7208679,0.9237140302709531,0.4117647058823529,0.86818963,0.8213306283148226,0.4117647058823529,0.7433051,0.9769830302330746
OEPNCKCRCCEXFD,CHEMBL3639133,CHEMBL3706375,1,0.2696629213483146,0.80758643,0.7118538911035273,0.25252525252525254,0.818458,0.7985963531645686,0.2696629213483146,0.891521,0.8793465107636693
OEQWGNFMKFHQBV,CHEMBL1255226,CHEMBL1261684,0,0.2727272727272727,0.90244687,0.9968614144003637,0.2727272727272727,0.91764975,0.999978004189231,0.2727272727272727,0.7865337,0.9999682511937328
OERUFNRVNFYALF,CHEMBL3638644,CHEMBL3705655,1,0.34408602150537637,0.949867,0.9915086343499822,0.3953488372093023,0.9797823,0.9938871179474278,0.3953488372093023,0.9757842,0.9989057002973559
OEVJSSULLRZFHY,CHEMBL2321758,CHEMBL2330630,0,0.375,0.9805977,0.9991826448002469,0.375,0.9794022,0.9985829643703256,0.375,0.9935134,0.9998516771504109
OEVJSSULLRZFHY,CHEMBL2321758,CHEMBL2330634,1,0.375,0.9805977,0.9991826448002469,0.375,0.9794022,0.9985829643703256,0.375,0.9935134,0.9998516771504109
OFIJGDSZAPCHLL,CHEMBL3638541,CHEMBL3706289,1,0.2972972972972973,0.20261925,0.9993862722758521,0.2972972972972973,0.20817913,0.9944418473925128,0.2222222222222222,0.18064958,0.9958882685463536
OFNZOPZXQNWEMU,CHEMBL3638644,CHEMBL3705655,1,0.3047619047619048,0.95225275,0.990477864353765,0.6363636363636364,0.9553652,0.9810354614126164,0.6363636363636364,0.9610954,0.9956997992532389
OFOLNFFDYMUPIF,CHEMBL3638541,CHEMBL3706289,1,0.2537313432835821,0.78752804,0.7833110835603544,0.2537313432835821,0.79255646,0.9441424277690701,0.2537313432835821,0.52334654,0.8673240566045647
OFWQGRBXWVWGSR,CHEMBL5500428,CHEMBL5505639,0,0.25,0.75309694,0.5439958338358497,0.24210526315789474,0.7356704,0.7864962002925944,0.25,0.7659925,0.5951738002767112
OGMSQGCPVLGNIG,CHEMBL4017506,CHEMBL4019299,0,0.5681818181818182,0.9767572,0.6301233775628302,0.5681818181818182,0.9751975,0.8557745705440039,0.5681818181818182,0.9793823,0.9817263384916768
OGUGDMDAMIXHBP,CHEMBL3638644,CHEMBL3705655,1,0.3055555555555556,0.81285167,0.9859495571597323,0.5365853658536586,0.89575714,0.9697086266943511,0.5365853658536586,0.8196264,0.9956540924667083
OGUIPHCQISNMKY,CHEMBL3576869,CHEMBL3579762,1,0.19101123595505617,0.15388873,0.6474131672671356,0.19101123595505617,0.17044067,0.9932408785272231,0.19101123595505617,0.02139968,0.9982336504794875
OHCJBJOQQVZPIT,CHEMBL4765397,CHEMBL4772815,0,0.43243243243243246,0.99936587,0.9999195811972128,0.4691358024691358,0.99927944,0.9999069265937992,0.475,0.9987858,0.9999645696913889
OHOQXZAUVZJVRL,CHEMBL4017506,CHEMBL4019299,1,0.5531914893617021,0.9685361,0.36762202684358064,0.5531914893617021,0.96104676,0.5062990568120372,0.5531914893617021,0.9694612,0.9407357212590091
OHUHVTCQTUDPIJ,CHEMBL4266018,CHEMBL4269699,1,0.25773195876288657,0.98960614,0.9998487306498017,0.25773195876288657,0.9903957,0.9991462549220713,0.25773195876288657,0.99341005,0.9999053315252853
OHUHVTCQTUDPIJ,CHEMBL4266018,CHEMBL4269701,0,0.25773195876288657,0.98960614,0.9998487306498017,0.25773195876288657,0.9903957,0.9991462549220713,0.25773195876288657,0.99341005,0.9999053315252853
OHUHVTCQTUDPIJ,CHEMBL5505970,CHEMBL5506835,0,0.25773195876288657,0.98960614,0.9998487306498017,0.25773195876288657,0.9903957,0.9991462549220713,0.25773195876288657,0.99341005,0.9999053315252853
OHUOKGKXGLIUGI,CHEMBL3638644,CHEMBL3705655,1,0.32075471698113206,0.97340447,0.9365054453632606,0.6125,0.975091,0.9175607919298443,0.6125,0.98609424,0.9873768852723488
OHYYHNLBRITFQG,CHEMBL3638997,CHEMBL3705850,1,0.24675324675324675,0.62490165,0.15139928904554215,0.24675324675324675,0.76177454,0.5396375917574753,0.23684210526315788,0.7098113,0.9083202231296895
OIAUSLOQJDYDEP,CHEMBL3638644,CHEMBL3705655,1,0.32558139534883723,0.8636671,0.9804051569586761,0.3614457831325301,0.8899628,0.3466550778383303,0.3614457831325301,0.8774738,0.9783905113300434
OIEUQCIIAJASQL,CHEMBL3638592,CHEMBL3706089,1,0.24358974358974358,0.79583853,0.989368911757366,0.24358974358974358,0.7375617,0.9338170581260598,0.23376623376623376,0.6108691,0.9784657448329012
OIJPELYRUDTHNL,CHEMBL1772963,CHEMBL1777505,0,0.776,0.9994281,0.9634620221443669,0.776,0.99968684,0.965326387808784,0.776,0.9993586,0.986545594717056
OIJVIPXAEAFEAN,CHEMBL3638997,CHEMBL3705850,1,0.21176470588235294,0.5392499,0.5219401961769329,0.21176470588235294,0.7280726,0.9259172307347,0.21686746987951808,0.5758458,0.8803354076664237
OITILHDVPLSCCZ,CHEMBL6121003,CHEMBL6124352,1,0.6440677966101694,0.99717206,0.9999580146017624,0.6440677966101694,0.9977139,0.9995456939751046,0.6461538461538462,0.99666023,0.9999749222418716
OIXWNGMKPFSXJW,CHEMBL3638644,CHEMBL3705655,1,0.330188679245283,0.9537847,0.9950891796067132,0.5662650602409639,0.9672784,0.993714604369556,0.5662650602409639,0.9745735,0.9964933372480129
OIYXEHIRFQIXQT,CHEMBL3638592,CHEMBL3706089,1,0.2988505747126437,0.9710913,0.6578036243972473,0.2988505747126437,0.9839055,0.6505508702662524,0.25555555555555554,0.9790791,0.9337597409649943
OJAJVGWQYLXBNK,CHEMBL3112582,CHEMBL3116931,1,0.2727272727272727,0.8972346,0.025666941902149236,0.2727272727272727,0.9082871,0.6875771534264772,0.24742268041237114,0.8903174,0.2910383005860351
OJGCIMWGSOFSKL,CHEMBL5543164,CHEMBL5548923,1,0.5441176470588235,0.9992061,0.9999811773975134,0.5441176470588235,0.99917954,0.9999822410660139,0.5441176470588235,0.99944633,0.9999564090359444
OJHSROFLMBEBRH,CHEMBL5726701,CHEMBL5733185,1,0.19387755102040816,0.7559142,0.997966142478972,0.19387755102040816,0.8266413,0.9994518842401466,0.19387755102040816,0.8365909,0.999635628844118
OJHZGOVZQFYDCL,CHEMBL3638592,CHEMBL3706089,1,0.25274725274725274,0.9765223,0.9729534199048527,0.25274725274725274,0.9741444,0.9022901287155474,0.25274725274725274,0.93585134,0.969014932900902
OJKQKRMQTDFQKA,CHEMBL3638997,CHEMBL3705850,1,0.25,0.656897,0.8330039383057399,0.25,0.6921383,0.7953850474274023,0.20987654320987653,0.7489395,0.9811323235386629
OKGVTZIBZSTGQP,CHEMBL3638592,CHEMBL3706089,1,0.23655913978494625,0.7944507,0.9342855124877434,0.23469387755102042,0.8616028,0.7446141742235624,0.23655913978494625,0.84901947,0.9645807931604153
OLDNRQWVMHKZOL,CHEMBL3638541,CHEMBL3706289,0,0.22077922077922077,0.22488481,0.9983518795643977,0.22077922077922077,0.38929066,0.9941721355773061,0.21518987341772153,0.29076004,0.9924847993972673
OLIOLFHYHAAHAB,CHEMBL3638644,CHEMBL3705655,1,0.3125,0.8243357,0.9309634047486184,0.4186046511627907,0.91326225,0.8610045796176915,0.4186046511627907,0.84581286,0.9854896812778589
OLLQSKSTOJYQJW,CHEMBL3638592,CHEMBL3706089,1,0.21875,0.9788795,0.8553749613023871,0.21875,0.99364686,0.9279318388317728,0.21875,0.98618186,0.9871532125307823
OLOHFTITJXHDHI,CHEMBL3638644,CHEMBL3705655,1,0.3235294117647059,0.99090576,0.9977326792642617,0.39325842696629215,0.9857814,0.9872531885933964,0.39325842696629215,0.9868002,0.9993220778827715
OLORFKFXNMHWHF,CHEMBL3638644,CHEMBL3705655,1,0.3047619047619048,0.9144367,0.9822487090148769,0.5365853658536586,0.9362144,0.9237706774703867,0.5365853658536586,0.9207317,0.9936258014960366
OLPUZWFJDQQWAO,CHEMBL3638541,CHEMBL3706289,0,0.28846153846153844,0.9823314,0.9998021481969049,0.28846153846153844,0.9800394,0.9925669916252181,0.28846153846153844,0.9864565,0.993621494565269
OLSIXTBNDRWVEV,CHEMBL5726558,CHEMBL5732909,1,0.4117647058823529,0.94938207,0.9960385090425213,0.6142857142857143,0.919246,0.9994427785433163,0.6142857142857143,0.9185931,0.9955964296102353
OLWUWOHGNWCQKW,CHEMBL4819017,CHEMBL4820258,1,0.20430107526881722,0.99633956,0.9988286729755421,0.20430107526881722,0.99369365,0.9999299065296992,0.20430107526881722,0.9875771,0.9996281745733626
OMGUIYONHJSMEG,CHEMBL3638592,CHEMBL3706089,1,0.24468085106382978,0.5555245,0.6739065066516331,0.2413793103448276,0.7049688,0.8905273028289765,0.2413793103448276,0.77630866,0.9805123530660314
OMMTWAGHTAHDIF,CHEMBL3638644,CHEMBL3705655,1,0.3956043956043956,0.9257603,0.990852404286545,0.39080459770114945,0.9430288,0.9882563045809316,0.3956043956043956,0.9575298,0.995789591671594
OMSDQKVPDJPDPQ,CHEMBL3638644,CHEMBL3705655,1,0.30120481927710846,0.9147968,0.9821281331367794,0.38961038961038963,0.94619775,0.95502033265749,0.38961038961038963,0.93474686,0.9956913435994207
ONCWHTARVIIEDJ,CHEMBL5726472,CHEMBL5732754,1,0.3076923076923077,0.9933013,0.9997767490159585,0.3076923076923077,0.9910142,0.9986337848593058,0.3076923076923077,0.9893373,0.999522611240227
ONDFQMVIYFILPC,CHEMBL3639211,CHEMBL3706278,1,0.19444444444444445,0.9337891,0.8735547323160922,0.19444444444444445,0.93785095,0.9265807595511129,0.19444444444444445,0.8796984,0.8151208717526764
ONDJQRZDLSDOJA,CHEMBL3585315,CHEMBL3587361,1,0.26666666666666666,0.84298486,0.9317368728585965,0.26666666666666666,0.8865114,0.9248403555728764,0.26666666666666666,0.9665049,0.9714098201726036
ONHIMGKUIUZJBD,CHEMBL1759974,CHEMBL1763481,1,0.2159090909090909,0.8725959,0.40679275239176765,0.2159090909090909,0.9273164,0.5743236475591031,0.2159090909090909,0.82248175,0.9286891237298557
ONHIMGKUIUZJBD,CHEMBL1759974,CHEMBL1763561,1,0.2159090909090909,0.8725959,0.40679275239176765,0.2159090909090909,0.9273164,0.5743236475591031,0.2159090909090909,0.82248175,0.9286891237298557
ONHURNHJXZEWNT,CHEMBL3112582,CHEMBL3116931,1,0.21739130434782608,0.86409175,0.9981766281070957,0.22340425531914893,0.93720794,0.9986366094090936,0.22340425531914893,0.9176886,0.9987638665546242
ONLUAEHRRPWDIA,CHEMBL3638541,CHEMBL3706289,1,0.27848101265822783,0.66645396,0.9984212750630691,0.27848101265822783,0.76310146,0.9993361079407778,0.27848101265822783,0.48562744,0.9998215414236229
ONTKCWMBCSHUAZ,CHEMBL5725460,CHEMBL5730847,1,0.26436781609195403,0.9816855,0.9069435409716193,0.21428571428571427,0.9430004,0.9931706479089689,0.21428571428571427,0.9485768,0.9047288092930228
ONWRELJMERKPJT,CHEMBL3638997,CHEMBL3705850,1,0.2597402597402597,0.7167047,0.8578767958226254,0.2597402597402597,0.86827517,0.9940518886387281,0.2235294117647059,0.7883477,0.9790908343082788
OOVPROKSTYMDOB,CHEMBL3638644,CHEMBL3705655,1,0.27472527472527475,0.9343709,0.9808567375045465,0.4935064935064935,0.96274465,0.9363681327682272,0.4935064935064935,0.9555377,0.9919902960236328
OOZFZHMHOZDAGH,CHEMBL3638541,CHEMBL3706289,1,0.22727272727272727,0.84619194,0.9998810878989483,0.22727272727272727,0.921476,0.997366205357997,0.2222222222222222,0.83073586,0.9989821499242232
OPBNHIKPJQMQHB,CHEMBL3638592,CHEMBL3706089,1,0.23076923076923078,0.30288038,0.8289578969620597,0.23076923076923078,0.68335706,0.9514415097755407,0.23076923076923078,0.58687836,0.947765124745826
OQHLRBUFWDMIIG,CHEMBL4699485,CHEMBL4701746,1,0.37037037037037035,0.97746766,0.9718917322729034,0.37037037037037035,0.99550605,0.9948543538054375,0.37037037037037035,0.9904265,0.9999207500440309
OQKXINDYICGGAO,CHEMBL3639211,CHEMBL3706278,1,0.20952380952380953,0.86683095,0.986278180630779,0.20952380952380953,0.8667785,0.9810936777451627,0.2037037037037037,0.7129271,0.905896913305367
OQNJPLOGLRYYQL,CHEMBL3638592,CHEMBL3706089,1,0.24242424242424243,0.89104444,0.6549551285412362,0.24175824175824176,0.9401401,0.824841135120343,0.24210526315789474,0.9047066,0.9066400081852831
OQRXNBGJOPBSEK,CHEMBL4819087,CHEMBL4821861,1,0.2911392405063291,0.03700347,0.058198317034694344,0.2911392405063291,0.042485185,0.006162229921880172,0.2857142857142857,0.080382876,0.0491654868719748
OQYZOBBQAYXBJR,CHEMBL5543164,CHEMBL5548923,1,0.6491228070175439,0.9996649,0.9999888631203271,0.6491228070175439,0.9994191,0.9999845927675818,0.6491228070175439,0.9997526,0.9999922249060889
OQZXWIUEWZKADR,CHEMBL3639133,CHEMBL3706375,1,0.25688073394495414,0.82619345,0.8720346770264592,0.25688073394495414,0.7160366,0.8277035059034962,0.22580645161290322,0.6782546,0.935979129150456
ORJPQGSBYXCBPJ,CHEMBL3639133,CHEMBL3706375,1,0.21428571428571427,0.6321021,0.9811670811898499,0.22448979591836735,0.4936774,0.9956749927070393,0.21428571428571427,0.73961353,0.9998137421720993
ORLGGOMJKNXZFK,CHEMBL5108059,CHEMBL5112157,1,0.21052631578947367,0.9504346,0.9983248860486419,0.26136363636363635,0.99776065,0.9999765973115883,0.26136363636363635,0.9830027,0.9999875027026166
ORSMKBHOQZDCGL,CHEMBL5370564,CHEMBL5372078,1,0.3434343434343434,0.851475,0.992617664771843,0.3434343434343434,0.946125,0.9354043346023464,0.3434343434343434,0.90268546,0.9894886670163733
ORTXPRAWDPZQKG,CHEMBL3638592,CHEMBL3706089,1,0.27450980392156865,0.8650338,0.8525911880920038,0.30526315789473685,0.94265103,0.9664225146076241,0.30851063829787234,0.97303313,0.9827378431624338
OSBPEHXKXSVZIB,CHEMBL3638592,CHEMBL3706089,1,0.2558139534883721,0.7429284,0.9250313223793991,0.25,0.71046025,0.9572085257853231,0.25,0.6093269,0.9949828956697325
OSCKRJSVFBISNB,CHEMBL4350972,CHEMBL4352821,1,0.22549019607843138,0.6324419,0.41786908760689256,0.22549019607843138,0.86280894,0.9918054733099971,0.22549019607843138,0.5150552,0.6789871046777848
OSJMQBRYMOIUEH,CHEMBL3638592,CHEMBL3706089,1,0.23157894736842105,0.8580054,0.9854274708584434,0.23157894736842105,0.9349888,0.9263811535548531,0.23157894736842105,0.8949901,0.960015843954983
OSMZXIBKLUZNAF,CHEMBL3638592,CHEMBL3706089,1,0.23958333333333334,0.89061177,0.44270692749237034,0.23958333333333334,0.93704474,0.6230176254865677,0.23958333333333334,0.90975577,0.9603928857526169
OSTBUXXDCRXENK,CHEMBL3639163,CHEMBL3705287,1,0.19791666666666666,0.6154452,0.9980138576674509,0.19791666666666666,0.67517906,0.9994935308356173,0.19791666666666666,0.5999561,0.9997826429871531
OSTYYNJCXJTZOW,CHEMBL3638592,CHEMBL3706089,1,0.21212121212121213,0.57361126,0.7105508045137079,0.20930232558139536,0.64755297,0.515115186694849,0.20930232558139536,0.49256966,0.8514679156017869
OSZBOZGXJDGERE,CHEMBL3639133,CHEMBL3706375,1,0.18840579710144928,0.14540845,0.93895956137758,0.18840579710144928,0.107772194,0.9430287932950026,0.18840579710144928,0.14084606,0.9977942248823455
OTCMYSIHPJWBJG,CHEMBL3638644,CHEMBL3705655,1,0.3238095238095238,0.93066174,0.965087013318228,0.5238095238095238,0.95539206,0.805752182558662,0.5238095238095238,0.95336455,0.9930428824261085
OTPKQCACWIBVNP,CHEMBL3638997,CHEMBL3705850,1,0.22784810126582278,0.8696461,0.17390014895284608,0.22784810126582278,0.79881155,0.5992670243374685,0.25,0.7795479,0.9870021426740966
OTQGKNLNXCOEIN,CHEMBL3638997,CHEMBL3705850,1,0.2553191489361702,0.8919875,0.9990388930097092,0.2553191489361702,0.92060286,0.9876182830095394,0.2553191489361702,0.78758657,0.9917710476372819
OUODTZKFNXBTFJ,CHEMBL3638644,CHEMBL3705655,1,0.313953488372093,0.9457805,0.9547175111146985,0.38271604938271603,0.98335403,0.9245418602853277,0.38271604938271603,0.98908955,0.9989444517966548
OUTALUBDMLULSQ,CHEMBL3639211,CHEMBL3706278,1,0.1875,0.8509248,0.6815107968341194,0.1875,0.8836482,0.4458934909171675,0.18556701030927836,0.76566154,0.14573695651750035
OVPVBCXPJKJLFR,CHEMBL3639133,CHEMBL3706375,1,0.21487603305785125,0.492594,0.985206493507471,0.20224719101123595,0.40084842,0.9968260268057169,0.21487603305785125,0.444152,0.999693968441345
OWBMLJHHHONAMV,CHEMBL5137017,CHEMBL5138978,0,0.3291139240506329,0.9574417,0.9857543263081294,0.3291139240506329,0.94619817,0.9885854899767206,0.3291139240506329,0.93155956,0.9918739804061925
OWFAMDTUROKDJB,CHEMBL3616407,CHEMBL3620381,1,0.22429906542056074,0.9594339,0.35341882768784055,0.22857142857142856,0.9784816,0.3560219963117542,0.22857142857142856,0.90102136,0.14102156015403447
OWMIDBVXCGSJEP,CHEMBL3638644,CHEMBL3705655,1,0.3047619047619048,0.971875,0.9912213118019192,0.6363636363636364,0.9751752,0.9797858424530836,0.6363636363636364,0.9744207,0.9961892328487869
OWRHUAQAKYKWGX,CHEMBL5108059,CHEMBL5112157,1,0.2222222222222222,0.86858195,0.10678782980095664,0.27710843373493976,0.9844966,0.9923529419209649,0.27710843373493976,0.95673454,0.9964121981758505
OXCYLDKQSYHQHD,CHEMBL3638592,CHEMBL3706089,1,0.23863636363636365,0.9846705,0.9868137873628705,0.23863636363636365,0.97106904,0.9630464000421392,0.23255813953488372,0.9537421,0.986111285856031
OXNXROCMKAOQPG,CHEMBL3639085,CHEMBL3705815,1,0.2755102040816326,0.99308443,0.9991611149816005,0.2755102040816326,0.9930521,0.9965119453262946,0.2755102040816326,0.99481213,0.9998931826294875
OXOYDXPNWPZISU,CHEMBL3639133,CHEMBL3706375,1,0.2571428571428571,0.617087,0.7132751201311427,0.2571428571428571,0.69020873,0.5686757452188248,0.2571428571428571,0.54748994,0.9211945737245774
OXSGOALPUIAICT,CHEMBL3639211,CHEMBL3706278,1,0.2545454545454545,0.6559446,0.42079043077162226,0.2545454545454545,0.6803052,0.9405571185714403,0.2545454545454545,0.7814331,0.5137918963082335
OXWDPINHMMOYAP,CHEMBL1759974,CHEMBL1763561,1,0.2463768115942029,0.37491274,0.038735878191512425,0.2463768115942029,0.57678616,0.18803657578716218,0.2463768115942029,0.23737663,0.02530687863324159
OXYQSXBVQOKJMY,CHEMBL5108059,CHEMBL5112157,1,0.22988505747126436,0.87451977,0.42081827331267324,0.2875,0.9894992,0.9812494746991437,0.2875,0.9304263,0.9971834386601849
OYCZMMCPJBECLC,CHEMBL5500428,CHEMBL5505639,0,0.21428571428571427,0.51452166,0.9836671860270759,0.21428571428571427,0.4628083,0.9888934686600558,0.21428571428571427,0.6445367,0.9940570713784768
OYGGKACTHFOZAZ,CHEMBL2417437,CHEMBL2421122,0,0.5526315789473685,0.99293065,0.9998910850091048,0.6031746031746031,0.9958768,0.9999305300204134,0.5526315789473685,0.9987155,0.9997808063825375
OYGGKACTHFOZAZ,CHEMBL2417437,CHEMBL2421123,0,0.5526315789473685,0.99293065,0.9998910850091048,0.6031746031746031,0.9958768,0.9999305300204134,0.5526315789473685,0.9987155,0.9997808063825375
OYHFLRHRRAMMKF,CHEMBL4229417,CHEMBL4233142,1,0.32,0.8645684,0.9815369215815155,0.5714285714285714,0.89412934,0.9211769152051231,0.5714285714285714,0.9218139,0.9803177623428524
OYRHGTYYGXVEDB,CHEMBL3734757,CHEMBL3738862,0,0.23157894736842105,0.9883554,0.9999644293236036,0.23157894736842105,0.9674202,0.9999819577098562,0.23157894736842105,0.9551066,0.9999769227436436
OYWBQBWKKZQNEG,CHEMBL4819017,CHEMBL4820258,0,0.20212765957446807,0.989011,0.6642664198833501,0.20212765957446807,0.98099136,0.9892604944999928,0.20212765957446807,0.9685773,0.8900805575954516
OYYVNOMYSQOASK,CHEMBL3639085,CHEMBL3705815,1,0.5689655172413793,0.97992605,0.9895520278830153,0.5689655172413793,0.9927418,0.9970562636411003,0.5689655172413793,0.98952883,0.9976799198025567
OZASCPMZYOIXGH,CHEMBL5500428,CHEMBL5505639,0,0.21052631578947367,0.12297365,0.006962155018113038,0.21794871794871795,0.15430127,0.04373248617723458,0.21794871794871795,0.24941967,0.044630123064588904
OZAVYIVPURAMCC,CHEMBL3638541,CHEMBL3706289,1,0.2,0.933772,0.9460638245951969,0.2,0.85299295,0.8838248501673251,0.2,0.6722272,0.9447117226990657
OZDCJUMRPCRCIW,CHEMBL4808220,CHEMBL4810527,1,0.3522727272727273,0.76269627,0.7723683133298267,0.44047619047619047,0.71724814,0.08721724432861798,0.3522727272727273,0.78203094,0.007337429412654518
OZEPNQWFDFBLQI,CHEMBL3638997,CHEMBL3705850,1,0.23376623376623376,0.7680116,0.3711495136835203,0.23376623376623376,0.776059,0.7881484576849229,0.24,0.7356074,0.9674659047791689
OZMZZJHYZQVAQQ,CHEMBL1772963,CHEMBL1777505,0,0.7619047619047619,0.99947935,0.9987451800414112,0.7619047619047619,0.9997274,0.9960999413336624,0.7619047619047619,0.9994289,0.9992197924306468
OZQZVZQHOKSNJE,CHEMBL4819017,CHEMBL4820258,1,0.2127659574468085,0.9916664,0.8492853941993264,0.2127659574468085,0.98313695,0.9921906235754945,0.2127659574468085,0.97856766,0.9397063097799173
PABMYTICQCKZAG,CHEMBL3822371,CHEMBL3826741,1,0.373134328358209,0.18953697,0.6111991174439769,0.5606060606060606,0.8689989,0.9652708079746545,0.5606060606060606,0.8767041,0.9965608202565208
PASGTYNZVIEYTN,CHEMBL4725466,CHEMBL4731424,1,0.4393939393939394,0.99236906,0.9999410688140487,0.4393939393939394,0.9857723,0.9998054931040968,0.4393939393939394,0.98064303,0.9998659341582609
PASKVXDLXWTVKX,CHEMBL4020823,CHEMBL4023016,1,0.26881720430107525,0.8695598,0.9136564374121889,0.26262626262626265,0.7543055,0.9697101657724619,0.26881720430107525,0.7342937,0.9704631098352774
PBDNSQIGSLIDQF,CHEMBL5729432,CHEMBL5738687,0,0.3375,0.68429077,0.9542218431957973,0.3375,0.7789482,0.9666541210489353,0.3375,0.8555819,0.9990362343810404
PBPMRYYZVXMZIH,CHEMBL4732196,CHEMBL4737601,1,0.1893939393939394,0.44779488,0.49840849063975795,0.18811881188118812,0.15265171,0.8574631653138234,0.1893939393939394,0.047375124,0.9796436053801167
PBXMSYUQJYMMFD,CHEMBL3779897,CHEMBL3784491,1,0.2653061224489796,0.9348032,0.9962877741955817,0.2653061224489796,0.91159713,0.9999783021386923,0.2653061224489796,0.4765848,0.9999798488552357
PCAFCUPDFRTAJS,CHEMBL5726558,CHEMBL5732909,1,0.3522727272727273,0.9854694,0.9977717328913384,0.4044943820224719,0.99554837,0.9987597743181811,0.4044943820224719,0.99495536,0.9991555787193352
PCUVGYDBISRFHY,CHEMBL3734757,CHEMBL3738862,1,0.22105263157894736,0.776979,0.5136625935607346,0.22105263157894736,0.8326318,0.9880881274353566,0.22105263157894736,0.4086471,0.6496048819561359
PCYARMBDQFFHSO,CHEMBL4017506,CHEMBL4019299,0,0.36363636363636365,0.89100623,0.6471005524088981,0.36363636363636365,0.9195848,0.7213265486965375,0.36363636363636365,0.931416,0.9542794197145233
PDASOYUSMAATLD,CHEMBL3638592,CHEMBL3706089,1,0.22340425531914893,0.94351417,0.8112024032122885,0.22340425531914893,0.9696623,0.970457425724393,0.20833333333333334,0.95750964,0.9758244109999608
PDGYXVSGGSRTIY,CHEMBL4699485,CHEMBL4701746,1,0.4246575342465753,0.98832804,0.9790350202346315,0.4246575342465753,0.99675614,0.9906407889672164,0.4246575342465753,0.9916407,0.9753053422361981
PDKXYVQAGCSCTB,CHEMBL4819087,CHEMBL4821861,1,0.2222222222222222,0.19627705,0.25067589720014594,0.2222222222222222,0.20715927,0.05519893954465262,0.2222222222222222,0.09631068,0.002274845941218542
PDLCAVUHYFSFFJ,CHEMBL5725838,CHEMBL5731581,1,0.17894736842105263,0.8726779,0.9998774177736081,0.17894736842105263,0.9470147,0.9998007788445487,0.17894736842105263,0.85987866,0.999730808784594
PDNHZNUDWLUQQC,CHEMBL5046253,CHEMBL5047787,1,0.6533333333333333,0.99989605,0.9999930330109489,0.6666666666666666,0.9999536,0.9999722089054492,0.6666666666666666,0.99994946,0.9999923771547699
PDSVYUQZFMFOMC,CHEMBL3639133,CHEMBL3706375,1,0.21978021978021978,0.9030892,0.9381454884598909,0.20952380952380953,0.89850634,0.9712292934319572,0.21978021978021978,0.8685154,0.9991071864789157
PDVVHLFBHAEMSS,CHEMBL3638644,CHEMBL3705655,1,0.3258426966292135,0.9882554,0.9992092597846839,0.3614457831325301,0.9941573,0.9978111767704906,0.3614457831325301,0.9926924,0.9995559686244948
PECPVXATHUSMDW,CHEMBL3638592,CHEMBL3706089,1,0.22093023255813954,0.9267402,0.9666751571365065,0.22093023255813954,0.9549791,0.9512104651854102,0.22093023255813954,0.95557374,0.9660833920279455
PEHOYXFRZNCLOM,CHEMBL5726558,CHEMBL5732909,1,0.3561643835616438,0.90001076,0.9990658808451037,0.375,0.88518006,0.9979504352012685,0.3561643835616438,0.9249829,0.9964856482612741
PESHAFCSMREEAN,CHEMBL3992539,CHEMBL3993907,1,0.31521739130434784,0.9204423,0.9718746025856888,0.31521739130434784,0.8652755,0.9974135585786692,0.31521739130434784,0.57040834,0.9985987680024471
PFEQTXMFFPPYOF,CHEMBL3638541,CHEMBL3706289,1,0.2564102564102564,0.23023796,0.9986591868968324,0.2564102564102564,0.15233499,0.9921026616739523,0.21782178217821782,0.1507937,0.9940812770416589
PFMQZZZMHKZFIY,CHEMBL5729706,CHEMBL5739310,1,0.18309859154929578,0.059939153,0.004877855260636773,0.19718309859154928,0.090893954,0.02797345817702531,0.18309859154929578,0.06464132,0.003589423141438073
PFOAWIQUWLWIJH,CHEMBL3638644,CHEMBL3705655,1,0.35443037974683544,0.9505272,0.9949330952240539,0.7285714285714285,0.9550959,0.9947320742765702,0.7285714285714285,0.96417046,0.9985455345002046
PFQPMMYPDZXCFP,CHEMBL3576869,CHEMBL3579762,1,0.18269230769230768,0.88538784,0.9915334590710252,0.18269230769230768,0.9239362,0.9997259059162064,0.18269230769230768,0.8177921,0.9998504047059548
PFVDDMOTCPIJSZ,CHEMBL3638644,CHEMBL3705655,1,0.3372093023255814,0.9712955,0.9970165222305465,0.3902439024390244,0.98468256,0.996438973182874,0.3902439024390244,0.98855674,0.9992243019279765
PFVRLSMGLOKECR,CHEMBL3639133,CHEMBL3706375,1,0.2247191011235955,0.8913343,0.997526345335196,0.2247191011235955,0.8498865,0.9988714444092297,0.2247191011235955,0.8555522,0.9998633810750707
PGZQEUGRRIQARD,CHEMBL5108059,CHEMBL5112157,1,0.23255813953488372,0.92728895,0.4979751288039568,0.2911392405063291,0.990732,0.9914071843838379,0.2911392405063291,0.94040847,0.9991596481924657
PHCXCLUQKBHQJU,CHEMBL4020805,CHEMBL4022584,1,0.7413793103448276,0.99960047,0.9999899403993697,0.7796610169491526,0.9997701,0.9999474477512226,0.7796610169491526,0.99976736,0.99997198651974
PHFYNYDCDZVJCY,CHEMBL3638592,CHEMBL3706089,1,0.3218390804597701,0.939006,0.6454684532609974,0.3218390804597701,0.97026765,0.9353042341546683,0.26373626373626374,0.98292947,0.980951939996748
PHJOGIRUMSJDEO,CHEMBL3638644,CHEMBL3705655,1,0.3263157894736842,0.59427494,0.8739158317750897,0.3263157894736842,0.79815686,0.9329859960951083,0.3263157894736842,0.8060027,0.9921914870141407
PHRHAUZPZAUINW,CHEMBL3639133,CHEMBL3706375,1,0.20652173913043478,0.6511919,0.988242659794375,0.20652173913043478,0.4502446,0.9990055390194539,0.20652173913043478,0.51598924,0.9991892170272478
PIBZFYVUEHJAKF,CHEMBL3638592,CHEMBL3706089,1,0.2736842105263158,0.78758407,0.8048430593080712,0.26666666666666666,0.9525431,0.5346737206089407,0.2391304347826087,0.9181671,0.7917434941181526
PILANJSDZDUBHZ,CHEMBL3638644,CHEMBL3705655,1,0.3584905660377358,0.8768383,0.9985109083776368,0.5833333333333334,0.972226,0.9742085321594263,0.5833333333333334,0.9539874,0.995834743035589
PILYZBZEROLKLU,CHEMBL3639133,CHEMBL3706375,1,0.2,0.592303,0.9954277614004676,0.1935483870967742,0.63892514,0.9968215541011248,0.1935483870967742,0.5954311,0.999280315111185
PIMGELZVLVNZAP,CHEMBL3638592,CHEMBL3706089,1,0.21818181818181817,0.9502746,0.9608047918388705,0.21818181818181817,0.9722555,0.8654889261676232,0.21818181818181817,0.9691347,0.9846636789393114
PINXPDMQKCBLGS,CHEMBL3638592,CHEMBL3706089,1,0.22727272727272727,0.58890706,0.3486019212076524,0.22727272727272727,0.78019375,0.18887507369958323,0.22727272727272727,0.6388199,0.5704509067179198
PISLKDKFKGFUHQ,CHEMBL3588784,CHEMBL3591971,0,0.205607476635514,0.5414338,0.7682302143203332,0.205607476635514,0.6768051,0.9847498928796676,0.205607476635514,0.84759825,0.7981708781254493
PITKTVIHKMTBCS,CHEMBL3639211,CHEMBL3706278,1,0.21649484536082475,0.8591629,0.9690596175936119,0.21649484536082475,0.72891974,0.7343754642855812,0.21649484536082475,0.4947042,0.22280667233775384
PIUSSVDBZCDRBW,CHEMBL3638644,CHEMBL3705655,1,0.3146067415730337,0.9903526,0.9990394135477081,0.38095238095238093,0.9846896,0.9971109824237648,0.38095238095238093,0.99261945,0.9985357749201608
PJFXFFSYRXZKDQ,CHEMBL5244238,CHEMBL5245700,1,0.1834862385321101,0.18532678,0.29577928349920807,0.1728395061728395,0.48812547,0.07608244086421656,0.1834862385321101,0.42605898,0.30546722052528585
PJIYWNOPFRSUHA,CHEMBL3639133,CHEMBL3706375,1,0.21739130434782608,0.9431097,0.9919656127993537,0.21739130434782608,0.91816884,0.9973988778808466,0.21739130434782608,0.8624456,0.9997343510217629
PJNZTQCQGULXSQ,CHEMBL3638644,CHEMBL3705655,1,0.2962962962962963,0.9611389,0.9877304081833648,0.5802469135802469,0.9530486,0.9547129176834553,0.5802469135802469,0.9385057,0.97884545902763
PJSOHQYOAVQLMP,CHEMBL5725838,CHEMBL5731581,0,0.21428571428571427,0.77236134,0.9997833577402174,0.21428571428571427,0.80886805,0.9989118682319423,0.21428571428571427,0.8272735,0.9997161163112999
PKBYDFCWGJLABS,CHEMBL5532641,CHEMBL5533395,1,0.3855421686746988,0.9540485,0.8628260606820295,0.3855421686746988,0.8495254,0.7049202071779407,0.3855421686746988,0.93305826,0.9623348432799839
PKDPVKUZBYKFKI,CHEMBL3638644,CHEMBL3705655,1,0.3333333333333333,0.9226422,0.9973423027579791,0.3333333333333333,0.93708366,0.9751160118495847,0.3333333333333333,0.9497639,0.9972593786156763
PKJXKYVTJYQNPG,CHEMBL3638592,CHEMBL3706089,1,0.24731182795698925,0.53398395,0.5740675430716122,0.24731182795698925,0.7546569,0.8940594703475049,0.24731182795698925,0.52251023,0.9466934074604038
PKULMPKZJZFMMT,CHEMBL6087433,CHEMBL6088976,0,0.3,0.9860444,0.9923300652323266,0.2988505747126437,0.9712904,0.9847186261048065,0.3,0.9889237,0.9999447786540556
PKULMPKZJZFMMT,CHEMBL6087433,CHEMBL6088977,0,0.3,0.9860444,0.9923300652323266,0.2988505747126437,0.9712904,0.9847186261048065,0.3,0.9889237,0.9999447786540556
PKYHQCQQUCBAKQ,CHEMBL3639211,CHEMBL3706278,1,0.2033898305084746,0.5299536,0.7620164576520746,0.2033898305084746,0.7106245,0.9301935560870032,0.2033898305084746,0.63773936,0.9242505656790965
PLOOFUYVLXVIGB,CHEMBL3638541,CHEMBL3706289,0,0.32608695652173914,0.99194205,0.9998582839213168,0.32608695652173914,0.9900332,0.9992936410718398,0.32608695652173914,0.98103106,0.999787957889439
PLPOSXSEIXOAPH,CHEMBL3639211,CHEMBL3706278,1,0.1724137931034483,0.79933685,0.8167160931933757,0.17857142857142858,0.89583445,0.8719669270432129,0.17857142857142858,0.68884397,0.11250565739657743
PLTLJKKJRZOFKS,CHEMBL4819087,CHEMBL4821861,0,0.2638888888888889,0.030618647,0.9873890149225734,0.26666666666666666,0.037310097,0.9958359602664729,0.24691358024691357,0.029476194,0.9985529870072894
PLXJVMQUYXVZPB,CHEMBL4020805,CHEMBL4022584,0,0.5362318840579711,0.99386144,0.9999514874916985,0.5362318840579711,0.9842419,0.9999860377396583,0.5256410256410257,0.9593422,0.999973758592148
PMBCEMXDAJTEQO,CHEMBL5500428,CHEMBL5505639,0,0.2911392405063291,0.69777983,0.07380721993932918,0.2911392405063291,0.79444295,0.9363470082343196,0.2911392405063291,0.38441688,0.8191554400032712
PMENHBJIXSWFTH,CHEMBL3639133,CHEMBL3706375,1,0.29347826086956524,0.9905877,0.9949558580023352,0.3058823529411765,0.975711,0.996665439510668,0.30952380952380953,0.9877857,0.9998711675585703
PMYRNYKUOVLEMF,CHEMBL3638592,CHEMBL3706089,1,0.25555555555555554,0.65321743,0.7014576455618333,0.25555555555555554,0.8128191,0.9456535978631161,0.25555555555555554,0.6516261,0.956287683541304
PNCAREFTTBHDNQ,CHEMBL4138149,CHEMBL4141549,1,0.7547169811320755,0.9989604,0.9998916698092163,0.7547169811320755,0.99909973,0.9998945326933463,0.7037037037037037,0.99679774,0.9997505312806327
PNIRYKZKGDZRPO,CHEMBL3638592,CHEMBL3706089,1,0.23529411764705882,0.7857628,0.9306272676212786,0.23529411764705882,0.8167073,0.7778713847047161,0.23529411764705882,0.7457967,0.9072911556165749
PNJYUHUXRYSOSQ,CHEMBL5108059,CHEMBL5112157,1,0.27692307692307694,0.37592384,0.26443616858829944,0.27692307692307694,0.33913592,0.833096365318623,0.27692307692307694,0.045900553,0.16922996067215193
PNUZCCBBXZBXAJ,CHEMBL3638592,CHEMBL3706089,1,0.23595505617977527,0.2980383,0.7038947112719987,0.21686746987951808,0.38739365,0.37309215344974095,0.21686746987951808,0.38644177,0.9195452255708461
PNVPFJFQLFNCRW,CHEMBL4049442,CHEMBL4051856,1,0.38235294117647056,0.86912173,0.1834145260255606,0.4722222222222222,0.7832971,0.11553461092360402,0.4722222222222222,0.91268694,0.947577386386601
PPADFPOSEYZLBJ,CHEMBL3639133,CHEMBL3706375,1,0.22580645161290322,0.7641322,0.7237856332772775,0.22580645161290322,0.7944865,0.7058496801065198,0.22580645161290322,0.7867862,0.9694412016350651
PPBSOODUJSYORY,CHEMBL3638592,CHEMBL3706089,1,0.23636363636363636,0.958647,0.8170340876836663,0.23636363636363636,0.9795985,0.9018119160078842,0.23333333333333334,0.9474449,0.967068842098935
PPDVRTHEPOWNRX,CHEMBL3638592,CHEMBL3706089,1,0.22093023255813954,0.89128894,0.9143056837994668,0.22093023255813954,0.9359725,0.9897948302417783,0.22093023255813954,0.93275964,0.9923367263847511
PPGFFMTXKQEFFH,CHEMBL5725838,CHEMBL5731581,0,0.2,0.7733609,0.999837905472969,0.2,0.82923716,0.9997910697542332,0.2,0.8458706,0.9997916452024177
PPJQEFMGCSMFTQ,CHEMBL3638644,CHEMBL3705655,1,0.30434782608695654,0.8600735,0.999238011666435,0.30434782608695654,0.88710016,0.9785640229283681,0.30434782608695654,0.8508971,0.9890413156293727
PPSXOMUYKRJEAG,CHEMBL3638592,CHEMBL3706089,1,0.27522935779816515,0.4576359,0.719971437027358,0.28421052631578947,0.7702049,0.8600338374341435,0.28421052631578947,0.69890845,0.9349800310401963
PPUMGJBNOKTDHT,CHEMBL4819087,CHEMBL4821861,0,0.23880597014925373,0.118186526,0.025501924977173768,0.23880597014925373,0.23910542,0.10299774104271937,0.23880597014925373,0.13384844,0.14335685055825043
PPYBSQAQOAIKSQ,CHEMBL3638644,CHEMBL3705655,1,0.3333333333333333,0.97128356,0.9960700317927542,0.47560975609756095,0.98384905,0.993973747704808,0.47560975609756095,0.9857501,0.9986349836825044
PPZDZZXHCHKJJS,CHEMBL5244238,CHEMBL5245700,1,0.325,0.92108345,0.9818083418665634,0.8461538461538461,0.95792824,0.9960189593771049,0.8461538461538461,0.9711112,0.9924369183653385
PQEIMHBVHXTVNA,CHEMBL4020823,CHEMBL4023016,1,0.23809523809523808,0.9711245,0.5573794373915766,0.23809523809523808,0.9642704,0.9956968517842965,0.25925925925925924,0.90478575,0.9193458682869156
PQJFFUOVDUCZMA,CHEMBL5729432,CHEMBL5738687,1,0.3382352941176471,0.9615115,0.9994470328448131,0.3382352941176471,0.9713708,0.997776881940537,0.3382352941176471,0.9584423,0.9997301007500226
PQSRXIWKDZAALQ,CHEMBL4229417,CHEMBL4233142,1,0.3142857142857143,0.9631595,0.9985322791323191,0.5301204819277109,0.98074615,0.9978182212879952,0.5301204819277109,0.9713887,0.9977823117056509
PQZBERSKRHMVIS,CHEMBL3639133,CHEMBL3706375,1,0.21818181818181817,0.5736996,0.8522711969719654,0.21818181818181817,0.5551422,0.9674014928360573,0.2087912087912088,0.69322616,0.9888203688133517
PRKHSWZAKJRMJV,CHEMBL3638541,CHEMBL3706289,1,0.27884615384615385,0.46113163,0.9981634481153345,0.27884615384615385,0.4151121,0.9934460585071372,0.27884615384615385,0.41162863,0.997236130186501
PROUHMJIHSECPQ,CHEMBL4725466,CHEMBL4731424,1,0.45348837209302323,0.9941963,0.9999383842803834,0.45348837209302323,0.9887395,0.9987818029117264,0.42028985507246375,0.98306364,0.9998699539703364
PSGUQXFMEWBRCT,CHEMBL3639133,CHEMBL3706375,1,0.20353982300884957,0.8900982,0.6409878607720588,0.20353982300884957,0.8722973,0.9001138774692907,0.1935483870967742,0.86073554,0.9275130750619491
PSICWGWNIOOULV,CHEMBL3797068,CHEMBL3802992,1,0.410958904109589,0.48863965,0.9448312393369666,0.410958904109589,0.67105156,0.7027730869125453,0.410958904109589,0.716107,0.6153368758614073
PSICWGWNIOOULV,CHEMBL3797068,CHEMBL3802995,1,0.410958904109589,0.48863965,0.9448312393369666,0.410958904109589,0.67105156,0.7027730869125453,0.410958904109589,0.716107,0.6153368758614073
PSKPIIASZGHOLS,CHEMBL3639211,CHEMBL3706278,1,0.21505376344086022,0.90408295,0.9835849923599235,0.21505376344086022,0.8723618,0.9909397372877656,0.21505376344086022,0.83047855,0.9309372861370389
PSNIWFGSRBDMFK,CHEMBL4732196,CHEMBL4737601,1,0.2268041237113402,0.95155895,0.9712660728557279,0.2268041237113402,0.83720684,0.9547835809676157,0.2268041237113402,0.6218422,0.997232846223029
PSUNWODMIYVULL,CHEMBL3639211,CHEMBL3706278,1,0.1978021978021978,0.6673135,0.6791050081292223,0.1978021978021978,0.71631026,0.9234260216722816,0.1978021978021978,0.3849682,0.6455073752536044
PTYJSPBVVPEUHH,CHEMBL3639211,CHEMBL3706278,1,0.21100917431192662,0.59979945,0.28167103516052133,0.21100917431192662,0.59430057,0.8384380604082069,0.21100917431192662,0.75330573,0.18468344228619002
PUMWJWJEHSCNLG,CHEMBL3638541,CHEMBL3706289,1,0.23529411764705882,0.95937663,0.5260875418291776,0.23529411764705882,0.96938735,0.7895491620265582,0.23529411764705882,0.8865531,0.910068304679665
PUQKNADZOBNSOT,CHEMBL3638644,CHEMBL3705655,1,0.3238095238095238,0.9769995,0.9975261408396882,0.4090909090909091,0.9868384,0.9954208332270137,0.4090909090909091,0.9802449,0.9969267046226092
PURPJFNUIFMMRU,CHEMBL3638644,CHEMBL3705655,1,0.32432432432432434,0.961178,0.988988710837115,0.4358974358974359,0.95848596,0.9704845811761396,0.4358974358974359,0.96595454,0.9964899145659145
PVCHFDQWRQFBTJ,CHEMBL5236659,CHEMBL5240747,1,0.6060606060606061,0.9997328,0.9997584460357054,0.6060606060606061,0.9997391,0.9998774262477128,0.5581395348837209,0.9993647,0.9998946876365208
PVRCMSRKSNSFMD,CHEMBL3576869,CHEMBL3579762,1,0.18627450980392157,0.6456048,0.9214616713529741,0.18627450980392157,0.74487144,0.9994541591990652,0.18627450980392157,0.48224103,0.9991648600117522
PVTZDCROWZXBNI,CHEMBL3638644,CHEMBL3705655,1,0.35135135135135137,0.9743827,0.99924097260382,0.3953488372093023,0.98244214,0.9976435837145667,0.3953488372093023,0.98152083,0.9992440668118434
PVVNPKKVRBGINJ,CHEMBL3638592,CHEMBL3706089,1,0.25263157894736843,0.95704496,0.741728290062187,0.25263157894736843,0.9775398,0.9667857396663732,0.25263157894736843,0.97191936,0.9914336509225835
PVWNEYBXAHZOKS,CHEMBL3638592,CHEMBL3706089,1,0.2692307692307692,0.9171074,0.963895974451679,0.3263157894736842,0.96791786,0.9669997725016629,0.32978723404255317,0.98442185,0.99203025867938
PWOIIPWGSDSNOA,CHEMBL3638541,CHEMBL3706289,1,0.2571428571428571,0.2301727,0.8842980139003298,0.2571428571428571,0.13867508,0.7984891110696418,0.2222222222222222,0.122881256,0.7342813316779868
PXBGXOTVTIPYRZ,CHEMBL5500428,CHEMBL5505639,0,0.23809523809523808,0.7971222,0.6663851029167215,0.23809523809523808,0.72610605,0.9810552342976975,0.23809523809523808,0.72339547,0.8295592073859045
PXBYBKWYMXGFBT,CHEMBL3638644,CHEMBL3705655,1,0.3106796116504854,0.72491413,0.7093682339100275,0.4772727272727273,0.9757017,0.8767309420454278,0.4772727272727273,0.9575408,0.9499073340910735
PXLMCGVYEIIIEO,CHEMBL3638997,CHEMBL3705850,1,0.20930232558139536,0.82550246,0.221087479409228,0.20930232558139536,0.8910988,0.5040544155306554,0.21428571428571427,0.87962943,0.8981839677087518
PXMBVEZQNFLFAI,CHEMBL3351642,CHEMBL3380578,1,0.21176470588235294,0.59066993,0.7342147216243959,0.21176470588235294,0.57628304,0.9330548325037443,0.21176470588235294,0.3946238,0.9781509957065792
PYBNTHVXUJFNOG,CHEMBL3585264,CHEMBL3587521,1,0.17045454545454544,0.8645841,0.2822034245792665,0.17045454545454544,0.7789507,0.8012200907297131,0.17045454545454544,0.8606191,0.6816638088636321
PYBZGBUQJGDFIX,CHEMBL3638644,CHEMBL3705656,1,0.29523809523809524,0.9406357,0.9942984507097002,0.8115942028985508,0.9622041,0.9889441881138108,0.8115942028985508,0.9568785,0.9970325139753661
PYKQGDGQYKLEFU,CHEMBL3638592,CHEMBL3706089,1,0.25,0.88559055,0.63224403968568,0.25,0.9285167,0.7430080512253322,0.25,0.9291885,0.9868637831489102
PYQFHHMQNWULFA,CHEMBL3638644,CHEMBL3705655,1,0.3106796116504854,0.78596836,0.9720134900734875,0.4117647058823529,0.9011607,0.8891956772107356,0.4117647058823529,0.84120214,0.9829648090101015
PYUQJEKKWDCSKY,CHEMBL3638997,CHEMBL3705850,1,0.25316455696202533,0.7776513,0.6768246351489906,0.25316455696202533,0.78538394,0.5294170815870608,0.21875,0.8579056,0.9611702033328042
PZBCKZWLPGJMAO,CHEMBL4393651,CHEMBL4393776,1,0.25892857142857145,0.87974066,0.9707202023013479,0.25892857142857145,0.7917447,0.9815287853539365,0.25892857142857145,0.87214464,0.9691760279042229
PZGUSGCXFPCTIJ,CHEMBL3639163,CHEMBL3705287,1,0.17525773195876287,0.43735966,0.9851103988607031,0.17525773195876287,0.5229805,0.9997629356736628,0.17525773195876287,0.2641433,0.9997952917129664
PZOXQECLORPCTJ,CHEMBL3638997,CHEMBL3705850,1,0.25,0.8145504,0.6768638087696713,0.25,0.75313514,0.5220699598693217,0.2571428571428571,0.80282533,0.9120963792041316
QAAKCQGAMWFSQA,CHEMBL5729432,CHEMBL5738687,0,0.32926829268292684,0.38846937,0.9568625642738899,0.32926829268292684,0.72432446,0.9891585058878964,0.32926829268292684,0.60565317,0.9977847445021368
QAJDWPQGDOKRRH,CHEMBL4808220,CHEMBL4810527,1,0.4794520547945205,0.6740522,0.45507984877575475,0.4794520547945205,0.62522525,0.015261393858802107,0.4794520547945205,0.60099673,0.006488350207672712
QAOOMJVBKOZMOF,CHEMBL1255226,CHEMBL1261684,1,0.25742574257425743,0.9783387,0.32223479371240876,0.25742574257425743,0.9726582,0.9934611008308277,0.25742574257425743,0.8324165,0.5548752713833043
QAQNRPZNOFLCEK,CHEMBL3638592,CHEMBL3706089,1,0.27956989247311825,0.94628644,0.9851882543961735,0.27956989247311825,0.9660619,0.9497893113947387,0.27956989247311825,0.9696866,0.9964630948120812
QATULSJUFMURKJ,CHEMBL3638644,CHEMBL3705655,0,0.3181818181818182,0.85406166,0.9997101574120265,0.4888888888888889,0.9449389,0.9991806658073389,0.4888888888888889,0.9585776,0.9997664421960228
QBAIEFIZAFPNRW,CHEMBL4819017,CHEMBL4820258,0,0.21904761904761905,0.9923179,0.9688754496886086,0.21904761904761905,0.9922571,0.9988666521987787,0.21904761904761905,0.9828472,0.9738423514467487
QBJVFHSFEJSBAI,CHEMBL3638592,CHEMBL3706089,1,0.21739130434782608,0.81165344,0.9661133739251103,0.21875,0.8749645,0.9921825140151878,0.21739130434782608,0.8309747,0.993634413013579
QBLHOGFZBFUVBU,CHEMBL3638644,CHEMBL3705655,1,0.3170731707317073,0.87215227,0.9728158595120627,0.6712328767123288,0.8829833,0.8902939782829603,0.6712328767123288,0.9106068,0.9771968889790912
QBUZXAMCKMISHF,CHEMBL3638592,CHEMBL3706089,1,0.23076923076923078,0.91616094,0.388323684187262,0.23076923076923078,0.9495313,0.7275153766643672,0.23076923076923078,0.83691245,0.3841157331431768
QCBNUFQESUKTQZ,CHEMBL4819087,CHEMBL4821861,0,0.27692307692307694,0.0987452,0.9725151875799553,0.26229508196721313,0.08506122,0.9837107185578001,0.26229508196721313,0.06369685,0.9967565076489827
QCBSQURWTMLVJE,CHEMBL5726558,CHEMBL5732909,1,0.3111111111111111,0.78380084,0.7812922413351902,0.5,0.89663553,0.7403789701803292,0.5,0.8791799,0.9744936246415096
QCSWOHNETFYRFD,CHEMBL3638644,CHEMBL3705655,1,0.3157894736842105,0.78871113,0.9969682151865176,0.3950617283950617,0.8735721,0.9882751866482474,0.3950617283950617,0.9536703,0.9970834714738519
QDITZBLZQQZVEE,CHEMBL5346869,CHEMBL5347353,1,0.23076923076923078,0.3128356,0.23090858130372816,0.23076923076923078,0.0841916,0.864705196569948,0.23076923076923078,0.08458254,0.6873392912470618
QEDDIGVYSUVNGU,CHEMBL3638592,CHEMBL3706089,1,0.25301204819277107,0.57911277,0.8264007585849362,0.25301204819277107,0.7377352,0.9477421805582389,0.25301204819277107,0.7074483,0.9679434778344217
QEGIHVJZFLIQFL,CHEMBL3638644,CHEMBL3705655,1,0.3106796116504854,0.75426203,0.964234988605687,0.3333333333333333,0.8606945,0.936165613470597,0.3333333333333333,0.81279784,0.9962508742631077
QEGVAYPSQNTHCU,CHEMBL3638541,CHEMBL3706289,0,0.29,0.9741485,0.9997596595993157,0.29,0.981573,0.9969510940726443,0.29,0.97647583,0.9994374777523827
QENAZHNQLZMAPO,CHEMBL4229417,CHEMBL4233142,1,0.2980769230769231,0.8212536,0.9884926341253749,0.55,0.9020013,0.9669334336081613,0.55,0.9093928,0.9932593513459592
QESCDVPTQCSNHI,CHEMBL4020805,CHEMBL4022584,1,0.4935064935064935,0.99991846,0.9999466549956817,0.4935064935064935,0.9997607,0.9999924737178318,0.45454545454545453,0.9992411,0.9999816943905349
QETFAMKONUZFSO,CHEMBL4842397,CHEMBL4845571,0,0.17708333333333334,0.9789853,0.2501801404675269,0.17708333333333334,0.9850482,0.9621893553797178,0.1743119266055046,0.9833161,0.9118675936100645
QFBUPMHFMONGPD,CHEMBL5543164,CHEMBL5548923,1,0.6933333333333334,0.99966466,0.9999891615142444,0.6933333333333334,0.9996712,0.9999924314142088,0.6933333333333334,0.9998294,0.9999899759564603
QGDPDCRKNPZQHV,CHEMBL6121003,CHEMBL6124352,1,0.8333333333333334,0.9992275,0.999991216117076,0.6349206349206349,0.99953485,0.9999638014872236,0.8333333333333334,0.9996183,0.9999829469117792
QGOJFKKLWHNNFG,CHEMBL4813994,CHEMBL4817110,1,0.45054945054945056,0.99908626,0.9959188865250845,0.45054945054945056,0.9972868,0.9336641899498392,0.45054945054945056,0.9923867,0.407375997848366
QGQCUJRMNQIEDZ,CHEMBL3638592,CHEMBL3706089,1,0.23711340206185566,0.8257676,0.9857628335556515,0.23655913978494625,0.89233875,0.9222432877646883,0.23655913978494625,0.7914678,0.957303752902367
QHFOEXOUGXQNEY,CHEMBL3638997,CHEMBL3705850,1,0.25925925925925924,0.6228843,0.36384729690161394,0.25925925925925924,0.7322983,0.5878474481188634,0.1927710843373494,0.71751213,0.7911732270237869
QHFZMOXBGBVDEL,CHEMBL4680347,CHEMBL4689247,1,0.3611111111111111,0.8952202,0.9796083794354705,0.3611111111111111,0.92836237,0.9919480245429959,0.3611111111111111,0.94636106,0.9988848805771471
QHPFLQXAOFFRIO,CHEMBL3638644,CHEMBL3705655,1,0.29473684210526313,0.92949235,0.9918862243310925,0.3875,0.9297447,0.9785586603124051,0.3875,0.9295331,0.9957652336964157
QHTLNGNWJJKUEG,CHEMBL3638592,CHEMBL3706089,1,0.25806451612903225,0.9154613,0.845606332106474,0.25806451612903225,0.95611197,0.9448213610204731,0.25806451612903225,0.8867406,0.9633096447009961
QHUBDROWGBQYIY,CHEMBL4229497,CHEMBL4235194,1,0.3076923076923077,0.85919636,0.9999454769894907,0.3076923076923077,0.81796706,0.9993420758398119,0.25806451612903225,0.626356,0.9998993602702111
QIJMDLNSCBXKAT,CHEMBL3638592,CHEMBL3706089,1,0.22826086956521738,0.4951076,0.6466490298562451,0.24210526315789474,0.6101984,0.5320036573222346,0.23148148148148148,0.4912877,0.8937474304889397
QIJMQWDXIPWYDU,CHEMBL3638644,CHEMBL3705655,1,0.36470588235294116,0.9219911,0.99868376469751,0.5176470588235295,0.9296077,0.9609477683825169,0.5176470588235295,0.9386193,0.9891751623415823
QIQREQZOAWQSAP,CHEMBL3639211,CHEMBL3706278,1,0.20909090909090908,0.5857567,0.7998140411318232,0.20909090909090908,0.754595,0.4529491135917559,0.18888888888888888,0.38561618,0.02735910904583825
QIRUTXLOOVKAMB,CHEMBL3734757,CHEMBL3738862,1,0.25609756097560976,0.98289907,0.9997689730855608,0.25609756097560976,0.98442185,0.9999858690920955,0.25609756097560976,0.9270188,0.9999702773864529
QJEKXKVLFHWWRV,CHEMBL3639133,CHEMBL3706375,1,0.17567567567567569,0.6350002,0.9953976264136969,0.17567567567567569,0.5755233,0.9979062367028197,0.17567567567567569,0.6159546,0.9996799554351523
QJOOALIZQCGIAE,CHEMBL3638997,CHEMBL3705850,1,0.23711340206185566,0.3154424,0.16606014005846473,0.23711340206185566,0.39985204,0.6667159378524294,0.23711340206185566,0.5907038,0.9671112204626625
QJUYJHHAXXJDGH,CHEMBL3638592,CHEMBL3706089,1,0.25806451612903225,0.86395824,0.4609831208717794,0.25806451612903225,0.9176132,0.5507280141087075,0.25806451612903225,0.9123592,0.9598826459415635
QKAALDVCXLSPCV,CHEMBL3576869,CHEMBL3579762,1,0.19130434782608696,0.51652336,0.8844356059930335,0.19101123595505617,0.24681872,0.9900347637649335,0.19130434782608696,0.058680188,0.994058604300116
QKHAGBPBKMGGGZ,CHEMBL4020805,CHEMBL4022584,0,0.5384615384615384,0.9961356,0.9999741809951802,0.581081081081081,0.99449205,0.9999868402870591,0.581081081081081,0.99519867,0.9999371728662141
QKLRYTKMUYKEAJ,CHEMBL3585315,CHEMBL3587365,1,0.2,0.6935218,0.014504361616147545,0.20454545454545456,0.7072449,0.5799739409084705,0.2,0.8240081,0.42881328497555654
QKPQPGVOPQPPOD,CHEMBL3638644,CHEMBL3705655,1,0.29213483146067415,0.8986792,0.9996952399523775,0.37349397590361444,0.954918,0.9995945324490074,0.37349397590361444,0.9717491,0.999938857414283
QKQDHYKDZGGYGA,CHEMBL4251704,CHEMBL4255944,1,0.17777777777777778,0.7419402,0.9625807483836606,0.17777777777777778,0.716491,0.9922666268745396,0.17777777777777778,0.5517231,0.9964150082759196
QLFWPUBGUJWRSV,CHEMBL3638592,CHEMBL3706089,1,0.23809523809523808,0.03929886,0.6564535045125492,0.23809523809523808,0.085256435,0.49255639609865226,0.23809523809523808,0.12188765,0.4615921686769268
QLIUUZSCTHFWCK,CHEMBL4020805,CHEMBL4022584,1,0.65,0.99856037,0.999986810951971,0.65,0.9948467,0.9999808031065597,0.65,0.995093,0.9999334190498153
QLRYXCGFDGTCHD,CHEMBL3351642,CHEMBL3380578,1,0.22641509433962265,0.9197305,0.9952779002110764,0.22340425531914893,0.8941265,0.9993908298759128,0.22641509433962265,0.924098,0.9988450339764643
QLTMAUQZTRMJSW,CHEMBL3638541,CHEMBL3706289,0,0.24,0.17023721,0.9998413168788525,0.24,0.108839,0.9801868903665016,0.20652173913043478,0.087947264,0.9955791643646682
QMCVXAYOLMUJCG,CHEMBL3638541,CHEMBL3706289,1,0.2235294117647059,0.4562177,0.9991748128368523,0.2235294117647059,0.54744947,0.9935167336089568,0.19767441860465115,0.4305824,0.9988560817476254
QMHYOAKQJNKZEG,CHEMBL3638997,CHEMBL3705850,1,0.20430107526881722,0.44545537,0.25505234362285323,0.20430107526881722,0.3771116,0.3687493280192116,0.20430107526881722,0.48285806,0.9707557662819277
QMKVCZDJHJYTJZ,CHEMBL3639211,CHEMBL3706278,1,0.20634920634920634,0.6130504,0.233803673858168,0.20634920634920634,0.73158383,0.6770730109705922,0.20634920634920634,0.70387715,0.10944928696284185
QMQCMIFUIOAMHB,CHEMBL3638644,CHEMBL3705655,1,0.3333333333333333,0.96603376,0.9972680623266781,0.6125,0.9758958,0.998235391798872,0.6125,0.9799565,0.9975385839478124
QMWFGKLYOGJRIS,CHEMBL3638644,CHEMBL3705655,1,0.31683168316831684,0.89013743,0.9703983390936002,0.525,0.9440073,0.9422451708843443,0.525,0.9484526,0.9874825161799938
QMZYNSDAISITEX,CHEMBL5726558,CHEMBL5732909,1,0.3488372093023256,0.98456347,0.9974889698860685,0.5263157894736842,0.97369283,0.9961842961523406,0.5263157894736842,0.9612436,0.9920602290042937
QNIWKMMGDVFCEO,CHEMBL3638997,CHEMBL3705850,1,0.25316455696202533,0.8875167,0.9604960902946583,0.25316455696202533,0.8969545,0.9315026071115303,0.2125,0.9167933,0.986112155024321
QNSAHCOQIWDQOU,CHEMBL4049442,CHEMBL4051856,1,0.35135135135135137,0.9129622,0.9180686288490373,0.4,0.9293517,0.7088340287043652,0.4,0.9418967,0.9085155529416504
QNXUGCMNSMEJDO,CHEMBL3779897,CHEMBL3784491,1,0.24761904761904763,0.9773728,0.999226182492949,0.24761904761904763,0.97019863,0.9999863235578003,0.24761904761904763,0.84642553,0.9999891102443683
QNYJSVCXTQGJEE,CHEMBL4725466,CHEMBL4731424,1,0.6,0.7679777,0.9988639449683134,0.6,0.608513,0.9963348252825087,0.6,0.77076006,0.9990424078127419
QOFAEMKKSYNAQU,CHEMBL4196123,CHEMBL4199839,0,0.28888888888888886,0.96856713,0.9967044925288286,0.28888888888888886,0.9708388,0.9865040222704804,0.28888888888888886,0.9730122,0.9997881536809241
QOMUOLVLUYYLAR,CHEMBL3638592,CHEMBL3706089,1,0.21428571428571427,0.85912526,0.5799264478182202,0.23711340206185566,0.8949682,0.8914697091464228,0.21428571428571427,0.80917656,0.9283371055156915
QOXUQJROGWQVGY,CHEMBL3638592,CHEMBL3706089,1,0.22413793103448276,0.9592777,0.9963602249575582,0.22413793103448276,0.9606433,0.9934492830331074,0.2222222222222222,0.91042846,0.9994862616973496
QPJYAXKFQRBVOU,CHEMBL5137017,CHEMBL5138978,0,0.3218390804597701,0.9884261,0.9859509567144379,0.3218390804597701,0.97702366,0.9810110760333968,0.3218390804597701,0.97843724,0.996741229964475
QPPQETCVFWBCGA,CHEMBL5244238,CHEMBL5245700,1,0.3163265306122449,0.9512457,0.9583525225766103,0.55,0.9751848,0.9661369612372066,0.55,0.95745325,0.9935410279591166
QPRIHDPESUEQSJ,CHEMBL5726558,CHEMBL5732909,0,0.43636363636363634,0.7557159,0.9970777277598795,0.43636363636363634,0.7897173,0.9998174988396159,0.43636363636363634,0.8112618,0.9786148449732152
QPSLESQSXVIEDT,CHEMBL5543164,CHEMBL5548923,1,0.6607142857142857,0.99942183,0.9999580960872946,0.6607142857142857,0.9991204,0.9999843590227052,0.6545454545454545,0.99904734,0.9999146795441685
QPUWXYFFJPOVGS,CHEMBL3639211,CHEMBL3706278,1,0.19834710743801653,0.9651308,0.9516276671677321,0.19834710743801653,0.98052233,0.9976963013918005,0.19834710743801653,0.9352274,0.7111589667026218
QPZOGYGGPPCZSA,CHEMBL1773044,CHEMBL1777163,1,0.5384615384615384,0.99510586,0.9999613738164418,0.5384615384615384,0.9980786,0.9999236320604696,0.5384615384615384,0.9982071,0.999981299932894
QPZOGYGGPPCZSA,CHEMBL1773044,CHEMBL1777165,1,0.5384615384615384,0.99510586,0.9999613738164418,0.5384615384615384,0.9980786,0.9999236320604696,0.5384615384615384,0.9982071,0.999981299932894
QQONAWLRRRQDQD,CHEMBL3638644,CHEMBL3705655,1,0.3125,0.5920178,0.9657336526447694,0.37209302325581395,0.7605699,0.9007362276958271,0.37209302325581395,0.8760274,0.9821726735798461
QQOSVOCXFLYNDK,CHEMBL3638592,CHEMBL3706089,1,0.225,0.67855626,0.8781091538697364,0.225,0.82067484,0.9718482002398189,0.225,0.7716914,0.9450273181169545
QQUREVJYKXJWOK,CHEMBL3638592,CHEMBL3706089,1,0.2826086956521739,0.82124794,0.9005748942254147,0.2826086956521739,0.85433614,0.7905785936778951,0.23157894736842105,0.87672,0.8620012505301163
QRKKQWDDVIUFBU,CHEMBL5370674,CHEMBL5375563,1,0.26804123711340205,0.84980386,0.9856463466237444,0.26804123711340205,0.77087027,0.9955300349658834,0.2608695652173913,0.71587104,0.9988713401296193
QRKPRYIGHVANCZ,CHEMBL5729706,CHEMBL5739310,1,0.19318181818181818,0.092918694,0.2577176674402744,0.19318181818181818,0.07431967,0.7208745214277384,0.19318181818181818,0.0891979,0.11927885988022933
QRUFDISOBAPRHT,CHEMBL3616407,CHEMBL3620381,1,0.22105263157894736,0.8883979,0.3486705515311146,0.22105263157894736,0.9057842,0.33828286006162356,0.22105263157894736,0.7362845,0.44135577189774433
QSCUCFQSMDQUAQ,CHEMBL3638644,CHEMBL3705655,1,0.3119266055045872,0.96224,0.9854074691807565,0.47191011235955055,0.98586637,0.9895132169135097,0.47191011235955055,0.9756697,0.9511537116999472
QSRFYGNECVTXBQ,CHEMBL6127045,CHEMBL6128133,0,0.5846153846153846,0.997874,0.9999628541054163,0.5846153846153846,0.9963076,0.9998845232167004,0.5131578947368421,0.994843,0.9999070476365903
QSTSTVHFXANQAG,CHEMBL4364276,CHEMBL4366252,1,0.2,0.7406729,0.9984997412252937,0.2,0.6565167,0.9555710939534019,0.2,0.238178,0.9923115954047161
QSUSKMROELIXNC,CHEMBL4359925,CHEMBL4363902,1,0.43333333333333335,0.98616576,0.9998981113877514,0.43333333333333335,0.9891573,0.9999525798740594,0.40425531914893614,0.994722,0.9999772019698041
QSWDLPGTHDVTAS,CHEMBL3638592,CHEMBL3706089,1,0.22115384615384615,0.9419191,0.993821303352546,0.1935483870967742,0.9527659,0.9376889656687187,0.1935483870967742,0.820851,0.8770090968531136
QSWOZMQJOSGBIB,CHEMBL5620391,CHEMBL5622307,1,0.23170731707317074,0.71582156,0.7489413106268225,0.2,0.84529406,0.9672452051942108,0.23170731707317074,0.3543243,0.9939182639188064
QSYWGDMGBBKVNH,CHEMBL4808220,CHEMBL4810527,1,0.3950617283950617,0.59935,0.314272449825408,0.3950617283950617,0.586345,0.007632433905048383,0.3950617283950617,0.4121445,0.0038188266283304367
QSZHQEONAFXDOB,CHEMBL3638592,CHEMBL3706089,1,0.23655913978494625,0.95266706,0.9707234294785647,0.23655913978494625,0.96503884,0.9589587491010416,0.23655913978494625,0.96229076,0.9931750329515511
QTCHCGFCYOHSMS,CHEMBL3352452,CHEMBL3379685,0,0.24691358024691357,0.9225808,0.39990428192087285,0.24691358024691357,0.9374457,0.9534117285356857,0.24691358024691357,0.80178255,0.9704580439390674
QTHZUOGAQUNXEG,CHEMBL3638541,CHEMBL3706289,0,0.25471698113207547,0.9898108,0.9999398692739484,0.25471698113207547,0.98604727,0.9932392878476171,0.25471698113207547,0.97417206,0.9992003309727984
QTMNAWOUZWEJCO,CHEMBL3638592,CHEMBL3706089,1,0.234375,0.6288711,0.9844808145376803,0.234375,0.48420691,0.9551216176168135,0.234375,0.38842052,0.8400124109551672
QTRNQOMQZCJUIY,CHEMBL1759974,CHEMBL1763561,0,0.265625,0.27212498,0.06699900686650148,0.265625,0.5227696,0.7504981391938144,0.265625,0.19371541,0.8257689855766002
QTWZXDBASAWFPR,CHEMBL3638997,CHEMBL3705850,1,0.20238095238095238,0.61764663,0.7330419248963059,0.20238095238095238,0.7369454,0.8405961201243312,0.1927710843373494,0.7465095,0.9630825794550321
QUCNGNSYMAUDBK,CHEMBL3638541,CHEMBL3706289,1,0.22093023255813954,0.3555843,0.9980675849485019,0.22093023255813954,0.22707964,0.9880141604947579,0.2018348623853211,0.2157258,0.9929206988871542
QUSLSSZRKYNZTD,CHEMBL3638644,CHEMBL3705655,1,0.30927835051546393,0.72958034,0.9129032390658874,0.3181818181818182,0.798344,0.9501392719871137,0.3181818181818182,0.8490692,0.9940861121668559
QUXDVTPBESAXFP,CHEMBL4765397,CHEMBL4772815,0,0.4883720930232558,0.9995505,0.9999819023502632,0.6714285714285714,0.9995827,0.9999775027991852,0.6714285714285714,0.99966586,0.9999908211926689
QVDHLVOOHNCLEV,CHEMBL5543164,CHEMBL5548923,1,0.49333333333333335,0.99981624,0.9999919377440751,0.49333333333333335,0.9998217,0.9999781017286963,0.49333333333333335,0.9999039,0.9999290290501507
QVKFMCDAOONIMX,CHEMBL1759974,CHEMBL1763481,1,0.15384615384615385,0.29256144,0.40284849443243564,0.15384615384615385,0.5284653,0.8343812260871575,0.14473684210526316,0.39936525,0.8987017714329146
QVKFMCDAOONIMX,CHEMBL1759974,CHEMBL1763561,1,0.15384615384615385,0.29256144,0.40284849443243564,0.15384615384615385,0.5284653,0.8343812260871575,0.14473684210526316,0.39936525,0.8987017714329146
QVRVNARHDXSEQC,CHEMBL3638644,CHEMBL3705655,1,0.30303030303030304,0.7738695,0.940966444153264,0.3258426966292135,0.81944704,0.9754255391460074,0.3258426966292135,0.851863,0.9980352093891396
QWDMEZXGUVFKIJ,CHEMBL3638592,CHEMBL3706089,1,0.296875,0.7760018,0.9811890191750539,0.296875,0.8014625,0.9917280911842746,0.296875,0.6984009,0.9916352742501993
QWDXAFVTKOFJGF,CHEMBL3638997,CHEMBL3705850,1,0.24675324675324675,0.69167376,0.9425494994143417,0.24675324675324675,0.7366876,0.9651000135693731,0.20512820512820512,0.6537638,0.9921288363757231
QWKPMUWDDQDMNV,CHEMBL3639133,CHEMBL3706375,1,0.21505376344086022,0.67939615,0.9898389805165871,0.21505376344086022,0.74916357,0.9912821339359689,0.21505376344086022,0.7696998,0.9994928521357934
QWRMKJOSBQMCHJ,CHEMBL3638592,CHEMBL3706089,1,0.23232323232323232,0.88188016,0.9503779283422393,0.23232323232323232,0.9435124,0.9598927736417867,0.23232323232323232,0.89551073,0.9679169787081885
QXDJAGKQYJREHU,CHEMBL5500428,CHEMBL5505639,0,0.1875,0.13849114,0.0191678259007555,0.1951219512195122,0.13296255,0.16110575355942716,0.1951219512195122,0.15173559,0.07312598630591466
QXEHXLCMKZNRRR,CHEMBL3638644,CHEMBL3705655,1,0.3302752293577982,0.95212156,0.9975996130168773,0.5465116279069767,0.989925,0.9990041451538105,0.5465116279069767,0.98515433,0.9988112370869469
QXKWPMARGVJDLS,CHEMBL3638997,CHEMBL3705850,1,0.22727272727272727,0.42006898,0.12459315576389725,0.22727272727272727,0.3801581,0.3879107563878764,0.22727272727272727,0.70582896,0.9718792836085864
QXNJYGZAZPMCNN,CHEMBL3638644,CHEMBL3705655,1,0.3111111111111111,0.98810333,0.9973303402606084,0.3764705882352941,0.9901186,0.9927779369676475,0.3764705882352941,0.9909689,0.9964628441214242
QXOKIFGIUZOQBL,CHEMBL3638592,CHEMBL3706089,1,0.22935779816513763,0.97013557,0.8926941616958398,0.22935779816513763,0.98634064,0.9786685388259809,0.22935779816513763,0.9866411,0.9958180349856716
QYBGBLQCOOISAR,CHEMBL5230127,CHEMBL5231759,1,0.359375,0.95978266,0.9398048271191961,0.359375,0.97287536,0.9750196567257685,0.359375,0.9733835,0.9117376490653512
QYBGBLQCOOISAR,CHEMBL5252519,CHEMBL5253274,1,0.359375,0.95978266,0.9398048271191961,0.359375,0.97287536,0.9750196567257685,0.359375,0.9733835,0.9117376490653512
QZJZDSUNECCCET,CHEMBL3638644,CHEMBL3705655,0,0.3684210526315789,0.989512,0.9961252921460465,0.40476190476190477,0.99525404,0.9995198810127277,0.40476190476190477,0.99190193,0.9996314243584904
QZRHBOXSWQEYSQ,CHEMBL4680347,CHEMBL4689247,1,0.3380281690140845,0.50145996,0.9592604157562078,0.3380281690140845,0.5891609,0.9711670738392623,0.3380281690140845,0.900925,0.9993930178054475
RAGCZKCVYALLPX,CHEMBL3638997,CHEMBL3705850,1,0.22115384615384615,0.36963853,0.7195789693435009,0.22115384615384615,0.43153784,0.89365038419036,0.22105263157894736,0.4964684,0.9653963630272089
RAHIXUIEMWVASX,CHEMBL3639211,CHEMBL3706278,1,0.22549019607843138,0.5262326,0.9732321081451781,0.22549019607843138,0.5727401,0.9213192682288966,0.22549019607843138,0.29535088,0.601639911538414
RAHOFRAHNZADFH,CHEMBL4196123,CHEMBL4199839,0,0.26,0.9766128,0.9999146553811128,0.26262626262626265,0.9829227,0.9984761382107716,0.26262626262626265,0.98305815,0.9999486114158923
RAJQFCAVNZZWHM,CHEMBL3639211,CHEMBL3706278,1,0.19642857142857142,0.8464201,0.9414859171938773,0.19642857142857142,0.85686857,0.9749713397399923,0.19642857142857142,0.8746015,0.9439669767922835
RARHWGGSGUAGHB,CHEMBL3638997,CHEMBL3705850,1,0.22340425531914893,0.6088765,0.9266156406516979,0.22340425531914893,0.6448116,0.9683636211298544,0.21739130434782608,0.89487016,0.9889545410730648
RARMJGSQBXSUBG,CHEMBL3638644,CHEMBL3705655,1,0.33695652173913043,0.9818365,0.9958645495938537,0.4177215189873418,0.9853778,0.9824414704139157,0.4177215189873418,0.9823152,0.9981591643358954
RAURMEAHEGZVNH,CHEMBL3638997,CHEMBL3705850,1,0.21951219512195122,0.6246419,0.6225287811115712,0.21951219512195122,0.62887144,0.6516091562311064,0.2111111111111111,0.5848028,0.9694790035200717
RAVFMVWMSOHRIC,CHEMBL3639133,CHEMBL3706375,1,0.2549019607843137,0.64848155,0.7652027285346891,0.2549019607843137,0.5554347,0.6004515400897359,0.2549019607843137,0.3577487,0.897936658233293
RBCVZOQQBMCWAL,CHEMBL3585315,CHEMBL3587365,1,0.22935779816513763,0.92464846,0.9847594674993732,0.22935779816513763,0.8972269,0.9894700560883489,0.22935779816513763,0.9620439,0.9946760030015899
RBFZKUBWJMBTHB,CHEMBL5046253,CHEMBL5047787,1,0.5797101449275363,0.9998609,0.9999697325608699,0.6865671641791045,0.99990165,0.9998854367920978,0.6865671641791045,0.9998927,0.9999650733228372
RBJIANHCYMYEBX,CHEMBL3638592,CHEMBL3706089,1,0.2608695652173913,0.7277887,0.41019584438117657,0.2608695652173913,0.8881432,0.6422432223774132,0.25510204081632654,0.86931664,0.9111071860100979
RBJJBFYUGRMEDK,CHEMBL3638644,CHEMBL3705655,1,0.3111111111111111,0.9884371,0.9989730782344188,0.3764705882352941,0.98769855,0.9927779369676475,0.3764705882352941,0.98990554,0.9964628441214242
RBLRRVZXUXIHNG,CHEMBL3585315,CHEMBL3587365,1,0.2222222222222222,0.90727204,0.9443016560358566,0.21818181818181817,0.8127193,0.8758998290312943,0.21818181818181817,0.95815426,0.9493719449893477
RBSJKRGQWCFSJB,CHEMBL3638592,CHEMBL3706089,1,0.22580645161290322,0.6563738,0.857442558842668,0.22580645161290322,0.6769503,0.9043003211703179,0.22580645161290322,0.56453997,0.9854297125562774
RBTWNXQTOCPFLO,CHEMBL5729432,CHEMBL5738687,1,0.32558139534883723,0.9076364,0.9957271075336945,0.32558139534883723,0.95795447,0.9985220051360425,0.32558139534883723,0.98974425,0.9997083852633044
RBXJMCIZNKMHJM,CHEMBL3639211,CHEMBL3706278,1,0.2,0.91358334,0.4230659430046362,0.2,0.875699,0.5997987030630376,0.18691588785046728,0.89326054,0.5172752585920122
RBZFGYQYGKOLLY,CHEMBL3639133,CHEMBL3706375,1,0.25,0.82799125,0.6484650330056515,0.25,0.8491068,0.7170366925509765,0.25,0.7777799,0.9188300217473849
RCBNWWLBZCYILT,CHEMBL5725838,CHEMBL5731581,0,0.2376237623762376,0.8113645,0.9990787262181484,0.2376237623762376,0.86341584,0.9993865024267504,0.2376237623762376,0.85422516,0.9996979724108848
RCFKHMOMPCIKFL,CHEMBL3638644,CHEMBL3705655,1,0.3404255319148936,0.9773415,0.9910507779055693,0.47560975609756095,0.98693836,0.981486481142054,0.47560975609756095,0.9897009,0.998453172974216
RCQWYHXWMACQHH,CHEMBL4251704,CHEMBL4255944,1,0.18823529411764706,0.6335876,0.9525335702884008,0.18823529411764706,0.6886688,0.9947732488343083,0.18823529411764706,0.5918292,0.9993367965374629
RCVKNQJSRONLFL,CHEMBL3638644,CHEMBL3705655,1,0.32323232323232326,0.78677946,0.953320960340621,0.3548387096774194,0.89059603,0.8530833333677497,0.3548387096774194,0.9518398,0.9587254282620459
RDIUCBRUWWJBNS,CHEMBL3638592,CHEMBL3706089,1,0.27184466019417475,0.90126956,0.7781899885900282,0.29347826086956524,0.96185726,0.7884255470690894,0.29347826086956524,0.9336689,0.9039629421778167
RDLUIQXQENJKDT,CHEMBL3638592,CHEMBL3706089,1,0.23711340206185566,0.88810545,0.9640672901254695,0.23333333333333334,0.9558031,0.9892368645207685,0.23333333333333334,0.9163456,0.9990644940851803
RDNDIPAHXNYUND,CHEMBL6087433,CHEMBL6088976,0,0.2872340425531915,0.96253014,0.9997771384450254,0.2872340425531915,0.98434836,0.9981745935067987,0.2872340425531915,0.98874134,0.9999664471207437
RDNDIPAHXNYUND,CHEMBL6087433,CHEMBL6088977,0,0.2872340425531915,0.96253014,0.9997771384450254,0.2872340425531915,0.98434836,0.9981745935067987,0.2872340425531915,0.98874134,0.9999664471207437
RDVUKNKMBMJRNG,CHEMBL3639163,CHEMBL3705287,0,0.38461538461538464,0.51470625,0.9761382641457269,0.38461538461538464,0.5697093,0.6755608611903947,0.38461538461538464,0.5637317,0.7351220436052731
RDXPNGZNMGCUFM,CHEMBL4819087,CHEMBL4821861,0,0.16923076923076924,0.14564772,0.008261318829938075,0.16923076923076924,0.06774186,0.005020887240249458,0.16923076923076924,0.041140575,0.007534325137525555
RELRWUUHZBTYKR,CHEMBL3639133,CHEMBL3706375,1,0.20689655172413793,0.7667913,0.6501452611512962,0.20689655172413793,0.7549251,0.8005755839939909,0.19387755102040816,0.73539263,0.944020522466584
REVVXZMXEHLSOS,CHEMBL5729432,CHEMBL5738687,0,0.3424657534246575,0.9357946,0.9405123698703011,0.3424657534246575,0.94757384,0.9719465778653601,0.3424657534246575,0.9885795,0.9997644087290442
RFVDTCYGIUACQX,CHEMBL4680347,CHEMBL4689247,1,0.3582089552238806,0.5389079,0.8249582183594018,0.3582089552238806,0.7048118,0.9654922673075481,0.3582089552238806,0.76588,0.9993283846528167
RGCKLULZGWBAOV,CHEMBL5725838,CHEMBL5731581,0,0.19387755102040816,0.8941592,0.9992474871088609,0.20930232558139536,0.89732504,0.9989269754329945,0.20930232558139536,0.9082699,0.9997185395414862
RGGGKLOHVQCLKI,CHEMBL3585264,CHEMBL3587521,1,0.17894736842105263,0.5461053,0.050558637738615804,0.17894736842105263,0.5664155,0.5883038223889835,0.17894736842105263,0.7020257,0.43207386929065894
RGHYDLZMTYDBDT,CHEMBL4373732,CHEMBL4376361,1,0.1797752808988764,0.4459205,0.07227518991873105,0.1797752808988764,0.67200536,0.45223307213392333,0.1797752808988764,0.72689295,0.029117097201862324
RGHYDLZMTYDBDT,CHEMBL5518190,CHEMBL5519914,1,0.1797752808988764,0.4459205,0.07227518991873105,0.1797752808988764,0.67200536,0.45223307213392333,0.1797752808988764,0.72689295,0.029117097201862324
RGJOJUGRHPQXGF,CHEMBL4052688,CHEMBL4056088,1,0.5517241379310345,0.99814916,0.9999838240159442,0.5517241379310345,0.99884254,0.9999631399405011,0.5517241379310345,0.99945194,0.9999876924801384
RGJOJUGRHPQXGF,CHEMBL4811304,CHEMBL4813534,1,0.5517241379310345,0.99814916,0.9999838240159442,0.5517241379310345,0.99884254,0.9999631399405011,0.5517241379310345,0.99945194,0.9999876924801384
RGNZNWVPZKJPFW,CHEMBL4219058,CHEMBL4220376,1,0.21739130434782608,0.23980096,0.5007487786453392,0.21739130434782608,0.25648528,0.7153087884905236,0.21739130434782608,0.09026214,0.9513602128912083
RGTQMQDOJYPXMU,CHEMBL6134929,CHEMBL6141369,1,0.3974358974358974,0.49671245,0.8390187398619856,0.3974358974358974,0.4012387,0.7453758844758042,0.3974358974358974,0.34199506,0.8120529971217803
RGWODBWXNYIQTI,CHEMBL4819017,CHEMBL4820258,1,0.19230769230769232,0.98222935,0.6012309098659069,0.19230769230769232,0.9514261,0.9682460704142338,0.19230769230769232,0.92280006,0.6337005614915141
RGWYTANPSGDNEY,CHEMBL3638592,CHEMBL3706089,1,0.25,0.83036196,0.8428605476758603,0.25,0.906815,0.8959203456234855,0.25,0.79900247,0.922634946684021
RHAZSSUCINKOFZ,CHEMBL3638592,CHEMBL3706089,1,0.2803738317757009,0.9879959,0.9916820086872764,0.2871287128712871,0.99500376,0.9940929643016642,0.29,0.9981019,0.997872725679734
RHISDUVSTHPIBX,CHEMBL1255226,CHEMBL1261684,1,0.24719101123595505,0.7661462,0.9926366120885918,0.2571428571428571,0.6344967,0.9959239152710148,0.2571428571428571,0.24198504,0.6155872760295319
RHJPSDIOZCLYGQ,CHEMBL3638592,CHEMBL3706089,1,0.26373626373626374,0.8934969,0.8769203628491453,0.26373626373626374,0.970502,0.7467587644956802,0.22826086956521738,0.9251782,0.6840394059049192
RHQRGXXGGZBWHD,CHEMBL3639211,CHEMBL3706278,1,0.18333333333333332,0.8503329,0.7148943842499506,0.18333333333333332,0.8537263,0.6388834523662568,0.17886178861788618,0.8122999,0.33174390567156886
RHWVCGQNIVBUFD,CHEMBL3638644,CHEMBL3705655,1,0.31958762886597936,0.7343387,0.991296331067328,0.32954545454545453,0.83969826,0.9859826475897213,0.32954545454545453,0.8552631,0.9976727168350107
RIAAGYPMCVIWMN,CHEMBL4266018,CHEMBL4269699,1,0.2708333333333333,0.9967789,0.999894764031992,0.2708333333333333,0.99827063,0.9999551678090248,0.2708333333333333,0.9986726,0.999970967642353
RIAAGYPMCVIWMN,CHEMBL4266018,CHEMBL4269700,0,0.2708333333333333,0.9967789,0.999894764031992,0.2708333333333333,0.99827063,0.9999551678090248,0.2708333333333333,0.9986726,0.999970967642353
RIAAGYPMCVIWMN,CHEMBL4266018,CHEMBL4269701,1,0.2708333333333333,0.9967789,0.999894764031992,0.2708333333333333,0.99827063,0.9999551678090248,0.2708333333333333,0.9986726,0.999970967642353
RICSDZOOAPWKKO,CHEMBL4359902,CHEMBL4363193,0,0.18095238095238095,0.5249316,0.8284449323577109,0.18269230769230768,0.5734884,0.970023667153863,0.18518518518518517,0.18891352,0.9949003169243293
RJMWFNLXDHWORV,CHEMBL3638592,CHEMBL3706089,1,0.23148148148148148,0.79346645,0.6976192250177836,0.23076923076923078,0.8526921,0.48486463642200833,0.23076923076923078,0.8757089,0.4553351343583713
RJNZVIRPYNYXGY,CHEMBL5726558,CHEMBL5732909,1,0.3870967741935484,0.9801088,0.9912385230558113,0.6103896103896104,0.9819665,0.9832121437749103,0.6103896103896104,0.98942345,0.998173434119009
RJQLIBITTSLUFF,CHEMBL3638592,CHEMBL3706089,1,0.24719101123595505,0.7850497,0.9671701767788476,0.24719101123595505,0.8503272,0.9261346652538043,0.24719101123595505,0.69463855,0.9751216929155776
RJVQHAQNRWHJSX,CHEMBL4808220,CHEMBL4810527,1,0.40229885057471265,0.72664905,0.5990314191668531,0.40229885057471265,0.7223226,0.034026610286527384,0.40229885057471265,0.59430885,0.008206378912612899
RKBNYLWQMITUFD,CHEMBL5500428,CHEMBL5505639,0,0.19,0.3191713,0.024470513227460005,0.19,0.40472335,0.9031313310648014,0.19,0.33501902,0.3249382854992762
RKRNEPOVPHARMC,CHEMBL3638997,CHEMBL3705850,1,0.225,0.5760261,0.49293960216128546,0.225,0.71651894,0.881268530298057,0.23076923076923078,0.694611,0.9794481657365636
RKVPRCWHOSXRNG,CHEMBL5543164,CHEMBL5548923,1,0.6981132075471698,0.99810034,0.9999791291158691,0.6981132075471698,0.9987527,0.9999852746678002,0.6981132075471698,0.99802953,0.9999554645614364
RLEMSARUDLQYCH,CHEMBL3639133,CHEMBL3706375,1,0.24545454545454545,0.90325135,0.8946983963842294,0.24545454545454545,0.8279729,0.9341273304077309,0.21978021978021978,0.80689126,0.9569964848499761
RLGBSHMKMRACDH,CHEMBL3638644,CHEMBL3705655,1,0.27472527472527475,0.6057984,0.7966758885496397,0.45569620253164556,0.8138064,0.46557022254174796,0.45569620253164556,0.809233,0.9522000405155242
RLOHBPIDJJIJAH,CHEMBL3638997,CHEMBL3705850,1,0.24489795918367346,0.47858596,0.28474140396882297,0.24489795918367346,0.6542208,0.8752044165191368,0.24489795918367346,0.73170704,0.9908579428089447
RLSSCNMFDZFZPV,CHEMBL3638592,CHEMBL3706089,1,0.2631578947368421,0.3356167,0.07571735324198152,0.23333333333333334,0.5983935,0.1659989469988476,0.23333333333333334,0.78298527,0.8892809791040569
RLTHZQAMSNQHIO,CHEMBL3638644,CHEMBL3705655,1,0.32673267326732675,0.98685455,0.9972060101804265,0.36666666666666664,0.9839483,0.9854422371971621,0.36666666666666664,0.98844427,0.9988870097410069
RLZVCLAEDYKXPN,CHEMBL5137017,CHEMBL5138978,0,0.3218390804597701,0.9774137,0.9824059455021418,0.3218390804597701,0.96607345,0.9911313192930972,0.3218390804597701,0.9715972,0.9923532302804775
RMDMQRLDXOVESD,CHEMBL3638592,CHEMBL3706089,1,0.24761904761904763,0.88804436,0.8294507046661825,0.24528301886792453,0.95246524,0.7696924099782948,0.24761904761904763,0.92015374,0.8842556186890117
RMIMZWQFVRCEID,CHEMBL3638592,CHEMBL3706089,1,0.2765957446808511,0.95969754,0.6512739188006165,0.3176470588235294,0.9589976,0.7468065222318285,0.32142857142857145,0.96518797,0.9860309860659818
RMLRSFUCICBWQO,CHEMBL5376013,CHEMBL5380301,0,0.4189189189189189,0.5949126,0.4599777567854851,0.4189189189189189,0.64554656,0.6206304313976166,0.4189189189189189,0.38752007,0.32975922335943547
RNBNWTNJAHJTMI,CHEMBL3638592,CHEMBL3706089,1,0.24210526315789474,0.79487294,0.4796934614413143,0.24210526315789474,0.89073557,0.8011118698759438,0.24210526315789474,0.66869,0.9385282338948998
RNVOYGHMSJMJHQ,CHEMBL3638644,CHEMBL3705655,1,0.31683168316831684,0.91551685,0.9572775126758828,0.3409090909090909,0.8974578,0.9556525468651611,0.3409090909090909,0.8868729,0.9922919559116189
ROAUQXKGSRMILT,CHEMBL3638541,CHEMBL3706289,0,0.22857142857142856,0.99457353,0.9998782904970583,0.22857142857142856,0.99712306,0.9977057848939245,0.22857142857142856,0.9876446,0.9994861159139149
ROJIUPHRPUXJBN,CHEMBL3638592,CHEMBL3706089,1,0.23157894736842105,0.9571074,0.9935944882593508,0.23157894736842105,0.97600335,0.9921558250231363,0.23157894736842105,0.9609281,0.9966987220158764
ROQKQUMSXPXEQY,CHEMBL3638592,CHEMBL3706089,1,0.2696629213483146,0.9702509,0.7107825447386038,0.2872340425531915,0.9825423,0.646371033876856,0.2903225806451613,0.98515195,0.9314547871868245
ROWJYTTWNBBXMH,CHEMBL3638592,CHEMBL3706089,1,0.23469387755102042,0.87979615,0.9641783011782519,0.25773195876288657,0.92936105,0.9905446889343463,0.23469387755102042,0.91237825,0.9935699560843062
ROWRIIZUTZDVNX,CHEMBL2321770,CHEMBL2330617,1,0.3114754098360656,0.15237243,0.9344479757862669,0.6326530612244898,0.035300877,0.03419788143880149,0.6326530612244898,0.052232772,0.04471617879340306
RPCDSEFBTAUOHG,CHEMBL3638644,CHEMBL3705655,1,0.34523809523809523,0.9583504,0.9980322602606029,0.44,0.9855839,0.9724937242832828,0.44,0.9670807,0.9958069572282051
RPEQXZNXLHPGNA,CHEMBL4138149,CHEMBL4141549,1,0.7413793103448276,0.99972385,0.9999815336500251,0.7413793103448276,0.9996244,0.9999254021650296,0.6666666666666666,0.9992699,0.9999830764132382
RPGVCJCDFFOBDB,CHEMBL3638997,CHEMBL3705850,1,0.225,0.89294773,0.21283161307100376,0.225,0.7877496,0.3544212964978892,0.2,0.87950426,0.933845886906567
RPMQPEMPUKTYEW,CHEMBL4725466,CHEMBL4731424,1,0.5862068965517241,0.6428397,0.9978798878485288,0.5862068965517241,0.6122496,0.9957309805280626,0.5862068965517241,0.74942714,0.9982244401112778
RPWPQMUNPROZQN,CHEMBL3638592,CHEMBL3706089,1,0.24390243902439024,0.6906332,0.841917505220893,0.24390243902439024,0.78793097,0.9750556790010735,0.24390243902439024,0.66355664,0.952082115721905
RPZBPDOCHOKZQL,CHEMBL3638997,CHEMBL3705850,1,0.2558139534883721,0.5258214,0.18969121926152394,0.2558139534883721,0.58245605,0.735810293068663,0.2558139534883721,0.6315549,0.9845493317607539
RQQODQBXZJNYJU,CHEMBL3639085,CHEMBL3705815,1,0.3225806451612903,0.945976,0.9835006722767905,0.3076923076923077,0.9700705,0.9720292016894886,0.3225806451612903,0.9680558,0.9961729381687414
RSMAHTSDYGXRPV,CHEMBL3351335,CHEMBL3387484,1,0.4936708860759494,0.99953365,0.9998189434274869,0.4936708860759494,0.9992619,0.9999896350398901,0.4931506849315068,0.9991171,0.9999726509716659
RSQAMAZGLIDGOS,CHEMBL5230155,CHEMBL5232569,1,0.19875776397515527,0.9997141,0.9999706646839306,0.19875776397515527,0.9998913,0.9999830632435673,0.19875776397515527,0.9987262,0.9999887024789607
RSSUDDFRONALHO,CHEMBL3638997,CHEMBL3705850,1,0.22784810126582278,0.9390974,0.43287670483340057,0.22784810126582278,0.9165058,0.7968244990228495,0.22093023255813954,0.8970508,0.9888846646013574
RSUAYBMPFHVHHU,CHEMBL3638644,CHEMBL3705655,1,0.32098765432098764,0.89363605,0.9977776290931413,0.39473684210526316,0.7969006,0.6366651469181118,0.39473684210526316,0.7412567,0.9050022350331057
RTDGYXSFJCXDAM,CHEMBL3638592,CHEMBL3706089,1,0.2604166666666667,0.9917297,0.9889057154845206,0.2653061224489796,0.9948768,0.9658429506512503,0.26804123711340205,0.9954364,0.9972672142629314
RTEFJTHGGUCFSM,CHEMBL3638997,CHEMBL3705850,1,0.25,0.82262,0.6516673093226567,0.25,0.857238,0.6849324078703108,0.22826086956521738,0.9225061,0.9766240017639926
RTEIBNURBZVZRV,CHEMBL3639163,CHEMBL3705287,1,0.2891566265060241,0.60016567,0.9965658136468778,0.2891566265060241,0.5528453,0.8185789237014853,0.2891566265060241,0.17905845,0.9879541608163839
RTHMRPSBSGJFRT,CHEMBL3638592,CHEMBL3706089,1,0.23958333333333334,0.7947557,0.7354906380832302,0.23595505617977527,0.8918003,0.8556868260625561,0.23595505617977527,0.7938181,0.9122571585455634
RTOREZYNLPQUKM,CHEMBL4706640,CHEMBL4712546,0,0.2926829268292683,0.9438116,0.9599732249050585,0.2926829268292683,0.939032,0.9002975493050063,0.2926829268292683,0.91787374,0.8504012495480381
RTRNJQOBEOISFQ,CHEMBL5727131,CHEMBL5734082,0,0.20202020202020202,0.9633619,0.398444673199724,0.205607476635514,0.9497671,0.9870959206563559,0.205607476635514,0.81021625,0.7078658980031158
RTUSHTKOKMQUIT,CHEMBL3638644,CHEMBL3705655,1,0.34,0.77958107,0.989284762711861,0.38202247191011235,0.95116115,0.9733266343287333,0.38202247191011235,0.9607004,0.9943493310549645
RTWCHJYGOFLPDB,CHEMBL3638592,CHEMBL3706089,1,0.34408602150537637,0.93105733,0.888100006640978,0.34408602150537637,0.707438,0.8152606417045527,0.2804878048780488,0.74630165,0.9367726891553121
RUJFGLKBIIUMIB,CHEMBL5046253,CHEMBL5047787,1,0.4852941176470588,0.9983454,0.9999910509828215,0.5,0.99912924,0.9989845779974077,0.5066666666666667,0.99686927,0.9997644307973239
RUJYCYDWFVQOJO,CHEMBL3638592,CHEMBL3706089,1,0.2261904761904762,0.94891435,0.9722430496170871,0.2261904761904762,0.9626979,0.9870372570126277,0.2261904761904762,0.9640065,0.9846278279566849
RUKPARYVYJUSPH,CHEMBL2417437,CHEMBL2421122,1,0.4666666666666667,0.993113,0.9999877055065647,0.5072463768115942,0.9985145,0.9999759836884083,0.4666666666666667,0.9991769,0.9999902721165973
RUKPARYVYJUSPH,CHEMBL2417437,CHEMBL2421123,1,0.4666666666666667,0.993113,0.9999877055065647,0.5072463768115942,0.9985145,0.9999759836884083,0.4666666666666667,0.9991769,0.9999902721165973
RUYSDHQWOWKKLI,CHEMBL4020823,CHEMBL4023016,1,0.2696629213483146,0.98547435,0.7766744876085703,0.2696629213483146,0.98033124,0.9990999886175107,0.2696629213483146,0.9619306,0.994899551151324
RVHGXIUOUJYWPJ,CHEMBL5620391,CHEMBL5622307,1,0.16470588235294117,0.27538583,0.9582798970049612,0.16470588235294117,0.14830402,0.9857406445483164,0.1744186046511628,0.025354845,0.9957556872487155
RVRKWOCAZWNINC,CHEMBL3286093,CHEMBL3291527,1,0.2345679012345679,0.810033,0.2257202938779284,0.2345679012345679,0.9110172,0.3529077687507195,0.2345679012345679,0.6390517,0.24809557931837076
RWVLCUCUWPHFTQ,CHEMBL1759974,CHEMBL1763481,0,0.24444444444444444,0.55559987,0.10981452166931477,0.24444444444444444,0.87018603,0.36474967877551256,0.24444444444444444,0.69691104,0.7949874818682097
RWVLCUCUWPHFTQ,CHEMBL1759974,CHEMBL1763561,1,0.24444444444444444,0.55559987,0.10981452166931477,0.24444444444444444,0.87018603,0.36474967877551256,0.24444444444444444,0.69691104,0.7949874818682097
RXPSVBLKTSEXFO,CHEMBL3638592,CHEMBL3706089,1,0.2608695652173913,0.9226946,0.3659185437314695,0.2608695652173913,0.9578359,0.5700163292275146,0.24731182795698925,0.922577,0.9281049654722394
RXPZDVPCYZMEAB,CHEMBL3638592,CHEMBL3706089,1,0.21052631578947367,0.927679,0.9820340583384597,0.21052631578947367,0.95650107,0.9829738814230369,0.21052631578947367,0.93269134,0.9957594997793068
RXWPXDATLCKAGC,CHEMBL3638592,CHEMBL3706089,1,0.22916666666666666,0.71774,0.36404506847233453,0.21428571428571427,0.85887754,0.6810717564917322,0.21428571428571427,0.7348865,0.8772750392289204
RYLZKJJWQWEHSZ,CHEMBL1759974,CHEMBL1763561,1,0.22535211267605634,0.5886712,0.3525581704766999,0.22535211267605634,0.67825973,0.5533430259360147,0.22535211267605634,0.8040398,0.909662930737588
RYMLCKLNKBGUNK,CHEMBL1759974,CHEMBL1763481,0,0.1643835616438356,0.5050367,0.5736898416287627,0.1643835616438356,0.7143613,0.4344861842963492,0.1643835616438356,0.5595586,0.5628038810476923
RYMLCKLNKBGUNK,CHEMBL1759974,CHEMBL1763561,1,0.1643835616438356,0.5050367,0.5736898416287627,0.1643835616438356,0.7143613,0.4344861842963492,0.1643835616438356,0.5595586,0.5628038810476923
RYPOAGJTYFUBSG,CHEMBL3638592,CHEMBL3706089,1,0.25,0.9288564,0.9614770212390058,0.25,0.96319234,0.973176963943224,0.2268041237113402,0.95930344,0.9699068725044583
RYQYIWQEMSPDMJ,CHEMBL5236659,CHEMBL5240747,0,0.49473684210526314,0.99977607,0.9999856396898359,0.49473684210526314,0.9997086,0.9999008905240685,0.49473684210526314,0.99972576,0.9999795182267194
RYRFFDYBEOCXGT,CHEMBL5370564,CHEMBL5372078,1,0.34951456310679613,0.610002,0.8708847408320078,0.34951456310679613,0.81418115,0.3404008593095487,0.34951456310679613,0.7150208,0.04470001189340879
RYWDNFSKOIEYJY,CHEMBL3638644,CHEMBL3705655,1,0.3157894736842105,0.9897383,0.9975027515267094,0.52,0.9901598,0.9889429715708495,0.52,0.98728836,0.9965602070509995
RZLUUSOGOXQUNK,CHEMBL3638644,CHEMBL3705655,1,0.30526315789473685,0.6955758,0.9745011772896506,0.32941176470588235,0.7849216,0.9325444050217409,0.32941176470588235,0.802728,0.9969623679601773
RZMAPGTVSWFYCK,CHEMBL4732196,CHEMBL4737601,1,0.2268041237113402,0.92152965,0.9924849962584182,0.2268041237113402,0.82221264,0.9273741145374639,0.2268041237113402,0.5921153,0.9975281951658574
RZQXEODCOXPKMO,CHEMBL3638592,CHEMBL3706089,1,0.25555555555555554,0.73558533,0.4030001927696164,0.25555555555555554,0.82054114,0.6963307976553705,0.25555555555555554,0.6515472,0.8930141855568032
SAIVSWMHOLLHBG,CHEMBL3638592,CHEMBL3706089,1,0.23809523809523808,0.7718139,0.6896172243146748,0.23809523809523808,0.8558473,0.8432900659848465,0.23809523809523808,0.64774734,0.6990388394494644
SALYYPNKGWCXSL,CHEMBL3638592,CHEMBL3706089,1,0.27380952380952384,0.93732584,0.7975499481825459,0.27380952380952384,0.9672309,0.725668891004636,0.27380952380952384,0.92830074,0.9026032678601084
SANGQKJQZGHZGF,CHEMBL3639133,CHEMBL3706375,1,0.2,0.54783547,0.05523767766731608,0.2,0.5839763,0.11134759919449785,0.2,0.5942788,0.27087047530152103
SATGBQLMZQOWTB,CHEMBL3638644,CHEMBL3705655,1,0.3375,0.9931873,0.9989992228505967,0.41333333333333333,0.9940744,0.982976588326364,0.41333333333333333,0.98909575,0.9973307710015704
SAXVCJYUFFLVRU,CHEMBL3639133,CHEMBL3706375,1,0.3563218390804598,0.98246646,0.9990792930440965,0.3563218390804598,0.95433235,0.9986910676794734,0.34210526315789475,0.9667109,0.9998247160835569
SBCRJCBELRZCDR,CHEMBL3638644,CHEMBL3705655,1,0.30392156862745096,0.8660863,0.98872869726937,0.5641025641025641,0.84098023,0.955527909055797,0.5641025641025641,0.79589903,0.9854817131995649
SBDFHGXZBYSPBN,CHEMBL3638541,CHEMBL3706289,1,0.19753086419753085,0.84197855,0.6324259618305023,0.19753086419753085,0.862321,0.833730782045539,0.19753086419753085,0.72850084,0.832166603130693
SBHMUNASWLFQER,CHEMBL3638997,CHEMBL3705850,1,0.21176470588235294,0.7588119,0.9948515983168605,0.21176470588235294,0.69648594,0.971805636251766,0.18823529411764706,0.6506716,0.9941554946289805
SBNOKNQLVTVDBO,CHEMBL3639133,CHEMBL3706375,1,0.21176470588235294,0.95662224,0.9909302627429407,0.21176470588235294,0.91215295,0.9660712347251951,0.20588235294117646,0.8730204,0.9995371912137974
SBXOIJSXOMPXNF,CHEMBL3638592,CHEMBL3706089,1,0.22093023255813954,0.9673274,0.9366674078641922,0.22093023255813954,0.98079145,0.9877477621173244,0.22093023255813954,0.97184813,0.9815759030933996
SBYNLAFIIPHWLJ,CHEMBL3639133,CHEMBL3706375,1,0.20202020202020202,0.45691994,0.6182465860770815,0.1891891891891892,0.5216665,0.8826155549755116,0.18518518518518517,0.4050436,0.9354111658985947
SCELLOWTHJGVIC,CHEMBL4477207,CHEMBL4478189,0,0.25842696629213485,0.77939904,0.9996267760762965,0.27906976744186046,0.8391955,0.9984946630779808,0.27906976744186046,0.86880136,0.9998004775813684
SCGCBAAYLFTIJU,CHEMBL2321758,CHEMBL2330630,0,0.34444444444444444,0.9803811,0.9996043418993117,0.34444444444444444,0.9904212,0.9986795781704753,0.34444444444444444,0.994713,0.9998961041458572
SCGCBAAYLFTIJU,CHEMBL2321758,CHEMBL2330634,1,0.34444444444444444,0.9803811,0.9996043418993117,0.34444444444444444,0.9904212,0.9986795781704753,0.34444444444444444,0.994713,0.9998961041458572
SCGCBAAYLFTIJU,CHEMBL4266018,CHEMBL4269701,1,0.34444444444444444,0.9803811,0.9996043418993117,0.34444444444444444,0.9904212,0.9986795781704753,0.34444444444444444,0.994713,0.9998961041458572
SCGCBAAYLFTIJU,CHEMBL5505970,CHEMBL5506835,1,0.34444444444444444,0.9803811,0.9996043418993117,0.34444444444444444,0.9904212,0.9986795781704753,0.34444444444444444,0.994713,0.9998961041458572
SCZLIDKBTXXXLS,CHEMBL3638592,CHEMBL3706089,1,0.24705882352941178,0.97448516,0.9982847773916572,0.24705882352941178,0.95776373,0.9922948426598709,0.24096385542168675,0.89280784,0.9878921550206684
SDIRWWBZOGFMDQ,CHEMBL4020823,CHEMBL4023016,1,0.20388349514563106,0.7204157,0.10971249576515389,0.20388349514563106,0.6749351,0.9872744368530407,0.2,0.4823012,0.8965953715819931
SDOUTXVRXSDMAY,CHEMBL3638997,CHEMBL3705850,1,0.2696629213483146,0.42868906,0.28423317591695213,0.2696629213483146,0.66826767,0.6852560911787999,0.2696629213483146,0.76909244,0.9497816374364649
SDWLFLIODXBULE,CHEMBL3638644,CHEMBL3705655,1,0.3069306930693069,0.73738796,0.963754351927005,0.4625,0.86498,0.8893284477396305,0.4625,0.7293848,0.9806202525986408
SEBHGEYNGDJWAR,CHEMBL5346869,CHEMBL5347382,1,0.2717391304347826,0.9954927,0.999635003032296,0.2717391304347826,0.99269754,0.9999034793004987,0.2717391304347826,0.99159604,0.9999210789382359
SEDDHGLWJQCXTK,CHEMBL3638592,CHEMBL3706089,1,0.2247191011235955,0.9158914,0.6556196190055357,0.2247191011235955,0.94159406,0.9144775716319317,0.21176470588235294,0.909725,0.8775252396471298
SEKGCYCIHZJURH,CHEMBL3639211,CHEMBL3706278,1,0.20535714285714285,0.5055707,0.796586259441968,0.20535714285714285,0.66493034,0.9892579764101787,0.20535714285714285,0.6623484,0.8480539639287857
SEOWIRWBFJPRCY,CHEMBL3638592,CHEMBL3706089,1,0.24731182795698925,0.85113925,0.7450529892363472,0.24731182795698925,0.90581876,0.9446121825373137,0.2222222222222222,0.91295266,0.979355775311692
SEWNHQBYVKTFEH,CHEMBL4052688,CHEMBL4056088,1,0.46808510638297873,0.96016026,0.9999619676004172,0.46808510638297873,0.98996663,0.9996441904166987,0.46808510638297873,0.98890775,0.9999669005303484
SEZCHLLNKIYQLL,CHEMBL5729432,CHEMBL5738687,1,0.3582089552238806,0.68462837,0.7707456211068113,0.3582089552238806,0.80615455,0.7075499344692991,0.3582089552238806,0.57008374,0.2995215928268623
SFMJNHNUOVADRW,CHEMBL5727131,CHEMBL5734082,1,0.21428571428571427,0.9442215,0.9993477749517734,0.20909090909090908,0.965256,0.9999863114947408,0.21428571428571427,0.81535697,0.9999833209043728
SFRVMXJAKYOXEA,CHEMBL3639211,CHEMBL3706278,1,0.19008264462809918,0.9469232,0.9590682262792931,0.18867924528301888,0.97600937,0.9746641379543034,0.19008264462809918,0.88196385,0.2072522120212423
SFSDEZDBRRMTRV,CHEMBL4270553,CHEMBL4272807,1,0.19047619047619047,0.012642705,0.03412431901754132,0.19047619047619047,0.0423993,0.19365061623483248,0.19047619047619047,0.08482317,0.04501775935608777
SFXJJFNLWQDWLH,CHEMBL4819087,CHEMBL4821861,0,0.25925925925925924,0.010224981,0.009505955984837042,0.25925925925925924,0.028483575,0.009023269125550912,0.25925925925925924,0.023941625,0.028504910532429453
SFZWUZCJYFFMKQ,CHEMBL3638592,CHEMBL3706089,1,0.2696629213483146,0.7576969,0.637714463862816,0.25252525252525254,0.8797256,0.3911564469834485,0.2696629213483146,0.92004156,0.8268504814330571
SGGGBQRMXLDSJW,CHEMBL3638644,CHEMBL3705655,1,0.3076923076923077,0.85269743,0.8982070234034708,0.5060240963855421,0.9354508,0.5884146154887079,0.5060240963855421,0.9271149,0.8900701412950306
SHBXWJLALBTRHB,CHEMBL4819087,CHEMBL4821861,1,0.203125,0.036512576,0.08066791759752652,0.203125,0.042798065,0.037584769427359825,0.203125,0.025530243,0.012245747429183131
SHDLLCDKRPCTFH,CHEMBL3638644,CHEMBL3705655,1,0.3,0.9663833,0.9952228115795532,0.4875,0.97920555,0.9848240093087465,0.4875,0.9666645,0.9915144910811393
SHGMGWMEOHFIAT,CHEMBL3576869,CHEMBL3579762,1,0.2,0.40698236,0.5568437858626129,0.2,0.48880765,0.9889091686857845,0.2,0.1966211,0.995230562449205
SHNVLHKGZPKRAR,CHEMBL3638592,CHEMBL3706089,1,0.21649484536082475,0.90345407,0.5675791588253116,0.2268041237113402,0.9474674,0.8967524621717439,0.21649484536082475,0.89836174,0.9356013369956744
SHUUPJRQHQCRHE,CHEMBL3638997,CHEMBL3705850,1,0.24719101123595505,0.38702124,0.45501320879830726,0.24752475247524752,0.676956,0.6536369565944085,0.24752475247524752,0.800786,0.9737254797470711
SHWBIBURMMWDKZ,CHEMBL4706478,CHEMBL4707201,1,0.4084507042253521,0.9172573,0.8287305761571016,0.4084507042253521,0.94739836,0.5209894883589526,0.4084507042253521,0.9500175,0.05593886417703533
SIEAEIIDKZSXPG,CHEMBL3638592,CHEMBL3706089,1,0.2765957446808511,0.9231562,0.9946879544779677,0.3106796116504854,0.950399,0.9920431366644961,0.3106796116504854,0.9675666,0.9967367894493558
SISUIFVVYIBVIA,CHEMBL4837246,CHEMBL4839366,0,0.2625,0.74544173,0.9985892846002674,0.2625,0.63070005,0.9964594311238654,0.23863636363636365,0.76473826,0.9981371847920629
SJCXYQGBFKEGFT,CHEMBL3639085,CHEMBL3705815,1,0.4583333333333333,0.8963826,0.987909787221874,0.4583333333333333,0.9306354,0.9772191858410476,0.4583333333333333,0.90773237,0.9638129977033418
SJFCAGJMSULNTG,CHEMBL3639211,CHEMBL3706278,1,0.20588235294117646,0.54049134,0.3047308354694517,0.2268041237113402,0.5706433,0.9116200864968926,0.20588235294117646,0.77171963,0.17624867994505336
SJFICUNHWBGPBT,CHEMBL3638592,CHEMBL3706089,1,0.24210526315789474,0.95084,0.7089863982477771,0.24210526315789474,0.9732656,0.8145369504034984,0.23,0.9612032,0.9432223999142063
SJGTXQFEIFRMAW,CHEMBL3638644,CHEMBL3705655,1,0.3333333333333333,0.96516263,0.9932634017235752,0.39285714285714285,0.97408766,0.9931598926725094,0.39285714285714285,0.9702663,0.9982938178414754
SJLZNYSRNDYMAI,CHEMBL5046253,CHEMBL5047787,1,0.4823529411764706,0.9987374,0.9999860627131488,0.4823529411764706,0.999172,0.9999919352076764,0.4823529411764706,0.997678,0.999989298639869
SJOBNHMHLYWXLM,CHEMBL3638592,CHEMBL3706089,1,0.26136363636363635,0.97904974,0.7879765264048513,0.26136363636363635,0.9835541,0.78757703530207,0.23404255319148937,0.9857749,0.9849713932402635
SJOFSBIUJPEXTG,CHEMBL4196159,CHEMBL4200474,0,0.25510204081632654,0.7982606,0.9396388036492701,0.25471698113207547,0.766927,0.6775541952249515,0.2692307692307692,0.7142897,0.1172749544758515
SKICFUVJROLKLW,CHEMBL3638644,CHEMBL3705655,1,0.2826086956521739,0.9457092,0.9976301570433486,0.313953488372093,0.93189454,0.983793873815355,0.313953488372093,0.83470446,0.9969290524001873
SKKQEXMZERSRCK,CHEMBL3639163,CHEMBL3705287,1,0.19753086419753085,0.14006895,0.7692368767963329,0.19753086419753085,0.12001521,0.5937150941081815,0.19753086419753085,0.016434312,0.9806872129650883
SKOWRIDKWFSZOA,CHEMBL3639133,CHEMBL3706375,1,0.20253164556962025,0.84098613,0.9961124207653345,0.20253164556962025,0.820224,0.9880291078712902,0.24,0.8097794,0.9989905630984105
SLARSYPNIOMVRE,CHEMBL3638592,CHEMBL3706089,1,0.25,0.83214396,0.8489579520468244,0.25,0.78039575,0.9831944723361526,0.25,0.62746817,0.9841609826171398
SLERZLPFMHGJOS,CHEMBL3639133,CHEMBL3706375,1,0.25471698113207547,0.8668246,0.9578935347294237,0.25471698113207547,0.8408083,0.774253291683187,0.25471698113207547,0.87428564,0.9700324362976483
SLFGSBCJSPHJCE,CHEMBL3638541,CHEMBL3706289,1,0.27184466019417475,0.99748886,0.9998817567870305,0.27184466019417475,0.9984377,0.999839471523516,0.27184466019417475,0.99591523,0.9998910279445717
SLKAFUZHONQYQY,CHEMBL5727131,CHEMBL5734082,1,0.2268041237113402,0.81788754,0.714298275240919,0.21978021978021978,0.8376335,0.9897114293864058,0.2268041237113402,0.49402583,0.5025684192559349
SLVDFWRJWQJSRW,CHEMBL5352491,CHEMBL5356231,1,0.25663716814159293,0.7603785,0.9359876181142798,0.25663716814159293,0.6038046,0.9280471777576248,0.25663716814159293,0.46113753,0.9601743660383831
SMGHDJWIUXHKDV,CHEMBL3639133,CHEMBL3706375,1,0.22549019607843138,0.99446636,0.9935689326466842,0.23157894736842105,0.98494834,0.9924641797487408,0.23404255319148937,0.99040705,0.9998618704152723
SMGXAKULWUBAKP,CHEMBL3638592,CHEMBL3706089,1,0.25274725274725274,0.98198557,0.9798714124963789,0.25274725274725274,0.9871788,0.9942751263241539,0.24175824175824176,0.99103105,0.9809174091844094
SMKWNHCBJWLZQT,CHEMBL5725838,CHEMBL5731581,0,0.2,0.95383567,0.9997992672080483,0.2,0.9565647,0.9982528001233583,0.2,0.965749,0.9997742181576478
SMORIFPZBBKLIZ,CHEMBL3639133,CHEMBL3706375,1,0.22340425531914893,0.7713399,0.9940419840688157,0.22340425531914893,0.63484615,0.9960174611350365,0.22340425531914893,0.6435388,0.9998507790569284
SMTGCTTVNRMZKO,CHEMBL5608196,CHEMBL5609678,1,0.6285714285714286,0.99518895,0.9995467031537342,0.6285714285714286,0.9923747,0.9983090978541592,0.6285714285714286,0.9906571,0.9995092976873501
SMWMHTDCXURNHT,CHEMBL3638592,CHEMBL3706089,1,0.22549019607843138,0.8665542,0.9804787384655758,0.24752475247524752,0.90177804,0.8799567686849923,0.22549019607843138,0.9294178,0.992128398901806
SNLHGGOPHNPRSL,CHEMBL3638592,CHEMBL3706089,1,0.21428571428571427,0.8669986,0.9018538318624634,0.21428571428571427,0.9227596,0.9814775766607464,0.21428571428571427,0.8440791,0.8417410621928282
SNQJXOAPRBCKQY,CHEMBL3638644,CHEMBL3705655,1,0.3592233009708738,0.8853926,0.9959776412716639,0.5176470588235295,0.9379662,0.9410665877174731,0.5176470588235295,0.9108138,0.9563418842297373
SNTLTTWHEKKERE,CHEMBL3639133,CHEMBL3706375,1,0.2696629213483146,0.742166,0.8431284412199925,0.2653061224489796,0.71423995,0.8631673052117332,0.2696629213483146,0.7247024,0.9709089914563639
SNVUTZRJNVDYGR,CHEMBL3638644,CHEMBL3705655,1,0.30097087378640774,0.9328888,0.9419093156239561,0.5569620253164557,0.8883879,0.7635330224939607,0.5569620253164557,0.8608432,0.9547126096435814
SOAONDOGFZWZCO,CHEMBL1773044,CHEMBL1777163,1,0.5316455696202531,0.99480563,0.9997904852791148,0.5757575757575758,0.99693966,0.9998448714704198,0.5316455696202531,0.9980235,0.9999252968096871
SOAONDOGFZWZCO,CHEMBL1773044,CHEMBL1777165,1,0.5316455696202531,0.99480563,0.9997904852791148,0.5757575757575758,0.99693966,0.9998448714704198,0.5316455696202531,0.9980235,0.9999252968096871
SOKZAWDIWZGGPU,CHEMBL3638592,CHEMBL3706089,1,0.23255813953488372,0.8922875,0.9659623191248077,0.23255813953488372,0.87891763,0.7695894702756034,0.23255813953488372,0.7631756,0.8817960586272159
SOLBNQOBCSLENJ,CHEMBL3638644,CHEMBL3705655,1,0.3229166666666667,0.9520212,0.9698183944166782,0.36666666666666664,0.980041,0.9481462991854721,0.36666666666666664,0.9600519,0.9831722602879479
SONCFFLAWMGBIG,CHEMBL3638644,CHEMBL3705655,1,0.2962962962962963,0.9740165,0.9879706922214792,0.6329113924050633,0.97283584,0.9713458117764173,0.6329113924050633,0.9793124,0.9943320255204601
SOPPQTGCORLOLI,CHEMBL4017506,CHEMBL4019299,0,0.3968253968253968,0.96474665,0.2739236385690604,0.3968253968253968,0.96583277,0.36021486224199173,0.3968253968253968,0.9712809,0.9545502034491005
SOPYBDYIFOYRLI,CHEMBL3638592,CHEMBL3706089,1,0.2289156626506024,0.8884348,0.7709693597577273,0.2289156626506024,0.9607138,0.9547073450952077,0.2289156626506024,0.95619404,0.9271819413783207
SORWEBKDPVFLGQ,CHEMBL3638541,CHEMBL3706289,0,0.23853211009174313,0.9396556,0.696920060106849,0.23853211009174313,0.9339932,0.8396664908677917,0.23853211009174313,0.8057385,0.7132775543240784
SOZAGVANEQOVMB,CHEMBL3639211,CHEMBL3706278,1,0.21818181818181817,0.8216547,0.7213343743645163,0.21818181818181817,0.863561,0.9101249162969755,0.1927710843373494,0.71964437,0.4580066112285825
SPXPFOZHHLWRME,CHEMBL5725838,CHEMBL5731581,0,0.21052631578947367,0.901653,0.9995991630351729,0.22093023255813954,0.9192637,0.9991040703983828,0.22093023255813954,0.9391746,0.9997513271656628
SPYYQFSRIJDCSR,CHEMBL5634096,CHEMBL5635333,1,0.2361111111111111,0.9778577,0.9948868081512443,0.2361111111111111,0.9737486,0.9910294270870607,0.24,0.9328639,0.9805160323180322
SQCKRZCGDROWOC,CHEMBL3638541,CHEMBL3706289,0,0.3793103448275862,0.98044544,0.9977172945212656,0.3793103448275862,0.97509104,0.9948179846891816,0.3793103448275862,0.93253404,0.9992913981288845
SQGRWYXRGQETRW,CHEMBL3638592,CHEMBL3706089,1,0.24731182795698925,0.89430845,0.9708099593829213,0.24731182795698925,0.94907916,0.9465769318463972,0.23655913978494625,0.95414054,0.9715391865935454
SQJXTCFLMHRWSO,CHEMBL3638592,CHEMBL3706089,1,0.25882352941176473,0.7446649,0.9725863293548674,0.25882352941176473,0.7505189,0.979493167522733,0.25882352941176473,0.72550774,0.9953079126296792
SQPPLZSHMYDLHX,CHEMBL3638644,CHEMBL3705655,1,0.4057971014492754,0.9796091,0.996035801951484,0.4057971014492754,0.98795366,0.9945007157993014,0.4057971014492754,0.98463756,0.9992738245781123
SQSJHKNBWPLYLO,CHEMBL3639133,CHEMBL3706375,1,0.27906976744186046,0.8171492,0.5390014740563219,0.27906976744186046,0.84542334,0.3239471580158692,0.27906976744186046,0.903575,0.6391885998824538
SQTOTPOPSLTYPN,CHEMBL4819017,CHEMBL4820258,1,0.17894736842105263,0.97697574,0.5839093624858421,0.17894736842105263,0.9286814,0.9283203006298103,0.17894736842105263,0.8448084,0.6191446684394474
SRLBZIGHRKUAEX,CHEMBL3638644,CHEMBL3705655,1,0.3137254901960784,0.80582595,0.7903550711046127,0.4827586206896552,0.95935565,0.3327616240304488,0.4827586206896552,0.86857486,0.622933366858053
SROBUDGBCAGULX,CHEMBL3638541,CHEMBL3706289,1,0.25333333333333335,0.2414272,0.9940708031726141,0.25333333333333335,0.39896843,0.9814769783416789,0.22077922077922077,0.2015416,0.9898813053216226
SROLOXUPSPJXSL,CHEMBL3392967,CHEMBL3395890,1,0.56,0.9986418,0.9999717844981691,0.56,0.998868,0.9999800675475816,0.56,0.9963169,0.9999845510411296
SRROUSWLRXFGQL,CHEMBL4725466,CHEMBL4731424,1,0.47540983606557374,0.9895516,0.9998947430789289,0.47540983606557374,0.9919716,0.9998952672615774,0.47540983606557374,0.99321836,0.9999564536453464
SRUJLJQMEMTLHD,CHEMBL3638997,CHEMBL3705850,1,0.1956521739130435,0.6286428,0.2799929857173817,0.18478260869565216,0.60634565,0.6035802515735202,0.1956521739130435,0.6936719,0.9755625027257723
SRWPMCWQONOESL,CHEMBL3639133,CHEMBL3706375,1,0.20535714285714285,0.41230989,0.8519686731744345,0.20535714285714285,0.4622945,0.9516197918467469,0.20535714285714285,0.27554828,0.9475142572566118
SSAOLUQEPNDEQO,CHEMBL3638592,CHEMBL3706089,1,0.2826086956521739,0.9840215,0.9988635279819128,0.2826086956521739,0.9909697,0.9968678017158177,0.26262626262626265,0.99586135,0.9980500530584265
SSFIQMKLOKZEBL,CHEMBL3638592,CHEMBL3706089,1,0.22105263157894736,0.9469586,0.7481229976824777,0.22105263157894736,0.96400857,0.8262374013819308,0.22105263157894736,0.88120973,0.5953756750741077
SSPFXPFUALWKTO,CHEMBL3638592,CHEMBL3706089,1,0.24468085106382978,0.8954539,0.9045613322894619,0.24468085106382978,0.9274076,0.8758308455734458,0.24468085106382978,0.90793604,0.9586347252170521
SSROYXRSWQPVAZ,CHEMBL4819087,CHEMBL4821861,0,0.2835820895522388,0.0044070114,0.9824190094552079,0.275,0.007876804,0.9914060002295465,0.275,0.020280344,0.9984767956409845
SSTJSROOZICEBQ,CHEMBL4229417,CHEMBL4233142,1,0.3137254901960784,0.8635519,0.9951907463990706,0.5769230769230769,0.9013676,0.9799860238676281,0.5769230769230769,0.9150436,0.9863295342696972
SSVPJPIEWYQHJS,CHEMBL3585315,CHEMBL3587365,1,0.25,0.9703095,0.7723611207815684,0.25,0.96969855,0.7864199196262247,0.25,0.9909712,0.995442413548822
SSXVZVZFWSVFPS,CHEMBL3638541,CHEMBL3706289,1,0.2962962962962963,0.99717677,0.9994451704954598,0.2962962962962963,0.99777055,0.9994563994584001,0.2962962962962963,0.99550253,0.9995825262107854
SSYRSGUUTKCTEB,CHEMBL1759974,CHEMBL1763481,0,0.14285714285714285,0.15643172,0.4356614647966183,0.14285714285714285,0.35377005,0.34795098595983204,0.13861386138613863,0.3166575,0.8225220846831196
SSYRSGUUTKCTEB,CHEMBL1759974,CHEMBL1763561,1,0.14285714285714285,0.15643172,0.4356614647966183,0.14285714285714285,0.35377005,0.34795098595983204,0.13861386138613863,0.3166575,0.8225220846831196
STDZGEQBCPCVMV,CHEMBL3638592,CHEMBL3706089,1,0.21100917431192662,0.970998,0.9798386190031289,0.19166666666666668,0.974359,0.8968024413349404,0.19166666666666668,0.8326299,0.8302725139983357
STGMRFRVEBSQDM,CHEMBL5729432,CHEMBL5738687,1,0.3582089552238806,0.7102139,0.3177343233418366,0.3582089552238806,0.80842113,0.6046082207781138,0.3582089552238806,0.7799521,0.4283727905940786
STHYRCGMVLHEAF,CHEMBL3639211,CHEMBL3706278,1,0.2336448598130841,0.48558107,0.6540930311789314,0.2336448598130841,0.62876564,0.5848817124946121,0.20652173913043478,0.5054539,0.2199198634075719
STNZYTKNOWJAPG,CHEMBL5726558,CHEMBL5732909,1,0.3972602739726027,0.9656645,0.9057047964565078,0.37349397590361444,0.97906303,0.8900866578345326,0.37349397590361444,0.985105,0.9942582512147504
STUWGJZDJHPWGZ,CHEMBL4706640,CHEMBL4712546,0,0.24731182795698925,0.5334972,0.037885842043212166,0.20212765957446807,0.6450525,0.48856651713278504,0.24731182795698925,0.6490932,0.22207034721790184
STVCPBFHBWLKFO,CHEMBL3638592,CHEMBL3706089,1,0.24719101123595505,0.9592401,0.9989804355126886,0.24719101123595505,0.9744682,0.9962898567709938,0.24719101123595505,0.9721921,0.9974148502997142
STVXIKXUUQIYOZ,CHEMBL4819087,CHEMBL4821861,0,0.16666666666666666,0.02136832,0.00884049241688857,0.16666666666666666,0.013884994,0.00318753067838905,0.16666666666666666,0.010299037,0.008386677624620783
STZYJVQIUDUSGL,CHEMBL3638997,CHEMBL3705850,1,0.2087912087912088,0.41108364,0.5584357130394235,0.2087912087912088,0.38173148,0.5457574464633105,0.2087912087912088,0.51295143,0.9899131692584079
SUCMIVQFKWZAME,CHEMBL3638997,CHEMBL3705850,1,0.26666666666666666,0.3252253,0.4796391490407004,0.26666666666666666,0.5131002,0.7616605574794456,0.26666666666666666,0.4651905,0.9694230125648831
SUFRFSVXWPITEO,CHEMBL5370564,CHEMBL5372078,1,0.3564356435643564,0.7004197,0.8708847408320078,0.3564356435643564,0.83281046,0.09024743736660137,0.3564356435643564,0.6705883,0.019461183564181445
SUUMVCJDZHQGAX,CHEMBL5725460,CHEMBL5730847,1,0.22522522522522523,0.99428815,0.4576337980068974,0.22522522522522523,0.99318236,0.9990030998760348,0.22522522522522523,0.98836654,0.7747848433443874
SUUMWGNYUOCOLH,CHEMBL3638592,CHEMBL3706089,1,0.26262626262626265,0.9493305,0.9930998056811967,0.2978723404255319,0.9759079,0.9956057090529215,0.3010752688172043,0.99014825,0.9992138872475363
SUWHNCXBFNMPCI,CHEMBL3638541,CHEMBL3706289,1,0.3655913978494624,0.99157274,0.99992609856664,0.3655913978494624,0.9911177,0.9986184483657616,0.3655913978494624,0.9810161,0.9997762005923841
SVNJBEMPMKWDCO,CHEMBL3217752,CHEMBL3223610,0,0.16176470588235295,0.9781121,0.7152766219329811,0.2871287128712871,0.9071268,0.09881890760667167,0.2871287128712871,0.846281,0.029146579327116433
SVPFUBWDKBLRGT,CHEMBL3638592,CHEMBL3706089,1,0.24761904761904763,0.83850324,0.47113341445579987,0.25263157894736843,0.9407698,0.7380161491992863,0.25263157894736843,0.9028517,0.8523283180561875
SVRXRTNWAJNBEF,CHEMBL5108059,CHEMBL5112157,1,0.21212121212121213,0.37929383,0.29302933298843314,0.21212121212121213,0.3176056,0.844668496270186,0.21212121212121213,0.06149394,0.12583161420676994
SVVPLSULEPLHDS,CHEMBL3639211,CHEMBL3706278,1,0.20754716981132076,0.8809952,0.9914844405918763,0.20754716981132076,0.9137638,0.992776149411278,0.19801980198019803,0.90251976,0.9883166618091582
SVVPWFQAOJGFRQ,CHEMBL4819017,CHEMBL4820258,1,0.24074074074074073,0.99595696,0.6556520352212766,0.24074074074074073,0.9859616,0.9755512535532943,0.24074074074074073,0.96797156,0.42613036930281817
SVYIKFBOHAXKMT,CHEMBL3638592,CHEMBL3706089,1,0.23157894736842105,0.80925345,0.6726366184255992,0.23157894736842105,0.84607714,0.8782604099269402,0.23157894736842105,0.680468,0.9330666935037436
SWAPBOYUQQXFMD,CHEMBL3638644,CHEMBL3705655,1,0.29906542056074764,0.8107826,0.9876018013834528,0.49411764705882355,0.92415667,0.7655225245729674,0.49411764705882355,0.85715127,0.900097277211618
SWBGEXGGRMLYIM,CHEMBL3638592,CHEMBL3706089,1,0.25,0.9686881,0.9138050654463343,0.25,0.98369944,0.9630913923716277,0.25,0.9555118,0.8583319954230693
SWCCNBKDIDJPGU,CHEMBL4270553,CHEMBL4272807,1,0.19642857142857142,0.5326056,0.06562967714668419,0.19642857142857142,0.7564989,0.48023345017079105,0.19642857142857142,0.68354255,0.04388278380827987
SWJQCCKUNZCLBV,CHEMBL3638644,CHEMBL3705655,1,0.3113207547169811,0.91301656,0.9806607194991155,0.6,0.96796745,0.760561272644479,0.6,0.96025926,0.9727185033821782
SWOZYUKTWISQFF,CHEMBL5236659,CHEMBL5240747,1,0.4936708860759494,0.99991906,0.999982315454297,0.4936708860759494,0.99982435,0.9999255529186478,0.47,0.999741,0.9999798039273943
SWPWEUQKSNRYSG,CHEMBL3638592,CHEMBL3706089,1,0.24719101123595505,0.56492555,0.8853879606514615,0.24390243902439024,0.71996903,0.9277643020247325,0.24390243902439024,0.6453253,0.9895193518443665
SWWMWESALNZXAY,CHEMBL4680347,CHEMBL4689247,1,0.34782608695652173,0.36917055,0.790909092216002,0.34782608695652173,0.57233626,0.9592808569389436,0.34782608695652173,0.5674018,0.9989056162317846
SXCSSRFIAVDRJT,CHEMBL3576869,CHEMBL3579762,1,0.20930232558139536,0.49506494,0.8985601387648801,0.20930232558139536,0.38351187,0.9873219839795353,0.20930232558139536,0.122592,0.9952545916392472
SXFABJDLHRGUPO,CHEMBL3638644,CHEMBL3705655,1,0.32967032967032966,0.85397464,0.9947139659226198,0.43209876543209874,0.9571622,0.7849637739213221,0.43209876543209874,0.8542816,0.9911685987826208
SXJARBYIPSITDG,CHEMBL3639133,CHEMBL3706375,1,0.24770642201834864,0.86129177,0.9793747172591964,0.24770642201834864,0.745677,0.9958481083273226,0.2376237623762376,0.7892214,0.999506966635676
SXJWIRIRCLXOIF,CHEMBL3585264,CHEMBL3587521,1,0.25,0.9090957,0.9605892631517308,0.25,0.83125794,0.9409871556958169,0.25,0.9626459,0.9812390226876082
SXNZKAIKYLHDJB,CHEMBL3639133,CHEMBL3706375,1,0.2,0.8800227,0.9902368956850282,0.2,0.8540507,0.975745162805224,0.21176470588235294,0.87159836,0.9993391158652869
SXRBVTUHONNOHI,CHEMBL3638644,CHEMBL3705655,1,0.2818181818181818,0.764209,0.9680277138523593,0.5662650602409639,0.8898738,0.5131916444501401,0.5662650602409639,0.82905704,0.9092798729105109
SXXRMKLCTXMFPH,CHEMBL5727131,CHEMBL5734082,1,0.24175824175824176,0.2524556,0.10077454048588098,0.21428571428571427,0.3936586,0.9512322514410162,0.24175824175824176,0.14548947,0.3582216153538653
SYCCYOCMJRXTBR,CHEMBL3638644,CHEMBL3705655,1,0.3176470588235294,0.856244,0.8816571139436092,0.6621621621621622,0.8741045,0.7916727201962703,0.6621621621621622,0.8922062,0.9756986813763183
SYJXBRFMEIIRQT,CHEMBL5726558,CHEMBL5732909,1,0.3333333333333333,0.94370705,0.9617767347761091,0.4578313253012048,0.9715431,0.9605223623057785,0.4578313253012048,0.97888273,0.9945802010238334
SYJXCNLVLLXGQI,CHEMBL3639133,CHEMBL3706375,1,0.21052631578947367,0.8784677,0.8666989416426573,0.21052631578947367,0.8142248,0.9695857029765284,0.21052631578947367,0.87569326,0.9747071522297001
SYVPPINMBQWIQX,CHEMBL5728119,CHEMBL5736109,1,0.358695652173913,0.7377793,0.038155019180242444,0.3707865168539326,0.8535315,0.18545269875100465,0.358695652173913,0.842529,0.0179105502537651
SYYKNMAYZDJNLK,CHEMBL5528042,CHEMBL5529686,1,0.22448979591836735,0.9240323,0.9753843680222151,0.22448979591836735,0.8662409,0.997345621831446,0.22448979591836735,0.8758729,0.9688209390708847
SZCCHWYNNJNSAS,CHEMBL3638644,CHEMBL3705655,1,0.29357798165137616,0.96840817,0.9844614662385415,0.625,0.9656871,0.9366155124532523,0.625,0.97718155,0.9939354362932662
SZCTZNUTYQSQRU,CHEMBL3638997,CHEMBL3705850,1,0.21951219512195122,0.39029267,0.3807039890855751,0.21951219512195122,0.549909,0.6172913527391996,0.225,0.50834906,0.9632722177334733
SZJGAKGGKFUSHE,CHEMBL3638997,CHEMBL3705850,1,0.1978021978021978,0.32066604,0.5018382991944795,0.19148936170212766,0.40489864,0.6729266556708592,0.21100917431192662,0.4836759,0.9667459909605007
SZJQPMPJULBZRG,CHEMBL5500428,CHEMBL5505639,0,0.1951219512195122,0.5137573,0.821409176160874,0.20238095238095238,0.539361,0.993636568565276,0.20238095238095238,0.63936734,0.9959077684690434
SZLZULNMXXMZDF,CHEMBL3638541,CHEMBL3706289,1,0.1796875,0.9925984,0.9997660265959792,0.17117117117117117,0.9959388,0.9930810947481311,0.1796875,0.977216,0.9990045650310526
SZNUOZMNCMRVHX,CHEMBL3639211,CHEMBL3706278,1,0.2033898305084746,0.6963825,0.48097934121707886,0.21428571428571427,0.7408472,0.8879468361287286,0.2,0.8947696,0.2196656057050603
SZTUBVKCQZZXLR,CHEMBL3638997,CHEMBL3705850,1,0.25301204819277107,0.57766724,0.2797338590383134,0.25301204819277107,0.6534062,0.342553351478432,0.21,0.74368566,0.6780210239135499
SZZVBXCMBWROMR,CHEMBL3638592,CHEMBL3706089,1,0.22033898305084745,0.92364705,0.9919560428729337,0.22033898305084745,0.9620815,0.9927268574525414,0.22,0.90743726,0.99948636069006
TTWPWLVGKKHYTI,CHEMBL3638592,CHEMBL3706089,1,0.25510204081632654,0.59523547,0.1386678716110795,0.2391304347826087,0.77958447,0.23546134434959373,0.2391304347826087,0.7014883,0.6669728479796647
TTWYGQNNRZQORN,CHEMBL3638592,CHEMBL3706089,1,0.25,0.9736231,0.915526160766858,0.25510204081632654,0.98545295,0.9665779068355502,0.25773195876288657,0.9936959,0.9918585628944824
TTZMNVQRCPVIDA,CHEMBL3638644,CHEMBL3705655,0,0.35714285714285715,0.96463925,0.995942805336845,0.43529411764705883,0.98098195,0.9891163550974945,0.43529411764705883,0.98905843,0.9971957432275766
TUDAPCLGABKYQN,CHEMBL3638644,CHEMBL3705655,1,0.32653061224489793,0.98659027,0.9966868306642107,0.4875,0.9902776,0.9942959744865326,0.4875,0.9936407,0.998572197936508
TUVCWJQQGGETHL,CHEMBL3352220,CHEMBL3371734,1,0.5573770491803278,0.9758779,0.9491111184260986,0.5573770491803278,0.8051716,0.8468245826493762,0.5409836065573771,0.6147223,0.6994687610411626
TUVCWJQQGGETHL,CHEMBL3734757,CHEMBL3738862,1,0.5573770491803278,0.9758779,0.9491111184260986,0.5573770491803278,0.8051716,0.8468245826493762,0.5409836065573771,0.6147223,0.6994687610411626
TUVCWJQQGGETHL,CHEMBL3763019,CHEMBL3766570,1,0.5573770491803278,0.9758779,0.9491111184260986,0.5573770491803278,0.8051716,0.8468245826493762,0.5409836065573771,0.6147223,0.6994687610411626
TUVCWJQQGGETHL,CHEMBL3779897,CHEMBL3784491,1,0.5573770491803278,0.9758779,0.9491111184260986,0.5573770491803278,0.8051716,0.8468245826493762,0.5409836065573771,0.6147223,0.6994687610411626
TUVCWJQQGGETHL,CHEMBL3865829,CHEMBL3867034,1,0.5573770491803278,0.9758779,0.9491111184260986,0.5573770491803278,0.8051716,0.8468245826493762,0.5409836065573771,0.6147223,0.6994687610411626
TUVCWJQQGGETHL,CHEMBL4007445,CHEMBL4009793,1,0.5573770491803278,0.9758779,0.9491111184260986,0.5573770491803278,0.8051716,0.8468245826493762,0.5409836065573771,0.6147223,0.6994687610411626
TUVCWJQQGGETHL,CHEMBL4020805,CHEMBL4022584,1,0.5573770491803278,0.9758779,0.9491111184260986,0.5573770491803278,0.8051716,0.8468245826493762,0.5409836065573771,0.6147223,0.6994687610411626
TUVCWJQQGGETHL,CHEMBL4049399,CHEMBL4050194,1,0.5573770491803278,0.9758779,0.9491111184260986,0.5573770491803278,0.8051716,0.8468245826493762,0.5409836065573771,0.6147223,0.6994687610411626
TUVCWJQQGGETHL,CHEMBL4706478,CHEMBL4707201,1,0.5573770491803278,0.9758779,0.9491111184260986,0.5573770491803278,0.8051716,0.8468245826493762,0.5409836065573771,0.6147223,0.6994687610411626
TUVCWJQQGGETHL,CHEMBL4765397,CHEMBL4772815,0,0.5573770491803278,0.9758779,0.9491111184260986,0.5573770491803278,0.80517155,0.8468245826493762,0.5409836065573771,0.6147223,0.6994687610411626
TUVCWJQQGGETHL,CHEMBL4813992,CHEMBL4817031,1,0.5573770491803278,0.9758779,0.9491111184260986,0.5573770491803278,0.80517155,0.8468245826493762,0.5409836065573771,0.6147223,0.6994687610411626
TUVCWJQQGGETHL,CHEMBL5108059,CHEMBL5112157,1,0.5573770491803278,0.9758779,0.9491111184260986,0.5573770491803278,0.8051716,0.8468245826493762,0.5409836065573771,0.6147223,0.6994687610411626
TUVCWJQQGGETHL,CHEMBL6134929,CHEMBL6141369,1,0.5573770491803278,0.9758779,0.9491111184260986,0.5573770491803278,0.8051716,0.8468245826493762,0.5409836065573771,0.6147223,0.6994687610411626
TUVDBYMABYAKCP,CHEMBL4428080,CHEMBL4430046,1,0.3064516129032258,0.23641923,0.22700941543990633,0.3064516129032258,0.21354744,0.9363106431165256,0.3064516129032258,0.08944649,0.46066455672103246
TUZMNLWMEOSPRY,CHEMBL3638644,CHEMBL3705655,1,0.38235294117647056,0.9597347,0.9661506567827094,0.41025641025641024,0.97967154,0.9075121038400757,0.41025641025641024,0.9749605,0.9316922413143345
TVAQIONRRRLOQR,CHEMBL4725466,CHEMBL4731424,1,0.6101694915254238,0.9826889,0.9996874070502741,0.6101694915254238,0.9843083,0.9995401342194205,0.6101694915254238,0.9850551,0.9998423108836225
TVEGYVRQKGUUCX,CHEMBL3638592,CHEMBL3706089,1,0.3246753246753247,0.9247379,0.9949522020964756,0.3246753246753247,0.9508612,0.9861398907265486,0.2872340425531915,0.94818705,0.9922122359907692
TVISMJDQTRLBBY,CHEMBL4359925,CHEMBL4363902,1,0.41935483870967744,0.9818687,0.9999081713258442,0.41935483870967744,0.9898218,0.9999496545612663,0.3917525773195876,0.9914329,0.9999817866938207
TVJKETGEPHVIPX,CHEMBL2057167,CHEMBL2060320,1,0.3968253968253968,0.9461918,0.9821246920428145,0.3968253968253968,0.94297487,0.9781005657648801,0.3968253968253968,0.9317195,0.9719854916505899
TWDPUOBVKZYWCL,CHEMBL3638644,CHEMBL3705655,1,0.30526315789473685,0.9838886,0.9959487632959176,0.5066666666666667,0.9881516,0.9876950384753067,0.5066666666666667,0.98873866,0.9975492006493998
TWUNNNNKSBPRQW,CHEMBL5726558,CHEMBL5732909,1,0.3375,0.9740021,0.9995342906452307,0.5714285714285714,0.96067905,0.9997819700346827,0.5714285714285714,0.96217066,0.999340347944745
TWXPKRFOVKTWJA,CHEMBL3638592,CHEMBL3706089,1,0.20618556701030927,0.9629866,0.9690970924053093,0.20618556701030927,0.9760237,0.9824644465354816,0.20618556701030927,0.93584275,0.9853831951708766
TWXUEKQNZGLXCY,CHEMBL3638592,CHEMBL3706089,1,0.2777777777777778,0.93325925,0.7624046186084706,0.2777777777777778,0.96035755,0.8344080682337106,0.2391304347826087,0.96156496,0.9622372126174762
TXBAPZNMNYRGOS,CHEMBL4052688,CHEMBL4056088,1,0.4673913043478261,0.9829427,0.9999578918014896,0.4673913043478261,0.9927401,0.998898375496381,0.4673913043478261,0.99463564,0.9999586417614835
TXRZPBSCBRTGMT,CHEMBL3638997,CHEMBL3705850,1,0.21686746987951808,0.9216334,0.9272387307337492,0.21686746987951808,0.8075927,0.9855343551294327,0.1927710843373494,0.8815289,0.9937289041703945
TXYMOTSBKCCEGY,CHEMBL3638592,CHEMBL3706089,1,0.23404255319148937,0.5587877,0.4844046305497588,0.22988505747126436,0.53512317,0.8010870687774747,0.22988505747126436,0.4468247,0.9034787875425333
TXZNDZJPVNAIIV,CHEMBL3638644,CHEMBL3705655,1,0.3516483516483517,0.93349224,0.9965185093803295,0.38372093023255816,0.9794073,0.9883236719662949,0.38372093023255816,0.97413504,0.997612159417466
TXZRCBSHAADXIM,CHEMBL5608196,CHEMBL5609678,1,0.4647887323943662,0.9671022,0.9512947451125225,0.4647887323943662,0.9522175,0.9568650264170415,0.4647887323943662,0.92445326,0.9759448366626677
TYMHACJCOKMSEJ,CHEMBL3638592,CHEMBL3706089,1,0.2708333333333333,0.94599926,0.6748848999733825,0.2708333333333333,0.9750896,0.9609225135296957,0.24489795918367346,0.9802081,0.9936392411225737
TYPBASYBSGLAOL,CHEMBL2321758,CHEMBL2330630,0,0.39759036144578314,0.9624028,0.997444800481875,0.39759036144578314,0.9851383,0.9966529619413854,0.39759036144578314,0.99225956,0.9997615551172309
TYPBASYBSGLAOL,CHEMBL2321758,CHEMBL2330634,1,0.39759036144578314,0.9624028,0.997444800481875,0.39759036144578314,0.9851383,0.9966529619413854,0.39759036144578314,0.99225956,0.9997615551172309
TZBMAKDZVWQFQV,CHEMBL3638644,CHEMBL3705655,1,0.3047619047619048,0.94922584,0.985284610021138,0.5949367088607594,0.9582299,0.9695631458680651,0.5949367088607594,0.9631235,0.9937563569977014
TZFPAPDORLMPQE,CHEMBL3638592,CHEMBL3706089,1,0.2413793103448276,0.8061072,0.8938015578517605,0.2413793103448276,0.8670822,0.9373714049705593,0.2413793103448276,0.89221025,0.9672209451137082
TZGJGUKDJWCSKE,CHEMBL4052688,CHEMBL4056088,1,0.4574468085106383,0.97768193,0.9999563775149749,0.4574468085106383,0.9945827,0.9982200753643853,0.4574468085106383,0.9944218,0.9999502719180344
TZUSCCSGAPZPIC,CHEMBL3639133,CHEMBL3706375,1,0.1875,0.59441465,0.9501298533236848,0.1875,0.49751332,0.9455166447299127,0.1875,0.5204316,0.9971901879301398
TZVPRRBPKHXJLY,CHEMBL3638592,CHEMBL3706089,1,0.25892857142857145,0.9682437,0.986702244782855,0.25892857142857145,0.97972864,0.8055568063720349,0.25892857142857145,0.9674511,0.9562069101637339
UAILEFOJJKPZDK,CHEMBL3638997,CHEMBL3705850,1,0.21951219512195122,0.63272953,0.15742237056044536,0.21951219512195122,0.77697414,0.34869043689134627,0.2222222222222222,0.74305075,0.9383182827908412
UALCKASIDSFYRT,CHEMBL3639133,CHEMBL3706375,1,0.25925925925925924,0.92864704,0.9683120328319399,0.2828282828282828,0.9368174,0.762691100650682,0.2857142857142857,0.9537999,0.9668832234936434
UAPNCQHYURZFQD,CHEMBL3638644,CHEMBL3705655,1,0.3448275862068966,0.96898186,0.9959886020129872,0.36585365853658536,0.9755906,0.9769191954175809,0.36585365853658536,0.97535354,0.997649756774128
UBDPYTQTRSKDCC,CHEMBL3638592,CHEMBL3706089,1,0.21367521367521367,0.8763188,0.9912421094392146,0.21367521367521367,0.9332123,0.9940380666463816,0.2087912087912088,0.8509063,0.9995046770250307
UBGHRKJLOVCWTO,CHEMBL3638592,CHEMBL3706089,1,0.25555555555555554,0.9399171,0.9418717787563846,0.25555555555555554,0.96079004,0.9401069878349824,0.22826086956521738,0.93830794,0.9646902080299876
UBNALVFYIVTRNC,CHEMBL4020805,CHEMBL4022584,1,0.5,0.99910295,0.9999778882906344,0.5,0.9975472,0.9999894113855806,0.5,0.9966851,0.9999808433112576
UBVRXRRHIZDQEY,CHEMBL4808220,CHEMBL4810527,1,0.42105263157894735,0.2041681,0.015812679599012083,0.42105263157894735,0.3395254,0.9044497815196954,0.42105263157894735,0.29664642,0.1651702468105703
UBVXZYKFTURDOX,CHEMBL3638644,CHEMBL3705655,1,0.3229166666666667,0.9494462,0.943784170194346,0.6266666666666667,0.9631603,0.908008619154465,0.6266666666666667,0.9599552,0.9827227294396186
UCMVQGINVPKUQE,CHEMBL3638997,CHEMBL3705850,1,0.2926829268292683,0.7123648,0.8638301319879117,0.2926829268292683,0.8422491,0.9814766767709302,0.2926829268292683,0.84938985,0.9997174721993506
UCYYVSPDZXZQCO,CHEMBL3638592,CHEMBL3706089,1,0.2604166666666667,0.9504018,0.9962851189282005,0.29523809523809524,0.9605711,0.9871523225591785,0.29523809523809524,0.9569951,0.99602968846827
UCZZPKDXRPXEAF,CHEMBL4680347,CHEMBL4689247,1,0.34782608695652173,0.9267783,0.9887507922587985,0.34782608695652173,0.92813414,0.9918612658466642,0.34782608695652173,0.9313494,0.9989426974832748
UDAJVNMMRGPXOI,CHEMBL3638592,CHEMBL3706089,1,0.24778761061946902,0.96819556,0.986702244782855,0.24778761061946902,0.9800593,0.8055568063720349,0.24778761061946902,0.96697336,0.9562069101637339
UDHWKORROVDUFO,CHEMBL3638644,CHEMBL3705655,1,0.2912621359223301,0.92639697,0.9914031838275477,0.3118279569892473,0.96159303,0.9817074086143567,0.3118279569892473,0.9518048,0.9721561560079068
UDHZLLJTMHKVMT,CHEMBL3638644,CHEMBL3705655,1,0.32142857142857145,0.9821723,0.9997745987357116,0.375,0.9885578,0.9995189745462612,0.375,0.98814607,0.9999383953551203
UDIUKSLSDVCBFN,CHEMBL3639133,CHEMBL3706375,1,0.2727272727272727,0.9888137,0.999812505581288,0.2727272727272727,0.9762056,0.9983732273183876,0.2727272727272727,0.9803916,0.9997782821623934
UDNXLTSRSSUKIN,CHEMBL3638592,CHEMBL3706089,1,0.2376237623762376,0.9332699,0.7934270102427318,0.23711340206185566,0.96581006,0.9810970136190452,0.2376237623762376,0.9778031,0.989582246852078
UDXIJWQMXFILSY,CHEMBL3638592,CHEMBL3706089,1,0.2289156626506024,0.95581883,0.8631699367636522,0.2289156626506024,0.97269094,0.9915781126914401,0.2289156626506024,0.96422863,0.9890483704825624
UEARLLHPZNDKJH,CHEMBL5729432,CHEMBL5738687,0,0.3103448275862069,0.7106407,0.9913595241908876,0.3103448275862069,0.80289036,0.997919863336093,0.3103448275862069,0.7757505,0.9987599175407821
UEGURDFGPFKRMG,CHEMBL3112406,CHEMBL3116603,0,0.22916666666666666,0.7713789,0.9565864516397174,0.22916666666666666,0.67521125,0.9520849035744041,0.22916666666666666,0.6254736,0.9989002264112332
UENMMAKSOUAVRC,CHEMBL3639133,CHEMBL3706375,1,0.19101123595505617,0.30621392,0.9343178487146616,0.18309859154929578,0.30576983,0.8960449856937781,0.19101123595505617,0.37932444,0.9538387130471072
UESDUQXLYDHGFS,CHEMBL3638644,CHEMBL3705655,1,0.3225806451612903,0.98423207,0.9935918591150495,0.38636363636363635,0.9887472,0.994944379347094,0.38636363636363635,0.99191916,0.9992663222626071
UESPRRZMRKHHKI,CHEMBL3638592,CHEMBL3706089,1,0.24489795918367346,0.9319198,0.5823847060652699,0.24489795918367346,0.95594275,0.9443181022290557,0.24489795918367346,0.9710061,0.9881071139143021
UETDLJCTQLLSIT,CHEMBL4765397,CHEMBL4772815,0,0.47368421052631576,0.99972266,0.9999284218011001,0.5394736842105263,0.9997255,0.9999394015503429,0.5466666666666666,0.99971837,0.9999693667570942
UEUXCIYTZGXEMG,CHEMBL3639211,CHEMBL3706278,1,0.20754716981132076,0.71885026,0.054984671589542185,0.21176470588235294,0.7269048,0.8136457818938688,0.21176470588235294,0.7107998,0.5161388785273996
UEXWYWBOKHJDMA,CHEMBL3639211,CHEMBL3706278,1,0.1981981981981982,0.53708744,0.14416399920833053,0.211864406779661,0.5644627,0.8589736411280531,0.20168067226890757,0.7690332,0.12893724550053684
UEYSRNFLKQULSV,CHEMBL3639085,CHEMBL3705815,1,0.358695652173913,0.9927603,0.992058843747435,0.358695652173913,0.9970675,0.9951418855831721,0.358695652173913,0.9966394,0.9998145527839295
UFFLATSSXYBHLR,CHEMBL3638592,CHEMBL3706089,1,0.22988505747126436,0.80743045,0.9968681016873553,0.23076923076923078,0.8764188,0.9712988953416087,0.23333333333333334,0.80893195,0.9724095169510858
UFGKEORXQPKKJX,CHEMBL3639133,CHEMBL3706375,1,0.2872340425531915,0.97859037,0.999839880813982,0.2872340425531915,0.9686789,0.9995216243967628,0.2872340425531915,0.9793983,0.9998085103020512
UFKLYTOEMRFKAD,CHEMBL3585315,CHEMBL3587365,1,0.2717391304347826,0.98747486,0.2693389378156168,0.21176470588235294,0.98582643,0.7932070757092305,0.21176470588235294,0.9894789,0.9935050519522386
UFKLYTOEMRFKAD,CHEMBL4811304,CHEMBL4813534,1,0.2717391304347826,0.98747486,0.2693389378156168,0.21176470588235294,0.98582643,0.7932070757092305,0.21176470588235294,0.9894789,0.9935050519522386
UFKLYTOEMRFKAD,CHEMBL5346869,CHEMBL5347353,1,0.2717391304347826,0.98747486,0.2693389378156168,0.21176470588235294,0.98582643,0.7932070757092305,0.21176470588235294,0.9894789,0.9935050519522386
UFZMEAYSFGBIBJ,CHEMBL3351372,CHEMBL3379631,0,0.20454545454545456,0.9462532,0.9798333495058545,0.20454545454545456,0.9459082,0.9985341700672031,0.19047619047619047,0.92134637,0.9999170158614088
UGJRAKREIVRFDR,CHEMBL4229417,CHEMBL4233142,1,0.32989690721649484,0.85926896,0.9956896215064194,0.5945945945945946,0.8980202,0.9493287148484274,0.5945945945945946,0.9160051,0.9923605058673546
UGRYTNHMXIKZQP,CHEMBL3638592,CHEMBL3706089,1,0.21333333333333335,0.52288073,0.92786409742466,0.21333333333333335,0.6704868,0.9608185879209855,0.21333333333333335,0.5881003,0.9657429425788949
UHDNTCSWNAXDIA,CHEMBL3638592,CHEMBL3706089,1,0.22727272727272727,0.44004926,0.57407352391749,0.22727272727272727,0.67742795,0.8906024766999667,0.22727272727272727,0.51363677,0.9181206271705175
UHGBQENCMLNFDY,CHEMBL5108059,CHEMBL5112157,1,0.2840909090909091,0.53992844,0.2730825035997091,0.2840909090909091,0.88106847,0.9790197419156879,0.28888888888888886,0.7901572,0.9985383947143489
UISNDMYYHCLGGX,CHEMBL3638997,CHEMBL3705850,1,0.225,0.9196932,0.8739790949264127,0.225,0.9149372,0.9245041387295218,0.21518987341772153,0.9507488,0.9846247215656998
UJMDJDWTDFWOEL,CHEMBL4359902,CHEMBL4363193,0,0.19480519480519481,0.4306501,0.9892155924871688,0.20618556701030927,0.35959864,0.8447712555701614,0.20618556701030927,0.34658608,0.9984526422568023
UJPMFCAOZIBNRL,CHEMBL3638644,CHEMBL3705655,1,0.3142857142857143,0.9886429,0.9974678907570781,0.47674418604651164,0.99049765,0.9964264392583827,0.47674418604651164,0.99371296,0.9985808221935792
UJUYOMFQDNYFOT,CHEMBL3638592,CHEMBL3706089,1,0.2222222222222222,0.72907066,0.7828955558261851,0.2222222222222222,0.85542595,0.9635773414154706,0.2222222222222222,0.72819483,0.9478504846511998
UKBWTCGZZMVDKL,CHEMBL4020805,CHEMBL4022584,1,0.52,0.999637,0.9999877366120024,0.52,0.9986908,0.9999697422593685,0.52,0.99873954,0.9999869610658998
ULCYWMRIURUCDF,CHEMBL3638644,CHEMBL3705655,1,0.3402061855670103,0.8823511,0.99792807530174,0.47058823529411764,0.9774245,0.9952208285878648,0.47058823529411764,0.98948354,0.9977452694683266
ULIFKFINBONNST,CHEMBL4251704,CHEMBL4255944,1,0.17777777777777778,0.94764805,0.996502903688265,0.17777777777777778,0.9371918,0.999074237943183,0.17777777777777778,0.86841065,0.9997958580601974
ULTBPCMFBBBUND,CHEMBL5252533,CHEMBL5253696,1,0.4166666666666667,0.73121744,0.07752150815814444,0.4166666666666667,0.65954894,0.09083027907906072,0.4166666666666667,0.60368687,0.1287720516663242
ULZQWKPFGGPBIG,CHEMBL3638592,CHEMBL3706089,1,0.3076923076923077,0.9074573,0.7578383881158507,0.3076923076923077,0.9474297,0.9152926835300577,0.25263157894736843,0.9760902,0.9875343751795058
UMYCETFBDADDKA,CHEMBL3638592,CHEMBL3706089,1,0.24175824175824176,0.924742,0.8609716339026546,0.31521739130434784,0.968907,0.6907649772253405,0.31521739130434784,0.97913796,0.9636259421422518
UNHLMXLXZKTYPJ,CHEMBL1759974,CHEMBL1763481,0,0.2608695652173913,0.32892653,0.2305905435088028,0.2608695652173913,0.53876954,0.607646759126329,0.2608695652173913,0.28325725,0.9183756451932628
UNHLMXLXZKTYPJ,CHEMBL1759974,CHEMBL1763561,1,0.2608695652173913,0.32892653,0.2305905435088028,0.2608695652173913,0.53876954,0.607646759126329,0.2608695652173913,0.28325725,0.9183756451932628
UNIZLUCMYNPQFL,CHEMBL5137017,CHEMBL5138978,0,0.373134328358209,0.9321553,0.9345843414188224,0.373134328358209,0.93125373,0.9613375186576978,0.373134328358209,0.9308523,0.9626929689185646
UNMQLSNTIPDMEH,CHEMBL3638644,CHEMBL3705655,1,0.2920353982300885,0.98116106,0.997880398156119,0.532608695652174,0.9838563,0.9893055179173037,0.532608695652174,0.9759295,0.9993088655707538
UNWSKLFPUCHULH,CHEMBL3792291,CHEMBL3795347,1,0.42105263157894735,0.99653155,0.9999507519926353,0.42105263157894735,0.9943282,0.9991646711383064,0.42105263157894735,0.97944367,0.9998473168416601
UOHNJRXFMONSKM,CHEMBL5726701,CHEMBL5733185,0,0.23958333333333334,0.9415633,0.9974008324956603,0.25274725274725274,0.8998341,0.9993171826086299,0.25274725274725274,0.95644075,0.999698971555224
UOHWQHOZKOEFII,CHEMBL3407441,CHEMBL3414045,1,0.3132530120481928,0.9283039,0.9756175675264156,0.3132530120481928,0.8682696,0.9949253105862492,0.3132530120481928,0.75484395,0.9546820620035696
UOIGQFPHLCWPGS,CHEMBL5729432,CHEMBL5738687,0,0.2948717948717949,0.9750982,0.9998050474146488,0.2948717948717949,0.986655,0.9992074862122245,0.2948717948717949,0.9772998,0.9995875079372707
UOJJGSUNRPUSNJ,CHEMBL3638644,CHEMBL3705655,1,0.3253012048192771,0.90895504,0.9939708320157349,0.36666666666666664,0.9592076,0.9956260936181838,0.36666666666666664,0.9774507,0.9752420254445348
UOJYDROKRRUPFT,CHEMBL3639085,CHEMBL3705815,1,0.4057971014492754,0.99626523,0.9981742611578103,0.4057971014492754,0.99887496,0.9991486976957942,0.4057971014492754,0.99852484,0.9998253119149111
UOSMHXGISNKBLD,CHEMBL3639085,CHEMBL3705815,0,0.42028985507246375,0.9351439,0.9635923756532552,0.42028985507246375,0.9695468,0.928274810095029,0.3902439024390244,0.9627942,0.985641453678326
UOSMQIZUJQHAMW,CHEMBL2417437,CHEMBL2421122,1,0.4777777777777778,0.98587286,0.999985330631105,0.5,0.9958418,0.9999676341718065,0.4777777777777778,0.9966851,0.9999807426751804
UOSMQIZUJQHAMW,CHEMBL2417437,CHEMBL2421123,1,0.4777777777777778,0.98587286,0.999985330631105,0.5,0.9958418,0.9999676341718065,0.4777777777777778,0.9966851,0.9999807426751804
UOSMVGWFXJJPLS,CHEMBL5725460,CHEMBL5730847,1,0.25274725274725274,0.9512276,0.47724276046798225,0.23529411764705882,0.9423529,0.9935335121961723,0.2247191011235955,0.9260047,0.6485052248682525
UOWMWOHJZGHEOY,CHEMBL3638592,CHEMBL3706089,1,0.25555555555555554,0.82513076,0.43018835057706967,0.25555555555555554,0.9000581,0.7012302272706505,0.25555555555555554,0.86510557,0.9149419218676091
UOYSIGOMHGDMRL,CHEMBL3639133,CHEMBL3706375,1,0.17142857142857143,0.572752,0.9656529155042908,0.17142857142857143,0.38924238,0.9908165335112957,0.17142857142857143,0.39709914,0.9974006820984634
UPFYZVUXBYYQEH,CHEMBL3639133,CHEMBL3706375,1,0.17567567567567569,0.34376526,0.707952204092267,0.17567567567567569,0.36934826,0.7734529715331224,0.17567567567567569,0.39316443,0.9151634766509795
UPTYBPOYVNYQMT,CHEMBL4813994,CHEMBL4817110,1,0.45454545454545453,0.99937314,0.9919838455354458,0.45454545454545453,0.9981772,0.9145747995929767,0.45454545454545453,0.9958163,0.4138345967999126
UPUNWZNEWMVZKF,CHEMBL3638541,CHEMBL3706289,0,0.21359223300970873,0.9895975,0.9997709661265105,0.21359223300970873,0.99297804,0.9946673460250977,0.21359223300970873,0.98461884,0.9994006793649999
UPWMRWBLZUXUMY,CHEMBL3638644,CHEMBL3705655,1,0.3173076923076923,0.779613,0.9093154871351037,0.4186046511627907,0.9083298,0.8524076390318779,0.4186046511627907,0.8102322,0.9857311683979314
UPYIWCUWZHOISR,CHEMBL3638592,CHEMBL3706089,1,0.26605504587155965,0.89624053,0.9115982155662279,0.3229166666666667,0.9638747,0.7880081991142687,0.3263157894736842,0.98376346,0.8782876936420385
UPZMSFHGIHRMSL,CHEMBL3638644,CHEMBL3705655,1,0.34408602150537637,0.8666173,0.9962061110508433,0.34782608695652173,0.9500755,0.9836881666445316,0.34782608695652173,0.9430326,0.9968760322110806
UQCUSPZIFLESFD,CHEMBL5620391,CHEMBL5622307,1,0.20588235294117646,0.69438314,0.8099261014321268,0.20588235294117646,0.7565964,0.9392074627770722,0.2,0.30186737,0.9914353436596276
UQIUWUJYJBQZBY,CHEMBL5725838,CHEMBL5731581,0,0.20238095238095238,0.83192086,0.9997833577402174,0.20238095238095238,0.8518094,0.9989118688888745,0.20238095238095238,0.8495452,0.9997161189447971
UQQNCUSOTQLDEE,CHEMBL2417437,CHEMBL2421122,1,0.48148148148148145,0.99372226,0.9999836711962896,0.5147058823529411,0.99880505,0.9999690162290142,0.48148148148148145,0.9991634,0.9999912793509377
UQQNCUSOTQLDEE,CHEMBL2417437,CHEMBL2421123,1,0.48148148148148145,0.99372226,0.9999836711962896,0.5147058823529411,0.99880505,0.9999690162290142,0.48148148148148145,0.9991634,0.9999912793509377
URFFOIICYKCKOA,CHEMBL6087433,CHEMBL6088976,1,0.27956989247311825,0.9820613,0.9998371667422942,0.27956989247311825,0.9821578,0.9997316180332465,0.27956989247311825,0.98965645,0.9999150611416526
URFFOIICYKCKOA,CHEMBL6087433,CHEMBL6088977,0,0.27956989247311825,0.9820613,0.9998371667422942,0.27956989247311825,0.9821578,0.9997316180332465,0.27956989247311825,0.98965645,0.9999150611416526
URYLXGQUXXMCGL,CHEMBL5729432,CHEMBL5738687,1,0.38235294117647056,0.9624578,0.4211384654100282,0.38235294117647056,0.9735097,0.8911579261804413,0.38235294117647056,0.969647,0.9839845764692136
USWQPWKHMWCVRG,CHEMBL3638592,CHEMBL3706089,1,0.23529411764705882,0.86000526,0.9506772151389042,0.23529411764705882,0.88647825,0.9157235907220013,0.23529411764705882,0.78260803,0.9694356934933653
USZDDOBUMPPACY,CHEMBL5523766,CHEMBL5527389,1,0.3402061855670103,0.9974663,0.99985885029463,0.3402061855670103,0.9991831,0.9999172219407557,0.32989690721649484,0.9989497,0.9999764144632824
UTAIWMXXDMYIBI,CHEMBL4819087,CHEMBL4821861,0,0.23529411764705882,0.01593932,0.007160643199084926,0.22950819672131148,0.017770866,0.004258809630245065,0.22950819672131148,0.008731816,0.009633926972605712
UTJHTHZLECYYPO,CHEMBL5729432,CHEMBL5738687,0,0.3815789473684211,0.25240937,0.9766188896139065,0.34328358208955223,0.43953028,0.9911894625289198,0.3815789473684211,0.5482102,0.998776412094709
UUEAFRKZMCDHFV,CHEMBL2321758,CHEMBL2330630,0,0.39285714285714285,0.9754554,0.9994918137418424,0.39285714285714285,0.9826378,0.9990454755421211,0.39285714285714285,0.9932847,0.9998280711844411
UUEAFRKZMCDHFV,CHEMBL2321758,CHEMBL2330634,1,0.39285714285714285,0.9754554,0.9994918137418424,0.39285714285714285,0.9826378,0.9990454755421211,0.39285714285714285,0.9932847,0.9998280711844411
UUGVHOCIIQAXPN,CHEMBL5725460,CHEMBL5730847,1,0.24271844660194175,0.9890386,0.7852634392017026,0.24271844660194175,0.99228036,0.9996890339834039,0.24271844660194175,0.9881512,0.9753141769919809
UUMBEPOHYKDRGD,CHEMBL4364276,CHEMBL4366252,1,0.2,0.724147,0.9986374919162778,0.2,0.80710196,0.9620055386059748,0.2,0.16327713,0.994242675543931
UUMNNQDPTFAARA,CHEMBL6121003,CHEMBL6124352,1,0.546875,0.9903358,0.9999916291346362,0.5492957746478874,0.99478227,0.9997854454440989,0.5571428571428572,0.99179536,0.9999811582073332
UUPJZLUFXXSBMO,CHEMBL3638592,CHEMBL3706089,1,0.25471698113207547,0.8772642,0.848324720894202,0.2653061224489796,0.9402378,0.960653055514399,0.26804123711340205,0.9494026,0.9778098220423269
UVDSVTKKZYTBOB,CHEMBL3585315,CHEMBL3587365,1,0.25,0.96410865,0.787616392080985,0.25,0.94954187,0.708345472250214,0.25,0.9838029,0.9940204628387181
UVDWQGREBLKZTQ,CHEMBL3639133,CHEMBL3706375,1,0.2523364485981308,0.84208506,0.9223605251924504,0.2523364485981308,0.79324496,0.9675342891854738,0.22772277227722773,0.79408956,0.9991465450178991
UVFPZBRZHZYFOV,CHEMBL3639133,CHEMBL3706375,1,0.21495327102803738,0.7844988,0.5887405752323317,0.21495327102803738,0.77522326,0.8390500604204141,0.21495327102803738,0.81797665,0.9861755024139388
UVPHXYOQBIOXLJ,CHEMBL3638592,CHEMBL3706089,1,0.25274725274725274,0.9355189,0.6248617883828076,0.25274725274725274,0.9656415,0.6708954967431964,0.2391304347826087,0.9597953,0.9369596917356211
UWEUHIBXTSHVOL,CHEMBL3638592,CHEMBL3706089,1,0.27472527472527475,0.93396664,0.7084395031798238,0.26136363636363635,0.9566205,0.9028216616048991,0.27472527472527475,0.96710426,0.9839251108250772
UWRBMCHYZBNDDR,CHEMBL4052688,CHEMBL4056088,1,0.46835443037974683,0.9426129,0.9997995870470151,0.546875,0.98023903,0.9984987012497679,0.46835443037974683,0.9838192,0.999579822389618
UWUPKVZQISLSSA,CHEMBL2346597,CHEMBL2352069,1,0.25301204819277107,0.92316264,0.39098354965243504,0.25301204819277107,0.9160699,0.5191652163084023,0.25301204819277107,0.96486,0.9846458652375838
UWUPKVZQISLSSA,CHEMBL5214923,CHEMBL5216205,1,0.25301204819277107,0.92316264,0.39098354965243504,0.25301204819277107,0.9160699,0.5191652163084023,0.25301204819277107,0.96486,0.9846458652375838
UWUWMDTZJHVLSC,CHEMBL5352392,CHEMBL5352938,1,0.38636363636363635,0.99995434,0.9999265690673368,0.38636363636363635,0.99993217,0.9999880957428521,0.38636363636363635,0.99973744,0.9999866328433167
UWWFQQPVIZAUFH,CHEMBL3638644,CHEMBL3705655,1,0.2972972972972973,0.9539529,0.9763221997220519,0.6125,0.96731967,0.8896311912981139,0.6125,0.9576449,0.9758030239957971
UXCAKZGNKOZXBM,CHEMBL5653605,CHEMBL5654149,1,0.24390243902439024,0.82635915,0.06934431644652267,0.24390243902439024,0.6922784,0.2336618705540732,0.2261904761904762,0.70110357,0.011611897541013065
UXCAKZGNKOZXBM,CHEMBL5653605,CHEMBL5654233,0,0.24390243902439024,0.82635915,0.06934431644652267,0.24390243902439024,0.6922784,0.2336618705540732,0.2261904761904762,0.70110357,0.011611897541013065
UXERPALKOVLZIM,CHEMBL1255226,CHEMBL1261684,1,0.24761904761904763,0.93425566,0.3590283902874564,0.24761904761904763,0.94707215,0.9927750244489584,0.24761904761904763,0.6947672,0.5274560429255691
UXRZSRNCKJGZNH,CHEMBL4359925,CHEMBL4363902,1,0.48,0.98993766,0.999879905962406,0.5,0.99120575,0.9999026987205581,0.48,0.9945228,0.9999860053387322
UXTYANLNUOAKOL,CHEMBL3638541,CHEMBL3706289,0,0.22033898305084745,0.4280372,0.9992737217460044,0.22033898305084745,0.27516425,0.9988441101136176,0.22033898305084745,0.39257586,0.9963619429979484
UXVRSRKRBBLSJY,CHEMBL5729432,CHEMBL5738687,0,0.3,0.33700472,0.9978294225968011,0.3,0.3413505,0.9936592674245753,0.3,0.3868748,0.9980345550148446
UYADVPGQFTYYJR,CHEMBL3639211,CHEMBL3706278,1,0.22033898305084745,0.8670965,0.9847811411431442,0.22033898305084745,0.8910809,0.9829160333258701,0.21238938053097345,0.92825645,0.926346670357543
UYGNWAJINJYMSD,CHEMBL1759974,CHEMBL1763481,1,0.17721518987341772,0.6945239,0.1679069947781911,0.17721518987341772,0.86278623,0.6357447341493607,0.17721518987341772,0.6646572,0.8804217145083638
UYGNWAJINJYMSD,CHEMBL1759974,CHEMBL1763561,1,0.17721518987341772,0.6945239,0.1679069947781911,0.17721518987341772,0.86278623,0.6357447341493607,0.17721518987341772,0.6646572,0.8804217145083638
UYODWJJWEBPJCV,CHEMBL3638592,CHEMBL3706089,1,0.23300970873786409,0.9254107,0.8573826785451444,0.21649484536082475,0.9078891,0.7381211232308581,0.21649484536082475,0.8023832,0.9195485184321198
UZBPFMOOYTVMLS,CHEMBL5500428,CHEMBL5505639,0,0.1839080459770115,0.5827933,0.821409176160874,0.18823529411764706,0.5936881,0.993636568565276,0.18823529411764706,0.68168443,0.9959077684690434
UZFUFXSYUAZZHY,CHEMBL5543164,CHEMBL5548923,1,0.5606060606060606,0.9976851,0.9999716892821929,0.5606060606060606,0.99729234,0.9994844868410762,0.5606060606060606,0.99792093,0.9998789854237956
UZRLDNGLTKLAIO,CHEMBL3638644,CHEMBL3705655,1,0.32608695652173914,0.9502333,0.9695551411721509,0.38636363636363635,0.9641943,0.9427556877158579,0.38636363636363635,0.97669435,0.9961316237770423
UZRXTOXGVQCELF,CHEMBL3639133,CHEMBL3706375,1,0.21052631578947367,0.8534249,0.7640219460372131,0.21875,0.88480306,0.9838026704828503,0.21875,0.86750376,0.9639641259388314
UZUVRFUOLOBORV,CHEMBL1255226,CHEMBL1261684,0,0.2696629213483146,0.9773221,0.9961091415228793,0.2696629213483146,0.9481939,0.999967807848886,0.2696629213483146,0.7279831,0.9999752791236064
UZXSEOHHYLUPHM,CHEMBL3638644,CHEMBL3705655,1,0.3368421052631579,0.96085507,0.9939270720873749,0.39759036144578314,0.96808505,0.9934726351859056,0.39759036144578314,0.96448165,0.9979738037534343
UZXSKOJMVDFMMY,CHEMBL3638644,CHEMBL3705655,1,0.29473684210526313,0.8948824,0.9962412473387144,0.38271604938271603,0.91807586,0.9761131725536808,0.38271604938271603,0.91733307,0.9975212911791972
VAAGJGALPQTEJR,CHEMBL3639133,CHEMBL3706375,1,0.27058823529411763,0.96696097,0.9978599158482601,0.2653061224489796,0.92692447,0.9985084276768534,0.27058823529411763,0.94125515,0.9997916754657764
VAMUSPNDWDGFLP,CHEMBL3638541,CHEMBL3706289,1,0.225,0.48332053,0.994401860456524,0.225,0.35647586,0.9233187813670114,0.1951219512195122,0.24402249,0.9965835654676619
VARVHYOTVXHELT,CHEMBL5214923,CHEMBL5216205,1,0.2184873949579832,0.96732426,0.9637313333485491,0.2184873949579832,0.9905252,0.9965567392190162,0.2184873949579832,0.7053341,0.9988624603935331
VASVVUWIZPDIFI,CHEMBL3638592,CHEMBL3706089,1,0.22105263157894736,0.9109337,0.31375755250424026,0.22105263157894736,0.9311966,0.8498479584799301,0.22105263157894736,0.81612474,0.8464985800769436
VAUZNTRWZKHESZ,CHEMBL3638644,CHEMBL3705655,1,0.28448275862068967,0.9443533,0.9808113759231148,0.5681818181818182,0.96028435,0.9763467504451242,0.5681818181818182,0.9609316,0.868615899812385
VAWUMMRNRUYZAS,CHEMBL4219058,CHEMBL4220376,1,0.20224719101123595,0.60440105,0.6225125525718084,0.20224719101123595,0.6025191,0.8699596118748459,0.20224719101123595,0.34935945,0.9639957503151927
VAYBREBDFXCUMA,CHEMBL4725466,CHEMBL4731424,1,0.4576271186440678,0.9142111,0.9576144587312638,0.4576271186440678,0.93966234,0.9983132859871588,0.4576271186440678,0.9411245,0.9715306090761289
VBGYJJWVQQNQDI,CHEMBL4765397,CHEMBL4772815,0,0.4722222222222222,0.9998431,0.9999018923433688,0.4722222222222222,0.9997949,0.9998590614802982,0.4722222222222222,0.999782,0.9999650368495242
VBQIXHVNOBJOML,CHEMBL3779897,CHEMBL3784491,1,0.2916666666666667,0.8608114,0.996698940709269,0.29245283018867924,0.8295588,0.9999775529766483,0.29245283018867924,0.43913853,0.999981447317116
VCBZYXWNIVGHQA,CHEMBL3638592,CHEMBL3706089,1,0.2708333333333333,0.8767675,0.7614231941447179,0.2708333333333333,0.94678843,0.37278402068645183,0.2708333333333333,0.97077686,0.9677002330892237
VCEUOPAWORNCKN,CHEMBL5244238,CHEMBL5245700,1,0.835820895522388,0.9954797,0.9999846615403242,0.835820895522388,0.9972988,0.9999474315851672,0.835820895522388,0.99894005,0.999970557409553
VCKBRXFQRMSHFD,CHEMBL4196159,CHEMBL4200474,0,0.25773195876288657,0.839199,0.9950604218662559,0.25663716814159293,0.8200923,0.9567736119237282,0.27184466019417475,0.80479884,0.5551897931341123
VCLAPUWSDVOZED,CHEMBL3638592,CHEMBL3706089,1,0.23469387755102042,0.91958886,0.8009815349693982,0.22772277227722773,0.970403,0.8733101598636387,0.23469387755102042,0.9876567,0.9860958405758776
VCLMVIZKGFTPNB,CHEMBL3638592,CHEMBL3706089,1,0.21739130434782608,0.61498004,0.6277382374550644,0.21739130434782608,0.82533795,0.6267514378171781,0.21739130434782608,0.59461343,0.42150649140490143
VCXWHCLRELGBKM,CHEMBL4020805,CHEMBL4022584,1,0.48148148148148145,0.99975723,0.9999788182769278,0.48148148148148145,0.9989778,0.9999417215946708,0.48148148148148145,0.9985551,0.9999750567999142
VCYPTOPZAZRHPX,CHEMBL3638592,CHEMBL3706089,1,0.25806451612903225,0.89594084,0.953612791125889,0.25806451612903225,0.947027,0.9864459703084418,0.22105263157894736,0.9612818,0.9968836074025619
VEECXPFEYWIJFE,CHEMBL3639211,CHEMBL3706278,1,0.20353982300884957,0.6165017,0.7785448453461142,0.20353982300884957,0.67629635,0.9731458438585601,0.20353982300884957,0.75616395,0.7146388312040673
VESXLLXXVKXBDV,CHEMBL5726558,CHEMBL5732909,1,0.2976190476190476,0.9840217,0.9517022658265765,0.64,0.9814402,0.9678162755281461,0.64,0.98579425,0.9864596894096763
VEXIODYWKRBZER,CHEMBL3797068,CHEMBL3802995,1,0.4225352112676056,0.5865817,0.8964368693088373,0.4225352112676056,0.60827786,0.5634825077464046,0.4225352112676056,0.7393796,0.5670394337640038
VEZHQQGCQDLSCU,CHEMBL3112406,CHEMBL3116603,0,0.21176470588235294,0.044426322,0.0052866131358914395,0.21176470588235294,0.044265594,0.007985620269258802,0.20408163265306123,0.08008775,0.0026675048555989908
VFHPBAUTOKQYCD,CHEMBL3638592,CHEMBL3706089,1,0.20388349514563106,0.8893174,0.5453593185660259,0.2,0.96882015,0.8549686655765317,0.2,0.94429064,0.9906591301931205
VFNUYVJFDQOTNJ,CHEMBL5620391,CHEMBL5622307,1,0.1839080459770115,0.2130257,0.9486889936732826,0.1839080459770115,0.3687526,0.9876541489163159,0.1839080459770115,0.14547503,0.9969129862114204
VFQFLOSZDOVNJV,CHEMBL3638541,CHEMBL3706289,0,0.27835051546391754,0.99363774,0.9996842255412189,0.27835051546391754,0.9961372,0.9961873673902988,0.27835051546391754,0.98841745,0.9994374984879955
VFQWPWIFUWOKDK,CHEMBL6087433,CHEMBL6088976,1,0.28125,0.9884497,0.999591905473561,0.28865979381443296,0.9912742,0.9985952978681132,0.28865979381443296,0.9949968,0.9997234679952662
VFQWPWIFUWOKDK,CHEMBL6087433,CHEMBL6088977,1,0.28125,0.9884497,0.999591905473561,0.28865979381443296,0.9912742,0.9985952978681132,0.28865979381443296,0.9949968,0.9997234679952662
VGLITSIUVRNCRO,CHEMBL3638592,CHEMBL3706089,1,0.24444444444444444,0.96095216,0.9248501388563874,0.24444444444444444,0.95839477,0.953691644426374,0.24444444444444444,0.91790944,0.9855337196340493
VGTHTBKUXCUYAW,CHEMBL3639211,CHEMBL3706278,1,0.19,0.8922203,0.9945722134849095,0.19,0.89777744,0.8830181136348203,0.19,0.5392967,0.6449374194303784
VGWVKEGLYKVJKQ,CHEMBL3638644,CHEMBL3705655,1,0.32098765432098764,0.99055594,0.9975858186779611,0.39473684210526316,0.9929766,0.9903100232993161,0.39473684210526316,0.9908292,0.9988511568176439
VHLFKLWNRISGKS,CHEMBL1255226,CHEMBL1261684,1,0.2564102564102564,0.9530853,0.9961345871229513,0.2564102564102564,0.92583984,0.9999783085300955,0.2564102564102564,0.69393086,0.999972414461978
VHNVNIVYQMTYSV,CHEMBL3638644,CHEMBL3705655,1,0.2962962962962963,0.82181215,0.9686991110164308,0.5176470588235295,0.9448834,0.8853710543984159,0.5176470588235295,0.8992905,0.9951708908318657
VHOOCYVVBCVCIW,CHEMBL3639133,CHEMBL3706375,1,0.2857142857142857,0.94358855,0.9947380513412889,0.2653061224489796,0.9044366,0.9981649061112468,0.2857142857142857,0.9395634,0.99964484591454
VIBVFKWNURIUQW,CHEMBL3638644,CHEMBL3705655,1,0.34545454545454546,0.8785822,0.9970674820521652,0.5747126436781609,0.9589395,0.9573126837130804,0.5747126436781609,0.9637533,0.9933354814922556
VIDOEIAXPHMMCG,CHEMBL3639211,CHEMBL3706278,1,0.225,0.83356506,0.8331161455372154,0.225,0.89866316,0.9933139810548093,0.225,0.92901206,0.9323880626420993
VILREBWPZRAQAN,CHEMBL3638997,CHEMBL3705850,1,0.22608695652173913,0.48270485,0.8039354654160965,0.22608695652173913,0.54259,0.9133171474713372,0.22608695652173913,0.6012759,0.9643300665738048
VILWDUYAELQAQU,CHEMBL3638592,CHEMBL3706089,1,0.26804123711340205,0.9250279,0.962640951885608,0.2857142857142857,0.96653,0.9564793625341579,0.28865979381443296,0.9704682,0.9892631944115182
VIQZNMLBVAPZSJ,CHEMBL3638592,CHEMBL3706089,1,0.2261904761904762,0.92066914,0.9892542045242679,0.2261904761904762,0.97287285,0.9976338118062883,0.2261904761904762,0.959164,0.999554256074394
VIXBXYSJFIKNMD,CHEMBL3638541,CHEMBL3706289,0,0.25287356321839083,0.62056595,0.9940416610450609,0.25287356321839083,0.7077775,0.9863525538477232,0.22935779816513763,0.555457,0.9934130845464467
VIZDWFMDXKHPJD,CHEMBL3638592,CHEMBL3706089,1,0.27472527472527475,0.87397754,0.6102794859899111,0.27472527472527475,0.9365868,0.8259359080417207,0.27472527472527475,0.9438099,0.9770497087997465
VJDWLNYNYCCEMY,CHEMBL3616407,CHEMBL3620381,1,0.23863636363636365,0.7701066,0.1407668192453793,0.23863636363636365,0.9340838,0.9559087966639115,0.23863636363636365,0.8167884,0.833731550402638
VJKRDQODDOSPOP,CHEMBL3638644,CHEMBL3705655,1,0.3333333333333333,0.86821353,0.8695762997552895,0.38095238095238093,0.87054735,0.6959844220615349,0.38095238095238093,0.9170333,0.9771065613232216
VJSWJOLPAPEAIE,CHEMBL3638644,CHEMBL3705655,1,0.3238095238095238,0.758049,0.998573144701519,0.37777777777777777,0.8654414,0.9976517715370058,0.37777777777777777,0.93407947,0.9981660426253177
VJVJKCSIKUBVIO,CHEMBL3576869,CHEMBL3579762,1,0.20869565217391303,0.58020365,0.8803994143322729,0.18681318681318682,0.3664659,0.9841701145838253,0.20869565217391303,0.1146234,0.9943174371891487
VJWIEZXVCVSSRN,CHEMBL3108735,CHEMBL3112126,1,0.5571428571428572,0.9985726,0.9999731271222669,0.5571428571428572,0.9943621,0.9999779757904085,0.5571428571428572,0.99053335,0.999940951634697
VKNCHRHOXLHESX,CHEMBL3638592,CHEMBL3706089,1,0.2111111111111111,0.8828589,0.9575707388929232,0.2111111111111111,0.9157768,0.9303735463140574,0.22988505747126436,0.9159502,0.9561454918500107
VKNPVEGBOPKZQJ,CHEMBL3638592,CHEMBL3706089,1,0.25,0.9172878,0.5622776957496808,0.25,0.9074295,0.9197549691534874,0.2391304347826087,0.93197024,0.9745501028050462
VKUWAWNKLHNKAP,CHEMBL5725460,CHEMBL5730847,1,0.28125,0.96557695,0.863760671738064,0.28125,0.9752965,0.9996297044664502,0.28125,0.983353,0.9826810072968032
VKWWMCZYKPRMLI,CHEMBL5725460,CHEMBL5730847,1,0.21551724137931033,0.9949065,0.5906283385179358,0.21551724137931033,0.99773526,0.9996606435765475,0.21551724137931033,0.99587953,0.985034057871144
VKXNDXBNSBBHDD,CHEMBL3638592,CHEMBL3706089,1,0.2571428571428571,0.9514792,0.9939674585149159,0.2571428571428571,0.9688364,0.9951551444688348,0.2571428571428571,0.97043365,0.9968083293688539
VLGFLFLDANVHKG,CHEMBL3638592,CHEMBL3706089,1,0.2736842105263158,0.9700458,0.9892598896401364,0.3191489361702128,0.9867468,0.9927389119032999,0.3225806451612903,0.99436283,0.9987500019131123
VLGKJEUYDYAFIU,CHEMBL3639133,CHEMBL3706375,1,0.27956989247311825,0.980417,0.9986255900249548,0.27956989247311825,0.96287376,0.9993216011097465,0.2716049382716049,0.9729633,0.9997837747661144
VLLSCIRSPRQVJE,CHEMBL3638644,CHEMBL3705655,1,0.3229166666666667,0.9464965,0.9965036088999102,0.4044943820224719,0.95051354,0.9917580481241777,0.4044943820224719,0.978134,0.9984210554181837
VLSSMLSPCKXABU,CHEMBL3585315,CHEMBL3587365,1,0.2127659574468085,0.92250305,0.9394354804155914,0.2127659574468085,0.8806639,0.8904856346222874,0.2127659574468085,0.9764015,0.9699423159319629
VLUCNOXWTUFPBV,CHEMBL1944561,CHEMBL1949072,1,0.2828282828282828,0.641996,0.9872247438664842,0.2828282828282828,0.67480403,0.9899342271691013,0.25287356321839083,0.8465087,0.9696385869323961
VLUCNOXWTUFPBV,CHEMBL1944561,CHEMBL1949073,1,0.2828282828282828,0.641996,0.9872247438664842,0.2828282828282828,0.67480403,0.9899342271691013,0.25287356321839083,0.8465087,0.9696385869323961
VMFADTCYGITFFW,CHEMBL3638997,CHEMBL3705850,1,0.23076923076923078,0.6135045,0.23338394911987279,0.23076923076923078,0.7075924,0.7857863971546564,0.22077922077922077,0.7708563,0.9847772353466759
VMHNPQBHRSGIGZ,CHEMBL5046253,CHEMBL5047787,1,0.6271186440677966,0.99890614,0.9999770306322529,0.6515151515151515,0.99941313,0.9999284650162651,0.6615384615384615,0.9986565,0.999980811410826
VMHUWBGCAHELNA,CHEMBL3638644,CHEMBL3705655,1,0.34,0.8440252,0.9880344633652817,0.5569620253164557,0.93542457,0.9815706129485101,0.5569620253164557,0.9113503,0.9941668038371017
VMNJRUHRPRIOQT,CHEMBL5137017,CHEMBL5138978,0,0.3333333333333333,0.867556,0.58387606072939,0.3333333333333333,0.8321763,0.21591566254556357,0.3333333333333333,0.7704394,0.43058834455195555
VMOSGUBRSARZKS,CHEMBL3638644,CHEMBL3705655,1,0.3466666666666667,0.5524827,0.9426599613089859,0.5194805194805194,0.7489034,0.6315455896156534,0.5194805194805194,0.89905995,0.9592144398468018
VMOXQQNYXGLJDR,CHEMBL3639133,CHEMBL3706375,1,0.2647058823529412,0.98756975,0.9907075735332126,0.2978723404255319,0.98319054,0.9647274474730658,0.3010752688172043,0.9925287,0.9995719191503575
VMWGPZWLODPZJX,CHEMBL4725466,CHEMBL4731424,1,0.47540983606557374,0.9938752,0.9999067060367114,0.47540983606557374,0.9945529,0.9993821324252125,0.47540983606557374,0.99494016,0.9998866123730633
VMWIOSJZNCHWFQ,CHEMBL3638592,CHEMBL3706089,1,0.297029702970297,0.7638792,0.9772437771749596,0.297029702970297,0.70303404,0.9130362515150043,0.27058823529411763,0.66285795,0.9509616988141621
VNORXAXGKIUEIT,CHEMBL2417437,CHEMBL2421122,0,0.5595238095238095,0.9960789,0.9999859221371468,0.5595238095238095,0.99879646,0.9999774585872138,0.5595238095238095,0.9994306,0.9999910982873211
VNORXAXGKIUEIT,CHEMBL2417437,CHEMBL2421123,1,0.5595238095238095,0.9960789,0.9999859221371468,0.5595238095238095,0.99879646,0.9999774585872138,0.5595238095238095,0.9994306,0.9999910982873211
VNVZRKSWFACDNJ,CHEMBL5729706,CHEMBL5739310,1,0.14130434782608695,0.098942295,0.0346475742736467,0.14130434782608695,0.11205414,0.36263364482553734,0.14130434782608695,0.08561483,0.06313277601978569
VNXDCPOBZLOOLP,CHEMBL3638541,CHEMBL3706289,0,0.2830188679245283,0.8259768,0.9995398026606559,0.2830188679245283,0.84929466,0.996921289085387,0.2830188679245283,0.7570849,0.9973643841053467
VOKVWJOHTDUJIH,CHEMBL3638644,CHEMBL3705656,1,0.3291139240506329,0.733352,0.9898965108297216,0.38666666666666666,0.83703834,0.8940340414245564,0.38666666666666666,0.8909574,0.9861760444573413
VONFXXSSJFKPNK,CHEMBL3638592,CHEMBL3706089,1,0.24489795918367346,0.9667038,0.9085130296555418,0.2403846153846154,0.9748205,0.9443181091525039,0.24489795918367346,0.9847013,0.9949683642027539
VOTMXYXIVNHYPG,CHEMBL3112406,CHEMBL3116603,0,0.20833333333333334,0.670377,0.23560945094128577,0.2345679012345679,0.6556562,0.015340221422557658,0.2345679012345679,0.57644624,0.0296375979904124
VOVIHDAPWBQLNF,CHEMBL5543164,CHEMBL5548923,1,0.5606060606060606,0.9974757,0.999975770598706,0.5606060606060606,0.9974322,0.9999728337280654,0.5606060606060606,0.998464,0.9999591057718703
VOZATGBILRZYMT,CHEMBL5725838,CHEMBL5731581,0,0.20454545454545456,0.7223022,0.9998530889881058,0.20454545454545456,0.7105011,0.9998848324508948,0.20454545454545456,0.75100964,0.9997471702463063
VPFYIZZLGDUSCA,CHEMBL3638592,CHEMBL3706089,1,0.2159090909090909,0.92006993,0.8502946545393952,0.2159090909090909,0.90285146,0.9252185836212358,0.2159090909090909,0.7844811,0.9865174932734982
VPJRGJZYVMNCEV,CHEMBL3638592,CHEMBL3706089,1,0.25609756097560976,0.5792969,0.7420633417370994,0.25609756097560976,0.841984,0.7627875380825291,0.25609756097560976,0.73920345,0.8861360088822555
VPTVCYOEECUFBP,CHEMBL4808220,CHEMBL4810527,1,0.3372093023255814,0.97280914,0.7805086708318152,0.44047619047619047,0.96902376,0.33457732006531393,0.3372093023255814,0.9658206,0.04670332201422653
VPXCBGUGYBHJBT,CHEMBL3638997,CHEMBL3705850,0,0.24096385542168675,0.22214134,0.3265818127476894,0.24096385542168675,0.43016395,0.49542785188147,0.18823529411764706,0.281581,0.7969915692064629
VQAHLWBGYPOWNE,CHEMBL3638592,CHEMBL3706089,1,0.25925925925925924,0.97552717,0.9963994899544053,0.25925925925925924,0.97064084,0.9917990052104178,0.25925925925925924,0.96106017,0.9972284801727616
VQWHKFNVZDWEMD,CHEMBL3638541,CHEMBL3706289,0,0.28421052631578947,0.99123377,0.9997347186081083,0.28421052631578947,0.99291915,0.9966467866593687,0.28421052631578947,0.9796973,0.9996249670392096
VSAKAZVKHMWOPT,CHEMBL4251704,CHEMBL4255944,1,0.18604651162790697,0.66955966,0.9503251720182682,0.18604651162790697,0.34831557,0.9497440248096205,0.18604651162790697,0.19530553,0.9965139861886445
VSHOLVLSSFDEKC,CHEMBL3638592,CHEMBL3706089,1,0.22105263157894736,0.71975106,0.6694533547661085,0.25806451612903225,0.7548636,0.7899202978172277,0.22105263157894736,0.7186454,0.9783959736545598
VSSMIYHJVDZVQW,CHEMBL4364276,CHEMBL4366252,1,0.20168067226890757,0.7045428,0.9986817379861583,0.19148936170212766,0.60621095,0.9614429166237781,0.20168067226890757,0.28553605,0.9947629224342535
VSTCZMLMOFOMFM,CHEMBL3638997,CHEMBL3705850,1,0.28735632183908044,0.38421994,0.24303399986811033,0.28735632183908044,0.5836671,0.7753364619831703,0.28735632183908044,0.5069895,0.9683963355688419
VSYWBEGZQHLXGX,CHEMBL3638592,CHEMBL3706089,1,0.2261904761904762,0.20524614,0.32979164724346643,0.2261904761904762,0.4228991,0.9089320570347644,0.2261904761904762,0.27840912,0.971273352728793
VTCHWSGDIXAKIE,CHEMBL3352352,CHEMBL3372424,0,0.2736842105263158,0.98702824,0.9968562381095756,0.2736842105263158,0.9953869,0.9997099116987502,0.2736842105263158,0.9966799,0.9999397095250974
VTLMGIZRNCFDOJ,CHEMBL5543164,CHEMBL5548923,1,0.6065573770491803,0.9996419,0.9999880243441434,0.6065573770491803,0.9997297,0.9999784019093471,0.6065573770491803,0.9997334,0.9999589206675542
VTMGPJPJSIRYCH,CHEMBL3638592,CHEMBL3706089,1,0.2571428571428571,0.8994678,0.8666215377024069,0.2571428571428571,0.94355595,0.7366910132234179,0.2571428571428571,0.8835852,0.6414307293546937
VTQVVWDFBZSCLC,CHEMBL3638644,CHEMBL3705655,1,0.3111111111111111,0.9906228,0.9990394135477081,0.3764705882352941,0.9867972,0.9971109824237648,0.3764705882352941,0.9918711,0.9985357749201608
VTWKGJLYFKFBML,CHEMBL3638592,CHEMBL3706089,1,0.25,0.6741539,0.1496083047011019,0.23655913978494625,0.9096604,0.29859146542647624,0.23711340206185566,0.89397556,0.07023737477593549
VTYVKKWVPPWPFR,CHEMBL2417437,CHEMBL2421122,1,0.5975609756097561,0.99790454,0.9999867391395053,0.5975609756097561,0.9989704,0.9999764567919684,0.5975609756097561,0.99945456,0.9999921296256847
VTYVKKWVPPWPFR,CHEMBL2417437,CHEMBL2421123,1,0.5975609756097561,0.99790454,0.9999867391395053,0.5975609756097561,0.9989704,0.9999764567919684,0.5975609756097561,0.99945456,0.9999921296256847
VUAMAALAYOUVOU,CHEMBL3734757,CHEMBL3738862,1,0.26956521739130435,0.9948152,0.9992091895707624,0.26956521739130435,0.99591064,0.9999858479805492,0.26956521739130435,0.9732333,0.9999829370908387
VUDJPBPVCUEFHU,CHEMBL5727131,CHEMBL5734082,1,0.21875,0.82101,0.1842295724810974,0.21495327102803738,0.84109694,0.9828187844616467,0.21875,0.5734292,0.7884675309354121
VUJHDNKSYDQSOA,CHEMBL3588784,CHEMBL3591971,0,0.25,0.73721856,0.2599180641658494,0.25,0.85465455,0.8962854042400219,0.25,0.9319526,0.8588388390325058
VUWOZURKZJVAEV,CHEMBL4229417,CHEMBL4233142,1,0.32323232323232326,0.8734232,0.9725302588542329,0.32323232323232326,0.95777905,0.9376141101818045,0.32323232323232326,0.94631696,0.9909190577525926
VUWRNNIODYIFOX,CHEMBL3639133,CHEMBL3706375,1,0.25,0.845375,0.7838690897222963,0.25,0.7581586,0.7891328783490827,0.20952380952380953,0.6137894,0.9575271747016063
VUZVHTMDBZCNAY,CHEMBL3638592,CHEMBL3706089,1,0.27380952380952384,0.8195994,0.9195579385323229,0.27380952380952384,0.9161332,0.8511387372583273,0.27380952380952384,0.84682375,0.9664337778275994
VVFWKPYHLDVFKE,CHEMBL3108735,CHEMBL3112126,1,0.5405405405405406,0.99765635,0.9999611707119944,0.5405405405405406,0.9934896,0.999979390166509,0.5405405405405406,0.9900287,0.9999316111593766
VVQXLUWYLDAEJY,CHEMBL5726558,CHEMBL5732909,1,0.35443037974683544,0.8804614,0.9983584466463639,0.35443037974683544,0.9026947,0.999272639270152,0.35443037974683544,0.93445945,0.9986387154980202
VVROYQRQITXYPS,CHEMBL3638592,CHEMBL3706089,1,0.2112676056338028,0.48608398,0.9958570102102812,0.2112676056338028,0.6380876,0.9989812530196092,0.2112676056338028,0.64513445,0.9997625658646229
VVULMYGFYVRDEG,CHEMBL3639211,CHEMBL3706278,1,0.2169811320754717,0.8173455,0.6094956660860333,0.2169811320754717,0.8595629,0.9626065231952269,0.2169811320754717,0.83964336,0.9922339226954575
VVYZBAVGXNXTBW,CHEMBL3639211,CHEMBL3706278,1,0.1978021978021978,0.8320601,0.44459812898257967,0.19626168224299065,0.76731735,0.8375141034457441,0.1978021978021978,0.7354136,0.5510103654364769
VVZXIPYMKVAZOT,CHEMBL3616407,CHEMBL3620381,1,0.19811320754716982,0.9011351,0.6666368320908165,0.19811320754716982,0.90532166,0.8199919587678651,0.19811320754716982,0.74686223,0.5561270511401104
VWAPFXOEOXOOSM,CHEMBL4049442,CHEMBL4051856,1,0.44285714285714284,0.9893882,0.9958378645498265,0.44285714285714284,0.98673576,0.9873496965065208,0.44285714285714284,0.9858004,0.9976249058464475
VWFGOKQFVYUPRH,CHEMBL3638644,CHEMBL3705655,1,0.3,0.7336843,0.9767218961178982,0.5432098765432098,0.8411492,0.8512875184713715,0.5432098765432098,0.7218865,0.9793339577125519
VWNVCKQEAMDLCY,CHEMBL4819017,CHEMBL4820258,1,0.21052631578947367,0.9954715,0.9659012676310922,0.21052631578947367,0.99200845,0.9953871532475984,0.21052631578947367,0.98494047,0.952083404283891
VWOOKQFDWZZBQH,CHEMBL3638541,CHEMBL3706289,0,0.26732673267326734,0.992077,0.999750964072752,0.26732673267326734,0.9954423,0.9967462111476316,0.26732673267326734,0.9824806,0.9993056437417057
VWSQSUNDEOKXKZ,CHEMBL3638592,CHEMBL3706089,1,0.25274725274725274,0.8993946,0.9958455581003425,0.25,0.94409084,0.9908647302273299,0.25274725274725274,0.95894355,0.9949090618734358
VWWQONBXUUJAMF,CHEMBL3638592,CHEMBL3706089,1,0.2604166666666667,0.8593028,0.9886307172298194,0.29523809523809524,0.908667,0.975335189264997,0.29523809523809524,0.90399206,0.9940939772493149
VWXJGKGVUOOZLS,CHEMBL3638644,CHEMBL3705655,1,0.32075471698113206,0.94903266,0.9269025614169653,0.5697674418604651,0.98922706,0.7229827591877398,0.5697674418604651,0.96034855,0.7160050099723088
VXCYNHOBTVMSEN,CHEMBL3638592,CHEMBL3706089,1,0.20618556701030927,0.8981257,0.9221276894359756,0.2079207920792079,0.92890173,0.9794245686981982,0.20618556701030927,0.84009033,0.9865509999119859
VXFIQWFKZBLWIN,CHEMBL5236659,CHEMBL5240747,1,0.48,0.99981314,0.9998508036646261,0.48,0.99975675,0.9999025961619316,0.48,0.9997354,0.9999828953032633
VXIFMJZIIDYJBM,CHEMBL3638541,CHEMBL3706289,1,0.18072289156626506,0.9548951,0.7573303076406787,0.18072289156626506,0.9642232,0.8576678060132746,0.18072289156626506,0.8154805,0.8592737783039346
VXSYXESJOLXABR,CHEMBL3638592,CHEMBL3706089,1,0.3010752688172043,0.9730566,0.9888867447619832,0.3010752688172043,0.9861618,0.9819543280049393,0.3010752688172043,0.98921597,0.9976565373723378
VYJVZMADYMHXLJ,CHEMBL5729432,CHEMBL5738687,1,0.375,0.61936045,0.9649282166542138,0.375,0.7731442,0.9279688358314433,0.375,0.6682954,0.6289261229285529
VYQKXCJFGVZKTQ,CHEMBL5331073,CHEMBL5332683,1,0.3548387096774194,0.9632214,0.9940634441151602,0.3548387096774194,0.9843258,0.9761937154730548,0.3548387096774194,0.99208105,0.9998658662543889
VZIJRHDWQXGPSM,CHEMBL3639133,CHEMBL3706375,1,0.21238938053097345,0.82254183,0.7602735114246308,0.21238938053097345,0.8515308,0.7763394734137571,0.2037037037037037,0.75341654,0.9443186056060904
VZNYJVQPWNATIN,CHEMBL4049442,CHEMBL4051856,1,0.36486486486486486,0.9705705,0.9989174014738147,0.3950617283950617,0.9353352,0.9947656720977942,0.3950617283950617,0.9756006,0.9978295968808579
VZRXMIRZKAFQFR,CHEMBL4680347,CHEMBL4689247,1,0.34782608695652173,0.6030053,0.9505379753217658,0.34782608695652173,0.72985405,0.9718981143948671,0.34782608695652173,0.88135034,0.9994870293375452
WAGGOCMPCZLOTQ,CHEMBL5726558,CHEMBL5732909,1,0.32926829268292684,0.9911794,0.9851943782759196,0.618421052631579,0.98897445,0.9935311589597379,0.618421052631579,0.9908965,0.9893415525289119
WAHCEBORWAMZFO,CHEMBL3639133,CHEMBL3706375,1,0.21518987341772153,0.84439677,0.9922652034227426,0.21518987341772153,0.76378554,0.9974435474159494,0.21518987341772153,0.6645638,0.9995907211587467
WAKCLPVYMMQVEL,CHEMBL4680347,CHEMBL4689247,1,0.3582089552238806,0.8473294,0.9773055726118643,0.3582089552238806,0.8951661,0.9902157419395194,0.3582089552238806,0.9292574,0.9989146065594068
WAKLEFTXKDORMM,CHEMBL3112582,CHEMBL3116931,1,0.2345679012345679,0.6442465,0.9809479745651254,0.2345679012345679,0.6551686,0.992556070859523,0.2345679012345679,0.69725937,0.9924151571660828
WAMCBWGRYTUJAO,CHEMBL5500428,CHEMBL5505639,0,0.21333333333333335,0.90309805,0.9936384070075007,0.21052631578947367,0.86842656,0.999131464563105,0.21333333333333335,0.8208803,0.9973613143665955
WAOBNLUKXUNDIU,CHEMBL5725838,CHEMBL5731581,0,0.20618556701030927,0.77169836,0.9998448942344066,0.20618556701030927,0.8095323,0.9994543918691108,0.20618556701030927,0.87415636,0.9996782452758672
WARUZPFHLRLCHE,CHEMBL4813994,CHEMBL4817110,1,0.5925925925925926,0.9994772,0.9984103725797974,0.5925925925925926,0.9986125,0.9650129761475666,0.5925925925925926,0.99632853,0.4902358906360373
WASCIAWNEGDJLD,CHEMBL3638644,CHEMBL3705655,1,0.28865979381443296,0.7555037,0.8749697260103064,0.3253012048192771,0.78427833,0.2825200217262337,0.3253012048192771,0.76680183,0.9701151478669368
WASQHPSQSBFITI,CHEMBL3638644,CHEMBL3705655,1,0.3173076923076923,0.8901928,0.9897220544048223,0.5555555555555556,0.9495983,0.9695611485391772,0.5555555555555556,0.89842993,0.9949269639995476
WAUDHZKWWFGTDH,CHEMBL3638592,CHEMBL3706089,1,0.22608695652173913,0.7893297,0.8395913229228595,0.22608695652173913,0.69990104,0.8828591649485193,0.22115384615384615,0.49889973,0.806557490517585
WAYHIHTYOIXEBO,CHEMBL3639211,CHEMBL3706278,1,0.21505376344086022,0.89471376,0.9177003517995085,0.21505376344086022,0.86527175,0.9871116554085038,0.21505376344086022,0.8475339,0.9047770694722014
WBAJWBQIVKLKMN,CHEMBL3638644,CHEMBL3705655,1,0.3163265306122449,0.8750221,0.9534841818853195,0.5121951219512195,0.95465523,0.8749934902907057,0.5121951219512195,0.924235,0.9770040520736109
WBUQSOFSDKDSHT,CHEMBL3638644,CHEMBL3705655,1,0.30303030303030304,0.8692132,0.9840420274994537,0.55,0.9049084,0.9708408342502692,0.55,0.88158137,0.988656179114818
WBXOXSPFCZDLQU,CHEMBL3638644,CHEMBL3705655,1,0.35106382978723405,0.8653421,0.9883942180379873,0.6447368421052632,0.8677895,0.9855038733477856,0.6447368421052632,0.9021746,0.9953057664568637
WCAZAKPQNWSACH,CHEMBL3638592,CHEMBL3706089,1,0.22,0.74114287,0.9755555437969721,0.21875,0.8308747,0.9297049177231272,0.21875,0.72568935,0.9665250198707517
WCTVZYUOCBUDJI,CHEMBL3638592,CHEMBL3706089,1,0.24761904761904763,0.92650604,0.6005549744288081,0.24761904761904763,0.9584624,0.7530637910222877,0.24761904761904763,0.9273054,0.9739882251810912
WDCVJKKGNJCIFD,CHEMBL3638592,CHEMBL3706089,1,0.19090909090909092,0.95048153,0.8513031081533251,0.19047619047619047,0.95998013,0.885721719682907,0.19047619047619047,0.8970982,0.9722169929602245
WDFOQWYGTLNGLU,CHEMBL4017506,CHEMBL4019299,1,0.543859649122807,0.9642393,0.314207557475904,0.543859649122807,0.97187245,0.570949849833113,0.543859649122807,0.9887317,0.9759970370049074
WECGPIPWODZMMN,CHEMBL3638644,CHEMBL3705655,1,0.3333333333333333,0.9479191,0.9937942351983473,0.38372093023255816,0.97256416,0.989957612099588,0.38372093023255816,0.95327485,0.9983250807070189
WEJJSFQXOHGWBL,CHEMBL3638592,CHEMBL3706089,1,0.25,0.9455233,0.8320732922557581,0.25,0.96517265,0.9875013182813013,0.25,0.98327017,0.9925642262792609
WEOVBEAUCSCNBU,CHEMBL3638644,CHEMBL3705655,1,0.2897196261682243,0.89674807,0.9700556988570784,0.5301204819277109,0.938521,0.9320527008902816,0.5301204819277109,0.9325691,0.995380752389182
WEVYLBFCKQQRBM,CHEMBL6134929,CHEMBL6141369,1,0.4,0.42444313,0.9159192310574291,0.4,0.39131072,0.9434058990019909,0.4,0.35571936,0.6596860774032256
WEYIFXNBDAGOOV,CHEMBL3638592,CHEMBL3706089,1,0.24175824175824176,0.93631613,0.8944372017487932,0.24175824175824176,0.938967,0.8194119140611148,0.22580645161290322,0.9138885,0.9622060093500479
WFFBQSVZKZTYKZ,CHEMBL3407441,CHEMBL3414045,0,0.35365853658536583,0.87424314,0.7214190163690499,0.35365853658536583,0.8500188,0.9425362948018653,0.35365853658536583,0.7075958,0.600758709502266
WFKMYKMRKJBXKM,CHEMBL3638592,CHEMBL3706089,1,0.23595505617977527,0.92840934,0.9275752714292621,0.23595505617977527,0.95771825,0.831871130791819,0.23595505617977527,0.902853,0.9219193906515061
WFQNRSJXMVHCQG,CHEMBL3639133,CHEMBL3706375,1,0.2,0.44265303,0.05523767766731608,0.2,0.5334441,0.11134759919449785,0.2,0.5126352,0.17169560170446863
WFRPGOUHTITPBY,CHEMBL3638644,CHEMBL3705655,1,0.3163265306122449,0.65891194,0.9280687658443363,0.3563218390804598,0.8483523,0.3820536326004249,0.3563218390804598,0.82180417,0.9802904992851942
WFSMNHREZAJPDI,CHEMBL4052688,CHEMBL4056088,1,0.4421052631578947,0.956048,0.9999589066986142,0.4421052631578947,0.98704684,0.999135161283811,0.4421052631578947,0.9901902,0.9999568901511376
WFVJLSLKMKUNFJ,CHEMBL4020823,CHEMBL4023016,1,0.21212121212121213,0.86762327,0.24856024962492773,0.21212121212121213,0.8477845,0.9926368252803671,0.21212121212121213,0.8264145,0.9338633607057134
WGIGOLCDZGBHEG,CHEMBL3638644,CHEMBL3705655,1,0.32989690721649484,0.7182663,0.9982231497558084,0.3626373626373626,0.8683678,0.9841357809403906,0.3626373626373626,0.903992,0.9904776240197904
WGPBHPOXJOWHCY,CHEMBL5725838,CHEMBL5731581,0,0.18604651162790697,0.8881577,0.9997708416418912,0.18604651162790697,0.9509759,0.9992710324777488,0.18604651162790697,0.9136488,0.9995274289076507
WHAYNIDTNNWHOG,CHEMBL3638592,CHEMBL3706089,1,0.24210526315789474,0.79853565,0.8207165269236267,0.24210526315789474,0.8536865,0.9773071530601538,0.24210526315789474,0.7258369,0.9717798773438011
WHJIHZSXTQRCNX,CHEMBL4842397,CHEMBL4845571,1,0.1958762886597938,0.984458,0.022814075487188962,0.1958762886597938,0.98191375,0.6722176129193913,0.1958762886597938,0.971924,0.4981022863929381
WHMJTYCPNSWDLA,CHEMBL4765397,CHEMBL4772815,0,0.6363636363636364,0.999838,0.9999699107559917,0.5066666666666667,0.9996604,0.9999714569332857,0.6363636363636364,0.9998167,0.9999888999759006
WHOZOCUVMRKYKX,CHEMBL3638997,CHEMBL3705850,1,0.20952380952380953,0.26722407,0.5080010355388248,0.21568627450980393,0.4085511,0.8551129026678822,0.21568627450980393,0.3200643,0.8797090084348034
WHTVZRBIWZFKQO,CHEMBL5244238,CHEMBL5245700,1,0.15584415584415584,0.011167143,0.271104892935319,0.15584415584415584,0.0394933,0.16108588649504074,0.15584415584415584,0.047634695,0.573973261328413
WIDVWQIEFDGGQO,CHEMBL3638592,CHEMBL3706089,1,0.21621621621621623,0.99044144,0.998572504976048,0.21621621621621623,0.9931421,0.9496439934226367,0.21621621621621623,0.95909417,0.8884910486326136
WIORGJMMZNNDQZ,CHEMBL3638644,CHEMBL3705655,1,0.35789473684210527,0.7812532,0.9958756912863422,0.36666666666666664,0.910165,0.9960665331363182,0.36666666666666664,0.9378346,0.9979116217306093
WITZHCKXXKXEFD,CHEMBL3734757,CHEMBL3738862,1,0.21428571428571427,0.98671824,0.9996222182065808,0.21428571428571427,0.98838055,0.999985942130201,0.21428571428571427,0.9524189,0.9999623216323127
WIYTYGLDKRTSHX,CHEMBL5500428,CHEMBL5505639,0,0.30851063829787234,0.8486467,0.06933925322403584,0.30851063829787234,0.88425994,0.4663133735232636,0.30851063829787234,0.8645051,0.632408940284958
WJFNYYAZIYFYTI,CHEMBL3638644,CHEMBL3705655,1,0.29213483146067415,0.7286154,0.9857903332426029,0.5903614457831325,0.7450106,0.8601860628739444,0.5903614457831325,0.6641567,0.43170275834562793
WJSSCHPUSPPZEI,CHEMBL5108059,CHEMBL5112157,1,0.23255813953488372,0.9380904,0.46777850552069794,0.2911392405063291,0.9973838,0.9939397555973049,0.2911392405063291,0.9708157,0.9992173515610802
WJVYZVMUDBIEES,CHEMBL3351372,CHEMBL3379631,0,0.22857142857142856,0.88430655,0.8804510791104295,0.2376237623762376,0.9610469,0.9939018979319924,0.2376237623762376,0.9250895,0.9982882184805248
WKECSELYDBZHQV,CHEMBL3865829,CHEMBL3867034,1,0.18181818181818182,0.43914732,0.6106723025605264,0.18181818181818182,0.08520591,0.6235365238584493,0.18181818181818182,0.023188978,0.9858642536703494
WKFAANWVZLIBKP,CHEMBL3638644,CHEMBL3705655,1,0.3333333333333333,0.9565865,0.9704347620113366,0.36363636363636365,0.98628646,0.9647102060663857,0.36363636363636365,0.9829168,0.9925481377520051
WKGQOTMGNCYXIJ,CHEMBL3638592,CHEMBL3706089,1,0.22580645161290322,0.97258186,0.6597003320021181,0.22580645161290322,0.98954016,0.9902793014862638,0.22580645161290322,0.964127,0.8740181193555642
WKRLSDYBEGDEDI,CHEMBL6087433,CHEMBL6088976,1,0.2872340425531915,0.98759174,0.9521621882155291,0.2872340425531915,0.98467654,0.9167633515509109,0.2872340425531915,0.9933195,0.9997311039689953
WKRLSDYBEGDEDI,CHEMBL6087433,CHEMBL6088977,1,0.2872340425531915,0.98759174,0.9521621882155291,0.2872340425531915,0.98467654,0.9167633515509109,0.2872340425531915,0.9933195,0.9997311039689953
WKVMHMOLOLXPPL,CHEMBL1759974,CHEMBL1763561,0,0.18181818181818182,0.3062109,0.29953276579981214,0.18181818181818182,0.35520983,0.31442203870054547,0.18181818181818182,0.34923697,0.42950788482276253
WKXLDCTVVNFJRQ,CHEMBL3638592,CHEMBL3706089,1,0.23076923076923078,0.87374425,0.6049784470618035,0.23076923076923078,0.937227,0.8561401279977261,0.23076923076923078,0.9325366,0.922896127890698
WLGMUSSUKSLCAB,CHEMBL3638592,CHEMBL3706089,1,0.24210526315789474,0.6332078,0.683467858820994,0.25263157894736843,0.84881294,0.7485204626331731,0.24210526315789474,0.8031219,0.9435341539716944
WLHRCVDODYFTBL,CHEMBL3638644,CHEMBL3705655,1,0.36,0.9586136,0.9950298741635096,0.5324675324675324,0.98156196,0.9617292715724616,0.5324675324675324,0.97395563,0.9525432564822343
WLMQBKKPSKWJEQ,CHEMBL3638997,CHEMBL3705850,1,0.21951219512195122,0.8307127,0.48568471609379144,0.21951219512195122,0.8302355,0.8013261563196592,0.1951219512195122,0.75974005,0.9822194444727319
WLYIDVRUQGGLFL,CHEMBL5543164,CHEMBL5548923,1,0.6607142857142857,0.9992525,0.9999580960872946,0.6607142857142857,0.9988117,0.9999843590227052,0.6545454545454545,0.999084,0.9999146795264601
WMHGFJMAIKSUNK,CHEMBL5370564,CHEMBL5372078,1,0.35,0.91524273,0.9803256984211165,0.35,0.96503764,0.7839174163686282,0.35,0.95068246,0.9831599386583112
WMHJLJSPDADNGQ,CHEMBL5528042,CHEMBL5529686,0,0.23469387755102042,0.937446,0.6878641166310973,0.24509803921568626,0.93800294,0.9934503863453295,0.24444444444444444,0.85163015,0.9374870388610768
WMMJZVSXILOMRC,CHEMBL4251704,CHEMBL4255944,1,0.1839080459770115,0.7672376,0.9804538125163299,0.1839080459770115,0.69692737,0.9979211667163356,0.1839080459770115,0.52825576,0.9994123321852653
WMMLKKGPJOYBMU,CHEMBL3639211,CHEMBL3706278,1,0.1875,0.4013317,0.43246989313081946,0.1875,0.48045227,0.6644523090057757,0.1875,0.24348468,0.052402289357619855
WMOMDLULDCLWSU,CHEMBL5726558,CHEMBL5732909,1,0.4027777777777778,0.91523623,0.9864520262291708,0.4027777777777778,0.92487246,0.9991381837223284,0.3717948717948718,0.90808797,0.9696038728066706
WMUSVQYISLQOOI,CHEMBL3638592,CHEMBL3706089,1,0.2289156626506024,0.8830521,0.9898222065360239,0.2289156626506024,0.93500376,0.9764584126501534,0.2289156626506024,0.8974166,0.963530973142836
WNIFYZIWAZCZHF,CHEMBL3639133,CHEMBL3706375,1,0.23809523809523808,0.60957587,0.7737069544736319,0.23809523809523808,0.6960109,0.6393205920182723,0.23809523809523808,0.5163622,0.9328880521013417
WNNZGNFRCCEMLI,CHEMBL3638644,CHEMBL3705655,1,0.3300970873786408,0.87943345,0.997850073204058,0.5365853658536586,0.9417553,0.8205229604076729,0.5365853658536586,0.8826781,0.8671341783163415
WNXLWTJPPPCZQB,CHEMBL3638592,CHEMBL3706089,1,0.2988505747126437,0.9601229,0.8947857107107431,0.2988505747126437,0.97125804,0.9564835184167767,0.24444444444444444,0.9871573,0.9877748705969767
WOCXCOUVAZGZNW,CHEMBL3638997,CHEMBL3705850,1,0.21875,0.5309425,0.15341770234092372,0.21875,0.47938344,0.6391276680501919,0.2289156626506024,0.64164525,0.9744826009180604
WOMZEPGGVURQNJ,CHEMBL3638592,CHEMBL3706089,1,0.22857142857142856,0.9012545,0.9713600223746736,0.22857142857142856,0.9224227,0.9561788959497011,0.22857142857142856,0.87011886,0.9892937730445267
WONCJOCQAKRPOM,CHEMBL3638644,CHEMBL3705655,1,0.35714285714285715,0.99232715,0.9999874363464735,0.3614457831325301,0.99572104,0.9998853201562323,0.3614457831325301,0.99532664,0.9999854030522519
WPFCVJDCVIKHGS,CHEMBL5543164,CHEMBL5548923,1,0.6981132075471698,0.99728537,0.9999791291158691,0.6981132075471698,0.9980563,0.9999852746678002,0.6981132075471698,0.99787474,0.9999554645614364
WPKCXIBHOZSFMI,CHEMBL3638997,CHEMBL3705850,1,0.23170731707317074,0.27146316,0.28161754255801136,0.23170731707317074,0.6201955,0.884991844815973,0.2222222222222222,0.5622094,0.9284676334886015
WPOULWQDICXWCJ,CHEMBL3639211,CHEMBL3706278,1,0.2,0.65270907,0.7542441803619996,0.2,0.7547991,0.9644346647124771,0.2,0.767281,0.8778288456255978
WPTBSQRDUCGUSP,CHEMBL4251704,CHEMBL4255944,1,0.20689655172413793,0.59985125,0.9711097287108842,0.20689655172413793,0.5976186,0.997329117347391,0.20689655172413793,0.53242934,0.9993074202498675
WPVJZZMEAKIEQW,CHEMBL3638592,CHEMBL3706089,1,0.2413793103448276,0.8166948,0.8117830111975066,0.24,0.8641323,0.8860025824192993,0.2413793103448276,0.8621548,0.9790106400000635
WQOKUICYKHMDQJ,CHEMBL3638997,CHEMBL3705850,1,0.23076923076923078,0.5534643,0.2955747789545084,0.23076923076923078,0.7047527,0.5451199734908698,0.20652173913043478,0.686513,0.969954423161951
WQVKUISGLCXFCW,CHEMBL1255226,CHEMBL1261684,1,0.25,0.7893587,0.34702174589730456,0.25,0.6984279,0.9891331842607268,0.25,0.24288304,0.44162832844564975
WQWASHFUTNDNNG,CHEMBL3638592,CHEMBL3706089,1,0.2604166666666667,0.60839415,0.9299867256203838,0.2604166666666667,0.7229672,0.9580044772900808,0.2604166666666667,0.698927,0.9734555820951225
WQZXQLKTMMORSF,CHEMBL3639133,CHEMBL3706375,1,0.16901408450704225,0.2416378,0.07566019459184997,0.16901408450704225,0.28142428,0.17530609350247,0.16901408450704225,0.43261853,0.373491897220395
WRBWQVLDGMRDIL,CHEMBL4725466,CHEMBL4731424,1,0.5576923076923077,0.7871664,0.8486861540971385,0.5576923076923077,0.84230673,0.5998644038627755,0.5576923076923077,0.84151536,0.43487916781933045
WRDDAEKBXHIFAY,CHEMBL3638592,CHEMBL3706089,1,0.25,0.416096,0.7802956619397988,0.25,0.6031085,0.9811404551531139,0.25,0.45555273,0.9869234620533589
WRDSMTOVBJAFPI,CHEMBL4251704,CHEMBL4255944,1,0.20930232558139536,0.5610357,0.8894783923973786,0.20930232558139536,0.39239922,0.9610323243139097,0.20930232558139536,0.16589253,0.9964464404723994
WRDSMTOVBJAFPI,CHEMBL4251704,CHEMBL4255949,1,0.20930232558139536,0.5610357,0.8894783923973786,0.20930232558139536,0.39239922,0.9610323243139097,0.20930232558139536,0.16589253,0.9964464404723994
WRIOYNDJNJAXMC,CHEMBL3638644,CHEMBL3705655,1,0.375,0.72202563,0.9888458537460996,0.5301204819277109,0.877171,0.9691305410545805,0.5301204819277109,0.8479259,0.9951933143590511
WRLZULJMEXPIHS,CHEMBL3638592,CHEMBL3706089,1,0.26595744680851063,0.8503015,0.14655855634064166,0.25274725274725274,0.9320168,0.13463596769932154,0.26595744680851063,0.9679776,0.9017185764159775
WRWNEQAYJQFZBU,CHEMBL3638592,CHEMBL3706089,1,0.24175824175824176,0.8892265,0.8502902498042073,0.24175824175824176,0.89385,0.7822812254418605,0.24175824175824176,0.7146252,0.9202711759364743
WRZJWDKMFQMSHP,CHEMBL5108059,CHEMBL5112157,1,0.22535211267605634,0.86646545,0.554020677810974,0.22535211267605634,0.83458006,0.9679537441368381,0.22535211267605634,0.4113956,0.6382211550006304
WSCWUIMSZAZLLP,CHEMBL3638644,CHEMBL3705655,1,0.3950617283950617,0.9818693,0.9992449071257351,0.4,0.9838991,0.9973527419134927,0.4,0.98251307,0.9989848610093084
WSCZIMXOSDSOBX,CHEMBL3638592,CHEMBL3706089,1,0.2777777777777778,0.8955166,0.6548890064759301,0.3118279569892473,0.9500858,0.707410575687648,0.3118279569892473,0.9577157,0.941839411569085
WSKBYVJBUBMTNU,CHEMBL4808220,CHEMBL4810527,1,0.45714285714285713,0.1824793,0.17721634068668632,0.45714285714285713,0.1907556,0.05669869382321173,0.45714285714285713,0.16285048,0.008477895592839003
WSMXFVZCUKPSTO,CHEMBL3638592,CHEMBL3706089,1,0.24489795918367346,0.95450044,0.9754246049764694,0.24489795918367346,0.96676487,0.9775818940062092,0.24489795918367346,0.9516542,0.9912970287732022
WSQASKQHPDRTHP,CHEMBL3407414,CHEMBL3413521,1,0.5662650602409639,0.9966421,0.9999760239357067,0.48717948717948717,0.9988669,0.999948231994168,0.5662650602409639,0.9990952,0.9999898977461263
WSUQCYUTOFLIDY,CHEMBL4364276,CHEMBL4366252,1,0.20212765957446807,0.7024401,0.9986374919162778,0.20212765957446807,0.586823,0.9667513996313867,0.20212765957446807,0.16850336,0.9943231833801289
WTFBJKSOBKLYMD,CHEMBL3638997,CHEMBL3705850,0,0.2222222222222222,0.82363015,0.13871322895691005,0.2222222222222222,0.85592335,0.4304392958257449,0.2375,0.95783854,0.9846513135327011
WTSDUVPALLLEIC,CHEMBL5729432,CHEMBL5738687,0,0.27906976744186046,0.789041,0.873095413682263,0.27906976744186046,0.7942356,0.9669000613457897,0.27906976744186046,0.8067516,0.9993115030840796
WTZBKPPOAGVOMK,CHEMBL3638592,CHEMBL3706089,1,0.21348314606741572,0.89643985,0.666529786265096,0.21348314606741572,0.8915971,0.9017833120866375,0.21348314606741572,0.78570074,0.980968878176708
WUFBGKKFGIZAEJ,CHEMBL3639133,CHEMBL3706375,1,0.25,0.94994986,0.9910533518280676,0.24761904761904763,0.9371346,0.8964294667175646,0.25,0.9542364,0.9888496621042004
WUPAMXPGAGXOBC,CHEMBL3112582,CHEMBL3116931,1,0.22093023255813954,0.6802841,0.6709240929257702,0.22093023255813954,0.5570861,0.8504695847253599,0.22093023255813954,0.32632053,0.9686719450445296
WUWPSOSXPIEVLM,CHEMBL3638644,CHEMBL3705655,1,0.29906542056074764,0.84166473,0.9876667518192798,0.5238095238095238,0.91876227,0.9278700674178659,0.5238095238095238,0.87671745,0.9931552300414074
WVEITDZFTWWPRV,CHEMBL5108059,CHEMBL5112157,1,0.3076923076923077,0.8434657,0.5079841015517332,0.3076923076923077,0.98574114,0.9932792509458378,0.3076923076923077,0.9516683,0.9992935994595268
WVFYKPHMSAZPQO,CHEMBL2346597,CHEMBL2352069,1,0.26595744680851063,0.7983207,0.9415205778339937,0.26595744680851063,0.841097,0.9462305721604417,0.25555555555555554,0.94283557,0.9643696872649299
WVFYKPHMSAZPQO,CHEMBL5214923,CHEMBL5216205,0,0.26595744680851063,0.7983207,0.9415205778339937,0.26595744680851063,0.841097,0.9462305721604417,0.25555555555555554,0.94283557,0.9643696872649299
WVHOELHMCDQTOF,CHEMBL4819087,CHEMBL4821861,0,0.22857142857142856,0.0024666698,0.048334245342619805,0.22857142857142856,0.0033114024,0.043580065875327714,0.22857142857142856,0.002418537,0.047947233003189725
WVIGPWILBFHYMN,CHEMBL3638644,CHEMBL3705655,1,0.3402061855670103,0.9151707,0.9937942351983473,0.38372093023255816,0.9464641,0.989957612099588,0.38372093023255816,0.924618,0.9980030093610757
WVQAYYXEHSYYOL,CHEMBL3639211,CHEMBL3706278,1,0.19791666666666666,0.9675425,0.9870877578415249,0.19791666666666666,0.9709783,0.9863869449992901,0.19791666666666666,0.9441971,0.9504570423553818
WVQDPUYPSMBBFO,CHEMBL3638997,CHEMBL3705850,1,0.24210526315789474,0.7924831,0.16194901102443218,0.24210526315789474,0.8380233,0.5951369794655488,0.24210526315789474,0.86328787,0.9715814057125581
WVSLRWFLPGLENR,CHEMBL3585315,CHEMBL3587365,1,0.23809523809523808,0.9658165,0.9894177373877201,0.23809523809523808,0.90484303,0.9954687544299701,0.23595505617977527,0.9866375,0.993630121612314
WVWCYHSGYVJLFN,CHEMBL3638644,CHEMBL3705655,1,0.3068181818181818,0.9284257,0.9871419637439363,0.52,0.94796973,0.603485808826564,0.52,0.9241217,0.9796858126483153
WVYUSTWIPRJJIC,CHEMBL1759974,CHEMBL1763561,0,0.2391304347826087,0.45191017,0.4493921777352477,0.2391304347826087,0.8889581,0.7246102351525456,0.2391304347826087,0.75834,0.9271078841739239
WWGLMECIYGTMLD,CHEMBL3638644,CHEMBL3705655,1,0.3375,0.9309279,0.9797074478787758,0.39473684210526316,0.94334185,0.6933290477145092,0.39473684210526316,0.9280491,0.9827537880934676
WWZQMWJGKGAIBX,CHEMBL3638541,CHEMBL3706289,0,0.26582278481012656,0.1022706,0.3911782359184309,0.26582278481012656,0.13432287,0.9708730448692894,0.24444444444444444,0.13555,0.9060774127323202
WXDLOWLGVGDXFO,CHEMBL3638592,CHEMBL3706089,1,0.24242424242424243,0.9142879,0.5054917043271705,0.22727272727272727,0.97196186,0.9870889377134872,0.22580645161290322,0.9185175,0.9553433144317282
WXJHQJVEUDYPFR,CHEMBL3616407,CHEMBL3620381,1,0.25,0.9963593,0.9997282066808395,0.25,0.9988526,0.9981107014216449,0.25,0.9949503,0.9944537881364285
WXLZNCZQDHKHEF,CHEMBL3638592,CHEMBL3706089,1,0.25,0.61381626,0.3825859993401363,0.25,0.77283543,0.7300691453061797,0.25,0.652937,0.8017330790808667
WXMPWFHLFPZCNL,CHEMBL3638644,CHEMBL3705655,1,0.31,0.92090285,0.9953529153484838,0.40217391304347827,0.919631,0.9829006285181322,0.40217391304347827,0.975116,0.9971095969850345
WXPTUZRLFATACY,CHEMBL4138149,CHEMBL4141549,1,0.5671641791044776,0.99899894,0.9999685912209995,0.5671641791044776,0.9987155,0.9999156980993821,0.5,0.996819,0.9999663979725028
WXSMEPYWUUUTDX,CHEMBL4364276,CHEMBL4366252,1,0.1956521739130435,0.59919524,0.9979665853612866,0.1956521739130435,0.51842004,0.9190361144058801,0.1956521739130435,0.13654003,0.99533734985608
WZBGLJDIMHSZSF,CHEMBL3639133,CHEMBL3706375,1,0.21100917431192662,0.69669455,0.166283583764737,0.21100917431192662,0.80644214,0.29984141418800203,0.21100917431192662,0.77198434,0.7651072184368078
WZDLLWUKMJOVAK,CHEMBL5046253,CHEMBL5047787,1,0.7272727272727273,0.9997602,0.9999664817498234,0.7272727272727273,0.9998634,0.9999282464801353,0.7272727272727273,0.9998,0.9998425708810923
WZEZMQSUECVJQB,CHEMBL3639133,CHEMBL3706375,1,0.26136363636363635,0.8927151,0.9878104816238422,0.25742574257425743,0.8598034,0.9818992804626921,0.26136363636363635,0.877924,0.9850953964882626
WZIMLSCNFROYSU,CHEMBL3638644,CHEMBL3705655,1,0.36082474226804123,0.96951205,0.9594643744394444,0.4823529411764706,0.964797,0.947622376473574,0.4823529411764706,0.9772461,0.9898756583209353
WZIOHGSMWQVWIY,CHEMBL1255226,CHEMBL1261684,1,0.22727272727272727,0.9609458,0.3843718025142113,0.22727272727272727,0.9746062,0.9974023494095126,0.22727272727272727,0.9262503,0.626415819752423
WZJYZPZIYNSOJD,CHEMBL3639211,CHEMBL3706278,1,0.1836734693877551,0.8161686,0.959642829609439,0.18518518518518517,0.8763553,0.681679868566116,0.18518518518518517,0.7403238,0.2591147195448506
WZONDMPQOSFVCH,CHEMBL3638592,CHEMBL3706089,1,0.25,0.97465706,0.9067332601638887,0.2828282828282828,0.98699296,0.9654678273958597,0.2857142857142857,0.9908285,0.9952133282452206
WZPUINHNJNRFBN,CHEMBL6087433,CHEMBL6088976,1,0.3010752688172043,0.9901822,0.9749000579160857,0.3010752688172043,0.99467367,0.9847290242194423,0.3010752688172043,0.9963947,0.9999313627892629
WZPUINHNJNRFBN,CHEMBL6087433,CHEMBL6088977,0,0.3010752688172043,0.9901822,0.9749000579160857,0.3010752688172043,0.99467367,0.9847290242194423,0.3010752688172043,0.9963947,0.9999313627892629
WZVOIIUHCRXKDW,CHEMBL3638644,CHEMBL3705655,1,0.32098765432098764,0.7288359,0.9585126845710243,0.3793103448275862,0.80982476,0.9602994158025177,0.3793103448275862,0.9254299,0.9894863855630731
WZYQUZBPWWOXML,CHEMBL5500428,CHEMBL5505639,0,0.2692307692307692,0.57406914,0.9868623536100859,0.2692307692307692,0.54345375,0.9957020739875545,0.24731182795698925,0.5978517,0.9956052403743942
XAEYPAFAQKJQKG,CHEMBL3638644,CHEMBL3705655,1,0.32608695652173914,0.9756503,0.8861759473042556,0.38823529411764707,0.9732423,0.5691162602704125,0.38823529411764707,0.96108276,0.9743493898293583
XAFXNPKHQIFGNA,CHEMBL3638592,CHEMBL3706089,1,0.26262626262626265,0.7585573,0.6610791473988284,0.22772277227722773,0.87826806,0.7335246442134232,0.22772277227722773,0.80353224,0.4552384700732781
XAMCSULWLMFXNB,CHEMBL3638592,CHEMBL3706089,1,0.23469387755102042,0.8810919,0.9376017598142958,0.23469387755102042,0.93882114,0.9771155487556994,0.23469387755102042,0.87257135,0.9763670513176863
XAQGTBDURFAHOJ,CHEMBL5108059,CHEMBL5112157,1,0.3013698630136986,0.6733903,0.2717804934278991,0.3013698630136986,0.69786024,0.7832735281003305,0.3013698630136986,0.20429489,0.11253566905347571
XAWLALAXHIWREN,CHEMBL3638997,CHEMBL3705850,1,0.25316455696202533,0.5601102,0.8923016495407253,0.25316455696202533,0.65110815,0.9571351497758708,0.19753086419753085,0.5069226,0.9665530331614517
XAWQSSUTYKADRI,CHEMBL5370564,CHEMBL5372078,1,0.3434343434343434,0.833833,0.9958843198095446,0.3434343434343434,0.9435009,0.9696041665499741,0.3434343434343434,0.89211017,0.9916932886793491
XAXNUXGEADQDBY,CHEMBL5506030,CHEMBL5510347,1,0.3409090909090909,0.9830443,0.9840076960928723,0.3409090909090909,0.99346524,0.9963830397056989,0.3409090909090909,0.99407935,0.9998103164350084
XBEYLZRJZJZHBV,CHEMBL3638592,CHEMBL3706089,1,0.24489795918367346,0.90048265,0.21815871084981897,0.24489795918367346,0.9648089,0.7006441177799053,0.24489795918367346,0.9731914,0.9753686321619748
XBTVLQSGUDFJIU,CHEMBL5500428,CHEMBL5505639,0,0.24210526315789474,0.20357877,0.03834624178782021,0.24210526315789474,0.28480682,0.2850268504346965,0.24210526315789474,0.30901605,0.08830860795659358
XCQSMNZRJWXVNH,CHEMBL5046253,CHEMBL5047787,1,0.6451612903225806,0.9998977,0.999980781674836,0.6451612903225806,0.9999211,0.9999330983755093,0.6451612903225806,0.9998185,0.9999382970468408
XCRFBBDNAKXYMC,CHEMBL4819087,CHEMBL4821861,0,0.19696969696969696,0.03166847,0.08399882920721602,0.19696969696969696,0.021887515,0.2844894013897798,0.175,0.017352631,0.046331455092352175
XCXIIVVDQFXLEN,CHEMBL3576869,CHEMBL3579762,1,0.19469026548672566,0.5160169,0.7253311735264714,0.18181818181818182,0.5142506,0.9876146417106342,0.19469026548672566,0.15056032,0.995283239086574
XCYCFPLMANGNRK,CHEMBL3638592,CHEMBL3706089,1,0.20491803278688525,0.93693,0.990007699536745,0.20491803278688525,0.96393824,0.9962862749753344,0.19791666666666666,0.864229,0.999649412157853
XDJOFARUBVHYGE,CHEMBL1772963,CHEMBL1777505,0,0.775,0.9996196,0.9987451800414112,0.775,0.9998167,0.9986041012692021,0.775,0.99959034,0.9995825465878317
XDLYKKIQACFMJG,CHEMBL3351642,CHEMBL3380578,1,0.27586206896551724,0.9544814,0.8627496964451653,0.2621359223300971,0.8991479,0.9926137094643156,0.2621359223300971,0.93387884,0.9464068979152311
XDLYKKIQACFMJG,CHEMBL5223150,CHEMBL5225443,1,0.27586206896551724,0.9544814,0.8627496964451653,0.2621359223300971,0.8991479,0.9926137094643156,0.2621359223300971,0.93387884,0.9464068979152311
XDRMNEHXXCSJDU,CHEMBL3638592,CHEMBL3706089,1,0.22772277227722773,0.9071617,0.7933862136527873,0.22340425531914893,0.93671113,0.8837314836146828,0.22340425531914893,0.84876126,0.9702183741201201
XDXZHIQVJAQRGY,CHEMBL5046253,CHEMBL5047787,1,0.6379310344827587,0.99908984,0.9999888736943718,0.6379310344827587,0.99953043,0.999929346846574,0.6461538461538462,0.9987476,0.9999808116221859
XDZQUDSFDVBLAQ,CHEMBL4049442,CHEMBL4051856,1,0.30952380952380953,0.84271157,0.968007808778478,0.35714285714285715,0.68975544,0.8003647454306294,0.35714285714285715,0.8282511,0.9473120085770657
XEHKSPDBEPTVLK,CHEMBL1255226,CHEMBL1261684,1,0.24444444444444444,0.5395677,0.17354423730913413,0.2549019607843137,0.49521592,0.9871434308347453,0.2549019607843137,0.09305674,0.4299893992005459
XEJJHXZREQWBIF,CHEMBL5046253,CHEMBL5047787,1,0.6666666666666666,0.99921846,0.9999900507853462,0.6666666666666666,0.99976164,0.9999559046986094,0.6666666666666666,0.9991136,0.9999808042006079
XERAPRDIVOHDHF,CHEMBL3638644,CHEMBL3705655,1,0.29523809523809524,0.96115124,0.9769057791016014,0.6891891891891891,0.95756006,0.8746446688729768,0.6891891891891891,0.9733723,0.9839133011019695
XEVSZKHCEQKQQL,CHEMBL4819017,CHEMBL4820258,1,0.176,0.9967303,0.9969329543622995,0.17525773195876287,0.99176896,0.9999733278642509,0.176,0.9676546,0.9997207959912761
XEZXTGPKDIDEDJ,CHEMBL4020805,CHEMBL4022584,1,0.5633802816901409,0.9948836,0.9999740514442389,0.5633802816901409,0.984695,0.9999794753938063,0.5633802816901409,0.98875123,0.99995078935466
XFKOXIGTBKSZKN,CHEMBL5137017,CHEMBL5138978,0,0.3103448275862069,0.9944008,0.986404049596621,0.3103448275862069,0.9940487,0.9888588116655895,0.3103448275862069,0.9923779,0.9934045100062762
XFKYLRMOYBXHIP,CHEMBL3639211,CHEMBL3706278,1,0.19767441860465115,0.73315793,0.9132769721596442,0.19767441860465115,0.7388856,0.8566617789555142,0.19767441860465115,0.3686267,0.7057008013332001
XFLQIDCVPAHZJG,CHEMBL3639133,CHEMBL3706375,1,0.22727272727272727,0.5818909,0.9887833907976148,0.22727272727272727,0.70022285,0.9950991059003409,0.22727272727272727,0.7915672,0.9991769074070093
XFMJCZROEBRWTB,CHEMBL5500428,CHEMBL5505639,0,0.22972972972972974,0.8785017,0.9914553536037515,0.23684210526315788,0.8570013,0.9984665822526135,0.23684210526315788,0.8616391,0.9947796775039394
XFPYMWIXBOVFON,CHEMBL5729432,CHEMBL5738687,1,0.36231884057971014,0.9279686,0.7737025521421398,0.36231884057971014,0.92937946,0.5113506671731536,0.36231884057971014,0.91442734,0.9259606343092116
XGEKUVWMLVBGDP,CHEMBL3638644,CHEMBL3705655,1,0.3375,0.7081843,0.9985663135216156,0.3375,0.8083632,0.9927959351211809,0.3375,0.8600727,0.9969328667993156
XGOBTUFFIBPRCP,CHEMBL1255226,CHEMBL1261684,1,0.21100917431192662,0.8901001,0.714935265193151,0.23423423423423423,0.8383668,0.9979249260126651,0.23423423423423423,0.52143234,0.9682661168810088
XGSXMQJMEFCWPF,CHEMBL3638997,CHEMBL3705850,1,0.2,0.7037731,0.4880532861905291,0.2,0.64278597,0.5694206136378097,0.2,0.70560735,0.9756520680989683
XHEWIFYHLLSPMU,CHEMBL3639211,CHEMBL3706278,1,0.18584070796460178,0.7251163,0.675121910273975,0.18584070796460178,0.8258449,0.5134027101470728,0.1836734693877551,0.50228834,0.05400784024738832
XHNKFGYYGPLYPT,CHEMBL4477207,CHEMBL4478189,0,0.2222222222222222,0.43667108,0.13762306598590765,0.2222222222222222,0.65315,0.9936957970468582,0.2222222222222222,0.5655791,0.9566612735607267
XHNOMXWHDQWEPR,CHEMBL5729432,CHEMBL5738687,0,0.3333333333333333,0.9404536,0.9987737686209965,0.3333333333333333,0.9816503,0.9969999356950939,0.3333333333333333,0.9584009,0.99931319228196
XHNQLAHRCZNLNB,CHEMBL3638644,CHEMBL3705655,1,0.2967032967032967,0.9782774,0.9901332840888348,0.5064935064935064,0.98781747,0.9827020677214031,0.5064935064935064,0.98062813,0.9968241685706573
XIGIJFUSWMTGMS,CHEMBL4049442,CHEMBL4051856,1,0.5151515151515151,0.9872645,0.9937480579981196,0.5151515151515151,0.9861097,0.9923467342551006,0.5151515151515151,0.9860454,0.9985495860683854
XIMXXYLPAYTZQO,CHEMBL3639133,CHEMBL3706375,1,0.30120481927710846,0.892522,0.9945485187730739,0.30120481927710846,0.8324025,0.9955925165186874,0.30120481927710846,0.85398775,0.9998169272375778
XIQOYYIJMBJMPH,CHEMBL3638592,CHEMBL3706089,1,0.26436781609195403,0.8765562,0.9705488059895229,0.26436781609195403,0.93347555,0.9767597746762879,0.26436781609195403,0.9365088,0.9935087488929608
XISVSTPEXYIKJL,CHEMBL5500428,CHEMBL5505639,0,0.21052631578947367,0.8041734,0.3586984329218568,0.21052631578947367,0.8371222,0.928127492850632,0.21052631578947367,0.8940368,0.9281217777245442
XITDUDYYAZYCHU,CHEMBL5729706,CHEMBL5739310,1,0.19318181818181818,0.11943254,0.27461238878288136,0.19318181818181818,0.07313527,0.7208745214277384,0.19318181818181818,0.08383972,0.11927885988022933
XIVYHESFJUDZRD,CHEMBL3638644,CHEMBL3705655,1,0.34408602150537637,0.9649097,0.9999363463006827,0.36363636363636365,0.98994094,0.9997252106771488,0.36363636363636365,0.9890698,0.9999602286888968
XIYLXGUWKRQALC,CHEMBL3638592,CHEMBL3706089,1,0.18055555555555555,0.23880513,0.9969944279037732,0.18055555555555555,0.30429804,0.9955108330229002,0.18055555555555555,0.3921186,0.9994267280086304
XJAMMCJJHKRZCB,CHEMBL3639133,CHEMBL3706375,1,0.23157894736842105,0.88074154,0.49507658733438187,0.23157894736842105,0.88434535,0.704216066343269,0.23157894736842105,0.91473675,0.9770388884548129
XJDISKLIAOIKHD,CHEMBL5729432,CHEMBL5738687,0,0.35802469135802467,0.9324141,0.9955987103949503,0.35802469135802467,0.9808559,0.9952291225763085,0.35802469135802467,0.98817456,0.9983121761823235
XJMWHSPFPSLRJK,CHEMBL4680347,CHEMBL4689247,1,0.390625,0.5832786,0.795668958952722,0.390625,0.61945295,0.9623883951779375,0.390625,0.71500784,0.9985983871594653
XJWWNFLIZMMBDP,CHEMBL4819087,CHEMBL4821861,0,0.2,0.07260732,0.013325567010304315,0.2,0.08675387,0.002857727891026085,0.2,0.036611993,0.009584493143465414
XKBBPJOXPAOMEF,CHEMBL3638541,CHEMBL3706289,1,0.21686746987951808,0.19988233,0.9974875792180895,0.21686746987951808,0.432632,0.9860446260526882,0.20481927710843373,0.16932438,0.988370301238784
XKFVRWJKNIZZJD,CHEMBL3638997,CHEMBL3705850,1,0.2597402597402597,0.81750345,0.6515069276379638,0.2597402597402597,0.7475611,0.5359237721517017,0.21951219512195122,0.77267253,0.9639376595417628
XKJHKNUPANXIAI,CHEMBL3638644,CHEMBL3705655,1,0.3333333333333333,0.96971244,0.9960700317927542,0.4578313253012048,0.9822713,0.993973747704808,0.4578313253012048,0.9825456,0.9986349836825044
XKQWUBPQPZBRPQ,CHEMBL4808220,CHEMBL4810527,1,0.34444444444444444,0.9607098,0.7366532275161358,0.43529411764705883,0.9553161,0.07833810246886636,0.34444444444444444,0.9639293,0.012955277217227813
XLBIOUYBELFEDJ,CHEMBL3638592,CHEMBL3706089,1,0.2413793103448276,0.96072084,0.9832199390013826,0.2413793103448276,0.9806255,0.9925061496498766,0.2413793103448276,0.9846505,0.995043810545236
XLHIRLDDKVWCNU,CHEMBL4350972,CHEMBL4352821,0,0.20833333333333334,0.5117234,0.07698844997514159,0.20833333333333334,0.63707465,0.9530202901928595,0.20833333333333334,0.2322953,0.5061676989491596
XLORDGDRIZUVTR,CHEMBL3638592,CHEMBL3706089,1,0.25,0.07778739,0.49539508036194935,0.25,0.07698049,0.43037114896517903,0.25,0.09433355,0.5768815067870838
XLPZMZCPJRGJNA,CHEMBL3112406,CHEMBL3116603,0,0.21505376344086022,0.7892127,0.9999614220131628,0.20833333333333334,0.9036311,0.9997971106736202,0.20833333333333334,0.8137337,0.9999481297034352
XLXZVGQNDZBHPJ,CHEMBL3638592,CHEMBL3706089,1,0.2835820895522388,0.61736983,0.8861378973031004,0.2835820895522388,0.8135496,0.9975253554200738,0.2835820895522388,0.7420071,0.9806570034523848
XMBTYCKMMPGSCG,CHEMBL6087433,CHEMBL6088976,1,0.27956989247311825,0.9954802,0.9998592359394028,0.27956989247311825,0.9984798,0.9999487507614836,0.27956989247311825,0.9988501,0.9999659745046413
XMBTYCKMMPGSCG,CHEMBL6087433,CHEMBL6088977,1,0.27956989247311825,0.9954802,0.9998592359394028,0.27956989247311825,0.9984798,0.9999487507614836,0.27956989247311825,0.9988501,0.9999659745046413
XMSAQWGCXOPTDP,CHEMBL4680347,CHEMBL4689247,1,0.34285714285714286,0.52616405,0.8435646255784452,0.34285714285714286,0.6453194,0.9654427719783824,0.34285714285714286,0.72891355,0.9991903826904017
XMXAXBIESVYSIC,CHEMBL5729706,CHEMBL5739310,1,0.18947368421052632,0.33453888,0.1402601088272125,0.18947368421052632,0.22494894,0.3516518448956255,0.1839080459770115,0.22126131,0.2277644705094528
XMXCGERRKORXFB,CHEMBL1255226,CHEMBL1261684,1,0.24242424242424243,0.8655995,0.3451280521877076,0.22857142857142856,0.85201395,0.9918108035043088,0.24242424242424243,0.7005276,0.5736556755388258
XNBLOPAXLWLHBP,CHEMBL3286093,CHEMBL3291527,1,0.22535211267605634,0.703373,0.10320570261100162,0.22535211267605634,0.72013795,0.22406400719931244,0.22535211267605634,0.5791311,0.0988944072230006
XNCBZHNIYVATFV,CHEMBL4020823,CHEMBL4023016,1,0.3409090909090909,0.9568731,0.5764004816325331,0.3409090909090909,0.95572627,0.9854647730026851,0.3409090909090909,0.88569504,0.8637440814747227
XNIBTZJXDGWWMJ,CHEMBL3638644,CHEMBL3705655,1,0.4155844155844156,0.9574093,0.9794652159490808,0.4155844155844156,0.974018,0.9861423906209696,0.4155844155844156,0.9848877,0.9989122159430057
XNIWRSMSMQKNGJ,CHEMBL3638592,CHEMBL3706089,1,0.23529411764705882,0.7187871,0.5479788877368087,0.23529411764705882,0.77285326,0.9066134259723944,0.23529411764705882,0.72096163,0.9147817126735627
XNPFIXDDDAWTQC,CHEMBL3638644,CHEMBL3705655,1,0.2857142857142857,0.88078743,0.9737432245814062,0.6266666666666667,0.9252838,0.7726378692464193,0.6266666666666667,0.9026417,0.986469343315452
XNROJVKOPNURFQ,CHEMBL3638592,CHEMBL3706089,1,0.24444444444444444,0.6389268,0.48105282426661683,0.24096385542168675,0.6918011,0.7912791609584812,0.24096385542168675,0.49410602,0.6384358838545225
XNSYUZDNEFRBTM,CHEMBL3638644,CHEMBL3705655,1,0.34408602150537637,0.9680891,0.9897138806600555,0.6533333333333333,0.969373,0.9869687725623852,0.6533333333333333,0.98160374,0.9961176547441827
XNXZERDHSQROLO,CHEMBL3638644,CHEMBL3705655,1,0.32222222222222224,0.9729549,0.9936627174895996,0.3670886075949367,0.9802312,0.9879776810158846,0.3670886075949367,0.98553294,0.9988331303610766
XNYPDVUFXLGHQZ,CHEMBL3638592,CHEMBL3706089,1,0.2268041237113402,0.8860735,0.7843859536276496,0.2268041237113402,0.9443408,0.9147343063691888,0.2268041237113402,0.89272684,0.960980502097802
XNZHUSPWUDZFEF,CHEMBL3638592,CHEMBL3706089,1,0.27956989247311825,0.93140376,0.7704731537850318,0.27956989247311825,0.96860576,0.9348453461823799,0.24,0.9901945,0.9817788953813039
XOBVBAOBIUJKJW,CHEMBL3638592,CHEMBL3706089,1,0.30864197530864196,0.8687364,0.7861648158104383,0.30864197530864196,0.9301779,0.8359487318127341,0.30864197530864196,0.86650795,0.9609065753854272
XOBVOBIESOMNJO,CHEMBL3639133,CHEMBL3706375,1,0.25252525252525254,0.7150741,0.7736513620640134,0.25252525252525254,0.6686325,0.903473417417892,0.25252525252525254,0.65596974,0.9522940382233638
XOFRXUAVQZRRFK,CHEMBL3638592,CHEMBL3706089,1,0.23300970873786409,0.37470675,0.558985566906002,0.23300970873786409,0.5092824,0.71208442090237,0.23300970873786409,0.25105688,0.38000120851072977
XOMIZGULIHREBM,CHEMBL1759974,CHEMBL1763481,0,0.14130434782608695,0.42339808,0.7111898857861859,0.14130434782608695,0.6880876,0.6874083650654317,0.14130434782608695,0.5828186,0.8692422204825843
XOMIZGULIHREBM,CHEMBL1759974,CHEMBL1763561,1,0.14130434782608695,0.42339808,0.7111898857861859,0.14130434782608695,0.6880876,0.6874083650654317,0.14130434782608695,0.5828186,0.8692422204825843
XOUWSDVICNCAQJ,CHEMBL3638592,CHEMBL3706089,1,0.22105263157894736,0.9732152,0.8505993365522059,0.22105263157894736,0.98095036,0.8928017051192063,0.22105263157894736,0.95872754,0.9704232853115122
XOVOMIOHGLZGJN,CHEMBL1759974,CHEMBL1763481,1,0.2625,0.46195883,0.9926973714450771,0.2571428571428571,0.6828743,0.9982512100450043,0.2625,0.60566336,0.9995044467954354
XOVOMIOHGLZGJN,CHEMBL1759974,CHEMBL1763561,1,0.2625,0.46195883,0.9926973714450771,0.2571428571428571,0.6828743,0.9982512100450043,0.2625,0.60566336,0.9995044467954354
XPJOZESKXDPNDA,CHEMBL3638592,CHEMBL3706089,1,0.21,0.6683856,0.31817382665372124,0.22,0.8490951,0.6714619375025419,0.21,0.70804185,0.8434087865985666
XPJZTRCSYBTVAZ,CHEMBL3638541,CHEMBL3706289,1,0.29591836734693877,0.9977163,0.9997846912643639,0.29591836734693877,0.99854624,0.9993146878763358,0.29591836734693877,0.9956453,0.9998518610717003
XPLCDRVACNNQQT,CHEMBL1759974,CHEMBL1763481,1,0.14285714285714285,0.49826488,0.7581074299237184,0.14285714285714285,0.7698811,0.8077630956656996,0.13861386138613863,0.6817889,0.9660645979937789
XPLCDRVACNNQQT,CHEMBL1759974,CHEMBL1763561,1,0.14285714285714285,0.49826488,0.7581074299237184,0.14285714285714285,0.7698811,0.8077630956656996,0.13861386138613863,0.6817889,0.9660645979937789
XPMLKDLLDYDSBH,CHEMBL5726558,CHEMBL5732909,1,0.410958904109589,0.96369153,0.9672655005322933,0.4166666666666667,0.97982156,0.9856854850005149,0.4166666666666667,0.9893444,0.9979748359987664
XPXZUFMUVSDNTH,CHEMBL4725466,CHEMBL4731424,1,0.43283582089552236,0.995084,0.9999184147553424,0.43283582089552236,0.99493545,0.9991391541987866,0.43283582089552236,0.99206173,0.999651341097952
XQGSZTFWLXGLGS,CHEMBL4819017,CHEMBL4820258,1,0.19090909090909092,0.98403394,0.6107148114464582,0.19090909090909092,0.9571955,0.9244958868791572,0.17894736842105263,0.92069393,0.6088832652885513
XQLPJENHNDEWJH,CHEMBL3639163,CHEMBL3705287,1,0.20430107526881722,0.50484896,0.9939266135843308,0.20430107526881722,0.56924427,0.998158353391063,0.20430107526881722,0.47867134,0.9997070878763162
XQPKHRSBCBVPLK,CHEMBL1773044,CHEMBL1777163,1,0.5529411764705883,0.99413884,0.9998748923540186,0.5529411764705883,0.99687576,0.9998702762609443,0.5529411764705883,0.99824286,0.9999869689794902
XQPKHRSBCBVPLK,CHEMBL1773044,CHEMBL1777165,1,0.5529411764705883,0.99413884,0.9998748923540186,0.5529411764705883,0.99687576,0.9998702762609443,0.5529411764705883,0.99824286,0.9999869689794902
XQVOZOWDAHTMBB,CHEMBL4765397,CHEMBL4772815,0,0.4675324675324675,0.9999416,0.999938535219456,0.475,0.9998559,0.9999317386064991,0.4810126582278481,0.99983454,0.9999508612967665
XRBAVPJDXZRIKU,CHEMBL3638592,CHEMBL3706089,1,0.2413793103448276,0.96713555,0.9081253011230399,0.2413793103448276,0.9775258,0.9296422591342681,0.2413793103448276,0.94982046,0.9796290994414263
XRBLQTMXBRMMHE,CHEMBL3638592,CHEMBL3706089,1,0.23958333333333334,0.83681095,0.9585141805694698,0.2391304347826087,0.89680654,0.8991263403895249,0.2391304347826087,0.80125195,0.940032247450869
XRKYMMUGXMWDAO,CHEMBL4477207,CHEMBL4478189,0,0.28125,0.28218147,0.5667401075102065,0.43859649122807015,0.3183522,0.02631517803710048,0.43859649122807015,0.2201714,0.8904474260605556
XRYDURZFHOWGKN,CHEMBL3638997,CHEMBL3705850,1,0.23333333333333334,0.62844783,0.9970422808241364,0.23333333333333334,0.6194875,0.9965808385786957,0.23333333333333334,0.6221023,0.9996866197777061
XSKGTHOVNPOCHV,CHEMBL3638644,CHEMBL3705655,1,0.32608695652173914,0.9669757,0.9972119996525212,0.37037037037037035,0.97684973,0.9807759353310112,0.37037037037037035,0.96738595,0.99185248034516
XSQAJVDTZWOBMX,CHEMBL3585315,CHEMBL3587365,1,0.2073170731707317,0.90271586,0.041514459585059435,0.2073170731707317,0.9062266,0.8366870875150495,0.2073170731707317,0.93500555,0.976543712138307
XTEVOJBODQTKBU,CHEMBL5370564,CHEMBL5372078,1,0.3469387755102041,0.8978153,0.9819259100896756,0.3469387755102041,0.95489895,0.7959230544428699,0.3469387755102041,0.93031895,0.9831599386583112
XTFSJLJOOQXHKX,CHEMBL3638592,CHEMBL3706089,1,0.24731182795698925,0.6479608,0.431631787967986,0.25773195876288657,0.79864836,0.9037618660347119,0.24731182795698925,0.81869286,0.9500603782967335
XTXABAFHFAKGDD,CHEMBL1773044,CHEMBL1777163,1,0.550561797752809,0.9933728,0.9999574068656213,0.550561797752809,0.9970323,0.9999175334419411,0.550561797752809,0.9984158,0.9999813559998048
XTXABAFHFAKGDD,CHEMBL1773044,CHEMBL1777165,1,0.550561797752809,0.9933728,0.9999574068656213,0.550561797752809,0.9970323,0.9999175334419411,0.550561797752809,0.9984158,0.9999813559998048
XUCISDZBYITILP,CHEMBL3638644,CHEMBL3705655,1,0.37623762376237624,0.7916436,0.9643500102816741,0.37777777777777777,0.9184971,0.9784971200309935,0.37777777777777777,0.907763,0.9967231218640685
XUCPTAXSDZNKIF,CHEMBL3638644,CHEMBL3705655,1,0.3194444444444444,0.99299085,0.9996149798510372,0.5405405405405406,0.9946327,0.9906385136796587,0.5405405405405406,0.9886515,0.9977328097912698
XUDXTWYSTQRWQE,CHEMBL3639133,CHEMBL3706375,1,0.17391304347826086,0.72218525,0.9776754125651613,0.17391304347826086,0.6014501,0.9939265890182253,0.17391304347826086,0.68860376,0.9992664733313913
XUEJBBRTXBMNEU,CHEMBL4251704,CHEMBL4255944,1,0.20689655172413793,0.3610053,0.8523369153373712,0.20689655172413793,0.27060404,0.9536178357091281,0.20689655172413793,0.0906739,0.9956758181073659
XUQZQQUPKNHAKA,CHEMBL3638997,CHEMBL3705850,1,0.24324324324324326,0.6856897,0.5379262966854573,0.24324324324324326,0.6780416,0.8754116340096593,0.21621621621621623,0.56215584,0.9403492289100381
XUSCSXINJDCCGS,CHEMBL3638644,CHEMBL3705655,1,0.3119266055045872,0.96208185,0.9779647634870675,0.5714285714285714,0.9816397,0.9918349412099416,0.5714285714285714,0.97878784,0.9957190388504055
XUWBZTNMKJYVRD,CHEMBL3638592,CHEMBL3706089,1,0.2727272727272727,0.97921115,0.9987349645181918,0.3225806451612903,0.9919593,0.9987091220708467,0.32608695652173914,0.9973392,0.9994855994470319
XUXFQNOITDLBBL,CHEMBL3638592,CHEMBL3706089,1,0.2268041237113402,0.8663673,0.7068361836157325,0.22580645161290322,0.90862435,0.9852700785602178,0.2268041237113402,0.8914805,0.9938501138831372
XVCQFXJYGXGGGT,CHEMBL3638644,CHEMBL3705655,1,0.3246753246753247,0.64249486,0.9732841011258155,0.3855421686746988,0.7741843,0.9014047068901198,0.3855421686746988,0.89783645,0.9832404890892389
XVJNXINQULRUSZ,CHEMBL3638592,CHEMBL3706089,1,0.22105263157894736,0.7465702,0.7879089336730771,0.21951219512195122,0.7656858,0.7903172262991012,0.21951219512195122,0.5828802,0.9519781116005953
XVSLFABBEHQYLA,CHEMBL3638644,CHEMBL3705655,1,0.3163265306122449,0.83427507,0.9977324994129608,0.5945945945945946,0.9013917,0.9905777414640429,0.5945945945945946,0.8702854,0.9983157471024496
XVTCJJHISYARRY,CHEMBL3639211,CHEMBL3706278,1,0.23076923076923078,0.62737095,0.9735285771487386,0.23076923076923078,0.82678396,0.9756568907775276,0.23076923076923078,0.7532753,0.9913489409710776
XWGWUMITQBXYAT,CHEMBL3638644,CHEMBL3705655,1,0.3106796116504854,0.912431,0.9602582557569921,0.5308641975308642,0.9515338,0.98263036827262,0.5308641975308642,0.950667,0.9948793021519087
XWMZQMMELKTFFV,CHEMBL3638541,CHEMBL3706289,1,0.2222222222222222,0.63804007,0.9934511878982578,0.2222222222222222,0.71780217,0.9890844236872371,0.20238095238095238,0.5259946,0.9920295438332236
XWPVKPRAGKQVLD,CHEMBL3638541,CHEMBL3706289,1,0.2696629213483146,0.89122677,0.9899150546228619,0.2696629213483146,0.9363246,0.9610873563861507,0.25555555555555554,0.87029076,0.994738614435912
XWUCMYDWFRNEDL,CHEMBL3638997,CHEMBL3705850,1,0.23170731707317074,0.6743307,0.5472823200751031,0.23170731707317074,0.7353842,0.6717824269948982,0.20481927710843373,0.7490921,0.7569532261321771
XWXQXQKJVLFVES,CHEMBL3638592,CHEMBL3706089,1,0.2777777777777778,0.890594,0.4519833304054169,0.3118279569892473,0.9471076,0.6933305069410334,0.3118279569892473,0.95750046,0.944768490781133
XWYWJQBVFPHFCH,CHEMBL4020805,CHEMBL4022584,1,0.5362318840579711,0.99975544,0.9999918546031878,0.5362318840579711,0.99915576,0.9999905493966197,0.5079365079365079,0.9986998,0.9999859275312113
XXHQDTCHRHSKFO,CHEMBL3638592,CHEMBL3706089,1,0.24074074074074073,0.7340802,0.5840107706001167,0.24489795918367346,0.8946841,0.6657642854876715,0.24489795918367346,0.881754,0.9454211520577083
XXHQSBYZXVKKML,CHEMBL1944561,CHEMBL1949072,1,0.24468085106382978,0.32597443,0.788547181038631,0.27848101265822783,0.2806336,0.9717609050835415,0.27848101265822783,0.41782483,0.1921621781328774
XXPHLANAIMAVLZ,CHEMBL3638644,CHEMBL3705655,1,0.2840909090909091,0.858792,0.9776563195365007,0.28735632183908044,0.86599565,0.5903143312468332,0.28735632183908044,0.91997397,0.9856355753960128
XXPQVEVLUNXFRL,CHEMBL3638592,CHEMBL3706089,1,0.23157894736842105,0.7563236,0.937834182430512,0.23157894736842105,0.85674834,0.9138459218816306,0.23157894736842105,0.81450915,0.977820861120184
XXSIFYJRCMWAJI,CHEMBL5726558,CHEMBL5732909,1,0.3375,0.9773242,0.977639810148547,0.7285714285714285,0.97289354,0.997255025934205,0.7285714285714285,0.9851918,0.9968849709036385
XXTQNUUFXVHHHD,CHEMBL5500428,CHEMBL5505639,0,0.2631578947368421,0.45103058,0.4029087729916327,0.25510204081632654,0.41895747,0.645077909006769,0.2631578947368421,0.5600153,0.20260923463885086
XXVQUOSJLYEXMX,CHEMBL3638541,CHEMBL3706289,0,0.375,0.99043334,0.9980452896474323,0.375,0.98580325,0.9897525130512353,0.375,0.9566469,0.9982065107845458
XXWFFCFOQNPIOZ,CHEMBL3108735,CHEMBL3112126,1,0.6785714285714286,0.7055564,0.821158277506465,0.6785714285714286,0.22528791,0.21360573468915933,0.5932203389830508,0.6077135,0.9618257609782973
XYBKKUIKSLTIFA,CHEMBL3638592,CHEMBL3706089,1,0.2235294117647059,0.905997,0.6932748573900331,0.2235294117647059,0.96075803,0.9640563035050567,0.2235294117647059,0.9641688,0.9686906229814991
XYVINBBELWEZDW,CHEMBL5108059,CHEMBL5112157,1,0.36231884057971014,0.94580346,0.9058597775552436,0.36231884057971014,0.9167531,0.8804201347068784,0.36231884057971014,0.77264684,0.19707123053675923
XYWIUQVUFUQXHP,CHEMBL3638997,CHEMBL3705850,1,0.21951219512195122,0.49604434,0.2964324858228096,0.21951219512195122,0.41766933,0.8010666178261753,0.1951219512195122,0.5753225,0.9873964491472506
XZLSHYMQQIIDHH,CHEMBL3112582,CHEMBL3116931,1,0.2127659574468085,0.8958925,0.9988105438600093,0.21875,0.8432224,0.9930735764647852,0.21875,0.70431024,0.9965186465886321
XZOPDDDJHRZAKW,CHEMBL5729432,CHEMBL5738687,0,0.36764705882352944,0.8167238,0.9085699271800639,0.36764705882352944,0.9187868,0.9837529503499021,0.36764705882352944,0.7927762,0.9844432430312258
XZOWNDNQXMUCOC,CHEMBL3638997,CHEMBL3705850,1,0.23684210526315788,0.9035162,0.20783132887306507,0.23684210526315788,0.8677064,0.5259359626274818,0.24324324324324326,0.9339626,0.9701035036816664
YAAKOARVNJOERF,CHEMBL3638592,CHEMBL3706089,1,0.2391304347826087,0.9611887,0.9790691223753697,0.2391304347826087,0.97229517,0.9890627792276475,0.2391304347826087,0.95363075,0.9909488487608583
YAIPCBCVUVMNDE,CHEMBL4819087,CHEMBL4821861,0,0.25,0.014495955,0.9785895518421777,0.25,0.018470295,0.9874819297611518,0.24096385542168675,0.028774152,0.9962207936910257
YATAXXPIEGFCGF,CHEMBL3639211,CHEMBL3706278,1,0.2033898305084746,0.6088263,0.9848825296050544,0.2033898305084746,0.6122461,0.9760677045114816,0.2033898305084746,0.7065136,0.9107752444579529
YAXJTAGQEZPAOU,CHEMBL5726558,CHEMBL5732909,1,0.39080459770114945,0.9891431,0.9769415799954833,0.36470588235294116,0.9930657,0.9910218746147635,0.36470588235294116,0.9941538,0.9958485042278146
YAXRRKMRIXNADF,CHEMBL3407414,CHEMBL3413521,1,0.45977011494252873,0.99865204,0.9999817209183735,0.44680851063829785,0.99789447,0.9998252344508188,0.45977011494252873,0.99786013,0.9999923853247988
YBDZANUJZBKWGP,CHEMBL3638997,CHEMBL3705850,1,0.2261904761904762,0.8482927,0.9664715268622144,0.2261904761904762,0.8400559,0.8998444463235719,0.21839080459770116,0.80528253,0.9535907997285006
YBEWQKBLGNNERG,CHEMBL3792291,CHEMBL3795347,1,0.4155844155844156,0.9986307,0.9999808711238096,0.4155844155844156,0.9980178,0.9999251380788975,0.4155844155844156,0.9930265,0.9999331691578808
YBIHJNHOIHMJJN,CHEMBL4364276,CHEMBL4366252,1,0.2,0.5253933,0.9971520157164188,0.2,0.31204748,0.9668710153090374,0.2235294117647059,0.08082013,0.9932773879402652
YBMKGRHRGCAQDY,CHEMBL5725838,CHEMBL5731581,0,0.19318181818181818,0.5594932,0.9987982394322723,0.19318181818181818,0.7700881,0.9994566056755096,0.19318181818181818,0.8433784,0.9996772505889873
YBQHSAWMEUXDRL,CHEMBL3638592,CHEMBL3706089,1,0.23711340206185566,0.8278276,0.9312773077093404,0.24752475247524752,0.8514445,0.9767989202597132,0.23711340206185566,0.8749554,0.9902848620087802
YBQVCLWCRGNXIX,CHEMBL3616407,CHEMBL3620381,1,0.24444444444444444,0.9662743,0.9979326572564139,0.24444444444444444,0.97670877,0.9868261141585711,0.24444444444444444,0.9095833,0.9856926988638384
YBXNDFQUKQNAQY,CHEMBL3638644,CHEMBL3705655,1,0.35789473684210527,0.86073256,0.9916704317014923,0.36666666666666664,0.9478469,0.9965771174365475,0.36666666666666664,0.9536845,0.9978297759811622
YCADMVCNNYCZJB,CHEMBL3638592,CHEMBL3706089,1,0.2696629213483146,0.7240521,0.6934440304712123,0.2696629213483146,0.8687544,0.6679672603414002,0.2696629213483146,0.7573802,0.9117147168269454
YCMPAJXRYQKAKZ,CHEMBL3600364,CHEMBL3602347,1,0.22522522522522523,0.65755594,0.5527741253583829,0.22522522522522523,0.8718047,0.8007068297440443,0.22522522522522523,0.77242285,0.9829942506127646
YCUCXAGZUOMXSI,CHEMBL3638541,CHEMBL3706289,1,0.22077922077922077,0.53613544,0.995576416389413,0.22077922077922077,0.79229,0.9849984865642422,0.21518987341772153,0.3653601,0.9923735554729732
YDFIWWWWELJHLK,CHEMBL3638644,CHEMBL3705655,1,0.3076923076923077,0.8408878,0.8469921175736956,0.5060240963855421,0.92750865,0.5963942850604674,0.5060240963855421,0.92777526,0.9397270998339315
YDJBNFWAROJUTM,CHEMBL3638644,CHEMBL3705655,1,0.3238095238095238,0.98270446,0.9873013343534737,0.6410256410256411,0.98576605,0.9822184189910705,0.6410256410256411,0.9928947,0.9989590152129182
YDXKHFMUCKANQF,CHEMBL4819087,CHEMBL4821861,0,0.21428571428571427,0.16838238,0.12189402622382911,0.21428571428571427,0.48547962,0.16176526309955006,0.21428571428571427,0.24184716,0.46814190329232047
YEJWNFNIRLHMIG,CHEMBL3638541,CHEMBL3706289,0,0.2222222222222222,0.17403014,0.9972625495217814,0.2222222222222222,0.23545817,0.9818204992287632,0.2222222222222222,0.1282764,0.9884845651486769
YENCKXALUVKMNK,CHEMBL3638644,CHEMBL3705655,1,0.4125,0.9381117,0.9969331917545489,0.5365853658536586,0.9336476,0.9522188279830498,0.5365853658536586,0.94330823,0.9832305585778762
YEQTWRJYERBWFH,CHEMBL5620391,CHEMBL5622307,1,0.3263157894736842,0.5046261,0.9695823035380847,0.3263157894736842,0.5181752,0.8823429780534058,0.3118279569892473,0.21450949,0.9889535559772903
YEWBGVJUNMBXDS,CHEMBL4017506,CHEMBL4019299,1,0.3898305084745763,0.9599487,0.36659977725021786,0.41379310344827586,0.95771736,0.6634740036323162,0.38461538461538464,0.9442137,0.9399200213520655
YEXFZJLTJPZMAH,CHEMBL3638997,CHEMBL3705850,1,0.22935779816513763,0.48956272,0.5755133411746371,0.22935779816513763,0.5418053,0.9266338584698359,0.22935779816513763,0.5198688,0.9762496695120993
YFHYBVPUENFERK,CHEMBL3638644,CHEMBL3705655,1,0.3111111111111111,0.90754527,0.999676545722696,0.36046511627906974,0.97014475,0.9994356866508695,0.36046511627906974,0.9687251,0.9999553204786793
YFOCAFDTOIEYDR,CHEMBL3639211,CHEMBL3706278,1,0.2111111111111111,0.81928736,0.7930033843102425,0.20833333333333334,0.8706341,0.9485510189808465,0.20833333333333334,0.78195935,0.6574847282965139
YGABZLHQYXEOHY,CHEMBL1773044,CHEMBL1777163,1,0.5465116279069767,0.99488187,0.9999866026895042,0.5465116279069767,0.9981609,0.9999725286709312,0.5465116279069767,0.99814177,0.9999902326547753
YGABZLHQYXEOHY,CHEMBL1773044,CHEMBL1777165,1,0.5465116279069767,0.99488187,0.9999866026895042,0.5465116279069767,0.9981609,0.9999725286709312,0.5465116279069767,0.99814177,0.9999902326547753
YGAFBPOODGQZPO,CHEMBL3638592,CHEMBL3706089,1,0.21212121212121213,0.9893489,0.9976827956171639,0.21212121212121213,0.9901793,0.9170380982006068,0.21212121212121213,0.9501366,0.8229079006654921
YGAMQXISXNQSKR,CHEMBL3638644,CHEMBL3705655,1,0.3655913978494624,0.72734934,0.9406013011788572,0.39759036144578314,0.7614951,0.8064340555934821,0.39759036144578314,0.87176734,0.9912850590872062
YGGXYKAJOUEMBG,CHEMBL1759974,CHEMBL1763561,0,0.2571428571428571,0.43518254,0.15886305679315998,0.2571428571428571,0.68184966,0.7700802044405513,0.2571428571428571,0.40175346,0.9371050187893679
YGJOUUAGDJOIRP,CHEMBL3638592,CHEMBL3706089,1,0.26136363636363635,0.9160717,0.8976078992630615,0.26136363636363635,0.9595551,0.9771586783454074,0.25,0.9513454,0.9849615604315957
YGMCOBDMWUYNPQ,CHEMBL1759974,CHEMBL1763481,0,0.18571428571428572,0.34880412,0.04087945419048561,0.18571428571428572,0.63031465,0.47864011989009797,0.18571428571428572,0.62200385,0.5693348389399004
YGMCOBDMWUYNPQ,CHEMBL1759974,CHEMBL1763561,1,0.18571428571428572,0.34880412,0.04087945419048561,0.18571428571428572,0.63031465,0.47864011989009797,0.18571428571428572,0.62200385,0.5693348389399004
YGQFHRAMDYKDBX,CHEMBL5726558,CHEMBL5732909,1,0.36363636363636365,0.9796607,0.9851134270115715,0.525,0.9546624,0.9892151472411049,0.525,0.9757194,0.9985350593017547
YGVFZWRVQCNDLQ,CHEMBL5725838,CHEMBL5731581,0,0.1958762886597938,0.94439423,0.9998942912105945,0.20454545454545456,0.9494067,0.9998580675415538,0.20454545454545456,0.95169014,0.9997362541533954
YGVHCXSQVBCYKI,CHEMBL3638592,CHEMBL3706089,1,0.25,0.9183952,0.8913522118119089,0.25,0.965984,0.9271202872499199,0.25,0.94030946,0.9881314654200323
YHEIXGQEWFJVFA,CHEMBL5725460,CHEMBL5730847,1,0.25,0.98630804,0.8030584266884333,0.21505376344086022,0.965309,0.9937308214437434,0.21505376344086022,0.9703829,0.9795987964552945
YHJAWWBUBRTVQJ,CHEMBL5729432,CHEMBL5738687,1,0.391304347826087,0.73973894,0.9862321031967071,0.391304347826087,0.84447044,0.9524871501731208,0.391304347826087,0.80605996,0.9219988425230873
YIAPDELYRSBCAA,CHEMBL3639133,CHEMBL3706375,1,0.19402985074626866,0.6003308,0.9917238275797192,0.19402985074626866,0.4670743,0.9912663533214922,0.19402985074626866,0.5018208,0.9980370145750951
YIFSZYLQOCJFSK,CHEMBL3638644,CHEMBL3705655,1,0.3300970873786408,0.7939106,0.9628337712977156,0.5365853658536586,0.8990707,0.8154645125940579,0.5365853658536586,0.8744741,0.967914731873434
YIHHYCIYAIVQKX,CHEMBL6127039,CHEMBL6127976,1,0.297029702970297,0.998946,0.9869129779018506,0.297029702970297,0.998447,0.9895476231921689,0.297029702970297,0.9989378,0.9994613651429783
YISUJHWAXSJJDA,CHEMBL3638592,CHEMBL3706089,1,0.20689655172413793,0.9460476,0.7416219956505938,0.20689655172413793,0.95984834,0.8828368723861482,0.20689655172413793,0.8763531,0.8135787751156528
YIYGBZIMJLKUMP,CHEMBL3638541,CHEMBL3706289,0,0.2376237623762376,0.99302167,0.999753893869103,0.2376237623762376,0.9976666,0.9964421098511356,0.2376237623762376,0.9868767,0.9992502401942874
YJHLXSFWEBZYCD,CHEMBL3638541,CHEMBL3706289,0,0.1875,0.98328316,0.999540653313043,0.1875,0.98373336,0.9964501912918339,0.1875,0.9701552,0.9966886083419876
YKHWDAQHASKZPG,CHEMBL3638592,CHEMBL3706089,1,0.24175824175824176,0.9639685,0.8968708060253567,0.24175824175824176,0.97683984,0.8701494011674699,0.22580645161290322,0.95650834,0.9089658436390329
YKIXQKWYPCASOJ,CHEMBL3638644,CHEMBL3705655,1,0.3090909090909091,0.9162414,0.9952779132987774,0.5465116279069767,0.9684104,0.9664594193325428,0.5465116279069767,0.9671942,0.9907606253739808
YKOZCLDGQZJVLP,CHEMBL4020823,CHEMBL4023016,1,0.20588235294117646,0.7339321,0.25340420531702373,0.20588235294117646,0.73630434,0.9978781555537334,0.20588235294117646,0.50755274,0.939773284685303
YLDAIYDYJXZDGW,CHEMBL4706478,CHEMBL4707201,1,0.4935064935064935,0.97622925,0.6495876822118163,0.4935064935064935,0.9746225,0.5688719269154069,0.4810126582278481,0.9442381,0.09739922147992491
YLOCTAWZZXJSJN,CHEMBL3639085,CHEMBL3705815,1,0.29213483146067415,0.99404293,0.998265850109028,0.29213483146067415,0.9947018,0.9970339163859829,0.29213483146067415,0.99562484,0.9998898353793387
YLOHWEBOWAAUCC,CHEMBL3763019,CHEMBL3766570,1,0.22033898305084745,0.9171821,0.9888782791701586,0.22033898305084745,0.7909979,0.9108671555800671,0.22033898305084745,0.5283203,0.9955177568518728
YLOXUZOPCIEPPK,CHEMBL3638644,CHEMBL3705655,1,0.3137254901960784,0.91636604,0.9993823294442756,0.38202247191011235,0.9584517,0.9993859921748339,0.38202247191011235,0.9599238,0.999896789674375
YLPQBZSXIRICEB,CHEMBL3638644,CHEMBL3705655,1,0.3333333333333333,0.9500173,0.9983758271953503,0.379746835443038,0.9477217,0.9856611162894457,0.379746835443038,0.93929815,0.9979416378803164
YLPQMLSKPUQHLB,CHEMBL4145625,CHEMBL4150392,1,0.2222222222222222,0.73563635,0.9977818291099136,0.2222222222222222,0.7470093,0.9886044260070621,0.2222222222222222,0.64165807,0.9936238322180453
YLQTTYPTOSGNDO,CHEMBL3639211,CHEMBL3706278,1,0.21686746987951808,0.5867247,0.7302959112960681,0.21686746987951808,0.42959443,0.6282874035664281,0.21686746987951808,0.1749157,0.2781694702134047
YLQUHTISBHRURP,CHEMBL3638644,CHEMBL3705655,1,0.29473684210526313,0.998384,0.9980496265321511,0.3595505617977528,0.9964587,0.9899942935009345,0.3595505617977528,0.997143,0.9962642388251877
YLUPSIMVGGVLQE,CHEMBL3638997,CHEMBL3705850,1,0.23376623376623376,0.4823028,0.4638936384076276,0.23376623376623376,0.61267865,0.827921575201247,0.2077922077922078,0.5293488,0.9091284138154984
YLWOSCYHGCRZOY,CHEMBL3638592,CHEMBL3706089,1,0.25555555555555554,0.88801414,0.9641825770530712,0.25252525252525254,0.9340722,0.9406863842367987,0.25555555555555554,0.9447948,0.9745865260857279
YLXILPLJXMFTQF,CHEMBL3108735,CHEMBL3112126,1,0.5555555555555556,0.98138535,0.9991488295798934,0.5555555555555556,0.92881835,0.9763992202705718,0.5555555555555556,0.9201836,0.6856179592103325
YMBPWNRRLOEFEC,CHEMBL3638592,CHEMBL3706089,1,0.2413793103448276,0.7922512,0.6450058070174294,0.2413793103448276,0.8994347,0.900681917076383,0.2413793103448276,0.78473663,0.9553967574746023
YMFBODFBSYLRKH,CHEMBL3112582,CHEMBL3116931,1,0.21138211382113822,0.7918259,0.998699276995419,0.21428571428571427,0.84104586,0.9994096639081864,0.21428571428571427,0.72467387,0.9985664708497954
YMIKXPUNLGDUTH,CHEMBL4020805,CHEMBL4022584,1,0.6481481481481481,0.99484247,0.9999799294901185,0.6481481481481481,0.98590404,0.9999673384650153,0.6481481481481481,0.9787835,0.9999726707284012
YMMSOWFXWRRMJJ,CHEMBL5236659,CHEMBL5240747,1,0.47297297297297297,0.99966216,0.9999561653874968,0.48,0.99982387,0.9998555091243654,0.47368421052631576,0.99967206,0.9999697753276976
YMNYQOBKIRPWSR,CHEMBL5729432,CHEMBL5738687,0,0.32894736842105265,0.939595,0.9405123698703011,0.32894736842105265,0.95245636,0.9756363800165111,0.32894736842105265,0.99006116,0.9997516006435428
YMRREFUBKFMOKQ,CHEMBL3638592,CHEMBL3706089,1,0.2345679012345679,0.64704245,0.768788296812203,0.2345679012345679,0.7986464,0.8967891589757845,0.2345679012345679,0.88207936,0.9745187552612273
YNKVZRVOZBAZDZ,CHEMBL5726558,CHEMBL5732909,1,0.3372093023255814,0.9777182,0.9862766687046163,0.7164179104477612,0.9818916,0.9886001295316066,0.7164179104477612,0.9740882,0.9748534268276767
YNVTUKTUCZBFHM,CHEMBL4020823,CHEMBL4023016,1,0.2222222222222222,0.9324175,0.7102347209998177,0.2222222222222222,0.9229816,0.9912858770809908,0.2222222222222222,0.85827535,0.921618931832343
YOIZUFBQTNCUSR,CHEMBL3639163,CHEMBL3705287,1,0.16842105263157894,0.42319462,0.991423664374222,0.16842105263157894,0.70555234,0.9998318923812863,0.15841584158415842,0.450288,0.9997661674327505
YOJMSFZVGFZJJC,CHEMBL3638592,CHEMBL3706089,1,0.25,0.8710314,0.6847039367506078,0.2604166666666667,0.8908452,0.8943564715727479,0.25,0.9035716,0.9893533505821133
YOKDUZZFACVWPI,CHEMBL3639211,CHEMBL3706278,1,0.2882882882882883,0.84161335,0.9886466743768982,0.2882882882882883,0.8688529,0.9801804301739584,0.2882882882882883,0.9408842,0.9122092152561034
YONVIVQJTXOCSL,CHEMBL3638644,CHEMBL3705655,1,0.2980769230769231,0.7996138,0.8579970468913932,0.5121951219512195,0.9192189,0.7265852344185313,0.5121951219512195,0.89686406,0.9690333659668954
YORDELGQXBGIHM,CHEMBL4229417,CHEMBL4233142,1,0.3466666666666667,0.9503703,0.989665930562098,0.6911764705882353,0.96463346,0.9938623246958237,0.6911764705882353,0.9569588,0.9605192565603647
YOVVNQKCSKSHKT,CHEMBL3392967,CHEMBL3395890,1,0.5,0.99512535,0.9959543517832955,0.5,0.9808492,0.9930612757769975,0.5,0.9721049,0.9952933866211343
YOVVNQKCSKSHKT,CHEMBL5346869,CHEMBL5347353,1,0.5,0.99512535,0.9959543517832955,0.5,0.9808492,0.9930612757769975,0.5,0.9721049,0.9952933866211343
YPCCVXJXZXZPEQ,CHEMBL3638592,CHEMBL3706089,1,0.22448979591836735,0.82890385,0.6854444453764907,0.22340425531914893,0.91847914,0.947751004997561,0.22448979591836735,0.8977323,0.9815408018170966
YPGCYUPZBDGOEX,CHEMBL3638644,CHEMBL3705655,1,0.3238095238095238,0.9708312,0.9332076680755065,0.55,0.97440183,0.8879465808012139,0.55,0.96385604,0.9811468018345327
YPIMOFNDTKQDDI,CHEMBL3639211,CHEMBL3706278,1,0.23728813559322035,0.9171747,0.7428271006050516,0.23728813559322035,0.9447753,0.9766212275071658,0.23728813559322035,0.956397,0.9094653874220312
YPMADZJPPOFSGF,CHEMBL3638644,CHEMBL3705655,0,0.31,0.8120249,0.9760580534824713,0.3548387096774194,0.8842603,0.6587768445642815,0.3548387096774194,0.9494455,0.8816850289909561
YPNNOIDFOUHPKJ,CHEMBL3352220,CHEMBL3371734,0,0.410958904109589,0.83581984,0.478152281056717,0.410958904109589,0.6880704,0.3686480259244899,0.410958904109589,0.6898112,0.25700070175008016
YPOSHBMOWZCDKY,CHEMBL3639133,CHEMBL3706375,1,0.1702127659574468,0.47124788,0.9457707907669729,0.1702127659574468,0.49971372,0.984590250330424,0.1702127659574468,0.6530379,0.9991161582935727
YPRHOIIPLYJJAU,CHEMBL3638592,CHEMBL3706089,1,0.23469387755102042,0.8588101,0.05416578732829119,0.23469387755102042,0.9292652,0.7096106772851243,0.23469387755102042,0.8041295,0.5054290630649436
YPXRCUVTZDXVHY,CHEMBL4411315,CHEMBL4413545,1,0.5232558139534884,0.9973297,0.999270359670681,0.5232558139534884,0.99563485,0.9999244851860306,0.4945054945054945,0.995786,0.9998087220059317
YQKRMXSDYTZCGO,CHEMBL3638644,CHEMBL3705655,1,0.3010752688172043,0.9571556,0.9834434560403589,0.5675675675675675,0.98693454,0.8834727344029243,0.5675675675675675,0.96572036,0.9920789754443538
YQQWKAPXNBNEJY,CHEMBL2331244,CHEMBL2343763,0,0.16666666666666666,0.980885,0.22600844091350558,0.16666666666666666,0.92126846,0.01608718942877657,0.1643835616438356,0.93453515,0.027485769655341837
YQUDFCUTBNDZAV,CHEMBL6087433,CHEMBL6088977,0,0.2916666666666667,0.9893065,0.9988696643488821,0.2916666666666667,0.9953831,0.9989189351139788,0.2916666666666667,0.9971577,0.9999236803185443
YQXZBFZHTWSYND,CHEMBL3112406,CHEMBL3116603,0,0.22580645161290322,0.05977908,0.9943646752809135,0.22580645161290322,0.1463336,0.9998915833532867,0.22580645161290322,0.10085408,0.998900668113691
YQYKPKCJWZHZEE,CHEMBL3638644,CHEMBL3705655,0,0.36,0.75321,0.9919118232154504,0.4069767441860465,0.92256343,0.9448539389306853,0.4069767441860465,0.8053645,0.9884823845820687
YRBCWXXSZXEIDU,CHEMBL3638997,CHEMBL3705850,1,0.21686746987951808,0.7404505,0.18437679658137857,0.21686746987951808,0.7509847,0.5577410582333489,0.2375,0.75646925,0.9888505539011991
YRFYXLFHAULOPW,CHEMBL3638592,CHEMBL3706089,1,0.24444444444444444,0.9582834,0.9722424509700571,0.24444444444444444,0.9654766,0.980789110958886,0.24444444444444444,0.9553691,0.9908634415053401
YRPDWNZVIMJOIQ,CHEMBL4049442,CHEMBL4051856,1,0.36486486486486486,0.94694054,0.9982677225561748,0.4125,0.9230894,0.9669237251957671,0.4125,0.9556632,0.9885378887975326
YRVMYEQYKSXBEF,CHEMBL3638592,CHEMBL3706089,1,0.25,0.87481064,0.8270609058022363,0.23636363636363636,0.9463366,0.9365523382437331,0.23333333333333334,0.8836424,0.9744599735244465
YSCXTFSDSSRICJ,CHEMBL3638644,CHEMBL3705655,1,0.29357798165137616,0.9231703,0.9916203246149895,0.625,0.93981963,0.991265286354761,0.625,0.95712125,0.9933569157346289
YSDKKFSSXILLPJ,CHEMBL4052688,CHEMBL4056088,1,0.475,0.95550853,0.9997387832368024,0.5303030303030303,0.9807232,0.9986517124138419,0.475,0.98869276,0.9996778482055392
YSOQBYOYIBXQGO,CHEMBL4837246,CHEMBL4839366,1,0.25301204819277107,0.86806774,0.9612720240039322,0.25301204819277107,0.6432349,0.9167589084843745,0.22093023255813954,0.5363576,0.6591797832576555
YSPVLADFQCURFJ,CHEMBL5729706,CHEMBL5739310,1,0.189873417721519,0.015425233,0.006413571527463676,0.189873417721519,0.007207051,0.009666012739819967,0.189873417721519,0.008468155,0.0041286239083481
YSQGOGPDEDVEFK,CHEMBL3638592,CHEMBL3706089,1,0.27472527472527475,0.80811876,0.8395272737355584,0.27472527472527475,0.92720366,0.9357948213689771,0.25510204081632654,0.9444497,0.9713894091835984
YSXQXPGHVPLVAX,CHEMBL3638592,CHEMBL3706089,1,0.23232323232323232,0.7001589,0.8118001457912405,0.22826086956521738,0.7722645,0.7333935919226297,0.22826086956521738,0.63184917,0.8627814654928119
YSZWGPUOIAODBJ,CHEMBL5500428,CHEMBL5505639,0,0.2358490566037736,0.89883417,0.24868135431383442,0.2358490566037736,0.856566,0.6407053686443784,0.2127659574468085,0.811094,0.748457421236506
YTIWDAUDJMCXOD,CHEMBL5727131,CHEMBL5734082,1,0.21875,0.76958334,0.05711335581674306,0.21568627450980393,0.82649,0.9714057105387006,0.21875,0.4131432,0.38449689201798404
YTIWEKXIPWJYGB,CHEMBL3638592,CHEMBL3706089,1,0.19444444444444445,0.94330484,0.5425943856301921,0.18947368421052632,0.9832529,0.9142702907280017,0.18947368421052632,0.94872165,0.9015325308648077
YTKYFNVFXBQFLF,CHEMBL5108059,CHEMBL5112157,1,0.28378378378378377,0.80120295,0.5078499134619203,0.28378378378378377,0.7635338,0.850868857783748,0.24,0.28310648,0.35289086283160725
YTTYQCZIIFFOOD,CHEMBL5725460,CHEMBL5730847,1,0.3333333333333333,0.88771194,0.8522366459514654,0.3333333333333333,0.9030088,0.9978624291048943,0.3333333333333333,0.8415095,0.9009424850373453
YUAITLJOHKMDAE,CHEMBL5729432,CHEMBL5738687,1,0.375,0.8078469,0.9705859267202278,0.375,0.87851006,0.9450235279744527,0.375,0.86105525,0.6338935258022069
YUUHKUMWBAELSL,CHEMBL3638592,CHEMBL3706089,1,0.24210526315789474,0.8167295,0.9610114959572985,0.27956989247311825,0.8503351,0.9121975259183153,0.24210526315789474,0.8186228,0.9886615297468282
YUUKOKMNEVSJES,CHEMBL5543164,CHEMBL5548923,1,0.6607142857142857,0.99918395,0.9999535349416167,0.6607142857142857,0.99949384,0.9999855685953053,0.6607142857142857,0.99942017,0.9999781391466244
YVAOMSDQXISTTH,CHEMBL3600364,CHEMBL3602347,1,0.27184466019417475,0.94425696,0.9823391342014682,0.27184466019417475,0.8861408,0.8867377783382163,0.26666666666666666,0.7709446,0.9941877459541167
YVIUPILOGILJPD,CHEMBL3616407,CHEMBL3620381,1,0.27631578947368424,0.9737734,0.9998846946689243,0.27631578947368424,0.9092785,0.9992141169034617,0.27631578947368424,0.80108905,0.9998488407444761
YVLVIUASDJALDE,CHEMBL3108735,CHEMBL3112126,1,0.4915254237288136,0.8819755,0.8420145312563397,0.4915254237288136,0.68937,0.1743884115129834,0.4915254237288136,0.7220001,0.1463789890577219
YWECXUGQEWHRCD,CHEMBL3638644,CHEMBL3705655,1,0.3018867924528302,0.962074,0.9924308764611008,0.6493506493506493,0.9667362,0.9877224892144755,0.6493506493506493,0.96914285,0.9959536796954358
YXCSOVNWVXUYBY,CHEMBL1773044,CHEMBL1777163,1,0.5384615384615384,0.99312806,0.9999636412117311,0.5384615384615384,0.99854434,0.9999524333794881,0.5384615384615384,0.9991092,0.999984287622462
YXCSOVNWVXUYBY,CHEMBL1773044,CHEMBL1777165,1,0.5384615384615384,0.99312806,0.9999636412117311,0.5384615384615384,0.99854434,0.9999524333794881,0.5384615384615384,0.9991092,0.999984287622462
YXNXKPZWTPLWQK,CHEMBL3585264,CHEMBL3587521,1,0.21782178217821782,0.9604346,0.9174787007249365,0.21782178217821782,0.9383478,0.9018411192184472,0.21782178217821782,0.975365,0.9436119968437066
YXULRTVZRGHXHN,CHEMBL2321758,CHEMBL2330630,0,0.4375,0.93844754,0.9962926337332613,0.4375,0.9657299,0.9956336308442659,0.4375,0.9863543,0.9997891366204613
YXULRTVZRGHXHN,CHEMBL2321758,CHEMBL2330634,1,0.4375,0.93844754,0.9962926337332613,0.4375,0.9657299,0.9956336308442659,0.4375,0.9863543,0.9997891366204613
YXXNZRADJBNILP,CHEMBL3638644,CHEMBL3705655,1,0.3425925925925926,0.99158174,0.9957623121513789,0.5056179775280899,0.9942069,0.9101314097106196,0.5056179775280899,0.9882516,0.897023542679016
YYUGXMIVWRYUSI,CHEMBL3638997,CHEMBL3705850,1,0.21951219512195122,0.66326946,0.36903549216540393,0.21951219512195122,0.6568081,0.6743987291155471,0.24050632911392406,0.6313925,0.9740344857269155
YYVSGNQVBXYPOF,CHEMBL4359925,CHEMBL4363902,1,0.4235294117647059,0.96303755,0.9997095218211796,0.4305555555555556,0.97199655,0.999351707450099,0.4235294117647059,0.9821671,0.999958635193048
YYYITHLNUMPJQW,CHEMBL4819087,CHEMBL4821861,0,0.19696969696969696,0.06758382,0.13289057954431166,0.19696969696969696,0.03923507,0.12427510489508026,0.175,0.03423015,0.05502276170815945
YZGKSARXIQYKAW,CHEMBL4837246,CHEMBL4839366,0,0.20618556701030927,0.9242571,0.9185959931396268,0.19230769230769232,0.8468371,0.7076606631534077,0.20618556701030927,0.6778671,0.5649661071464259
YZUDNVWEQFAKAY,CHEMBL3638644,CHEMBL3705655,0,0.30851063829787234,0.980995,0.9793591508927872,0.4166666666666667,0.98842686,0.9476480538033173,0.4166666666666667,0.9861426,0.9921196832576356
YZUIPQWDZYBIRN,CHEMBL5726472,CHEMBL5732754,0,0.3333333333333333,0.9186436,0.3531013248442738,0.3333333333333333,0.8983229,0.1273666310229632,0.3333333333333333,0.8772098,0.5857036492952525
YZYXXXVDPPGXGW,CHEMBL3638592,CHEMBL3706089,1,0.25,0.9741778,0.9580791454942554,0.25510204081632654,0.98439586,0.9906657182574576,0.25773195876288657,0.9930392,0.9925642262792609
YZZCQEHZVGGYKG,CHEMBL3638644,CHEMBL3705655,1,0.31868131868131866,0.8534745,0.9661901669755492,0.5131578947368421,0.8712513,0.9524810661735978,0.5131578947368421,0.7961931,0.9869844316291791
YZZIIKPHTZDEAL,CHEMBL4138149,CHEMBL4141549,1,0.6666666666666666,0.9993224,0.9999444812853765,0.6666666666666666,0.99898535,0.9999770753937309,0.6666666666666666,0.9962071,0.9999773433833706
ZANYQTXTLRUWAM,CHEMBL3638592,CHEMBL3706089,1,0.2318840579710145,0.4546349,0.911606564275388,0.2318840579710145,0.55529296,0.9740751058151524,0.2318840579710145,0.59120417,0.9872856947516528
ZAQUJMJMHYICKR,CHEMBL3638592,CHEMBL3706089,1,0.2631578947368421,0.86014545,0.8473333396270464,0.2631578947368421,0.95591587,0.975334587966462,0.2631578947368421,0.94909465,0.9893138799057277
ZATULRSNYZZQKX,CHEMBL3638592,CHEMBL3706089,1,0.2696629213483146,0.9090593,0.5302139078087523,0.3010752688172043,0.95457494,0.5734314774921946,0.30434782608695654,0.9664097,0.9388519910661087
ZBEZHJQPBNCKCM,CHEMBL3639133,CHEMBL3706375,1,0.17105263157894737,0.6536583,0.8473628350915946,0.17105263157894737,0.63324517,0.8991276422397125,0.17105263157894737,0.5830793,0.9411960063754655
ZBGNVEHAGQUNMJ,CHEMBL3638644,CHEMBL3705655,1,0.28695652173913044,0.9667846,0.9562312810162472,0.6024096385542169,0.9710333,0.8723222711502866,0.6024096385542169,0.97226095,0.9705914251704142
ZBNZDAFYCKBXCS,CHEMBL5584330,CHEMBL5587768,0,0.20454545454545456,0.3177956,0.17175995629696467,0.2,0.43719795,0.09378336122799934,0.20454545454545456,0.37415963,0.0069630714465515565
ZCTMLJYABWLBIX,CHEMBL3638541,CHEMBL3706289,0,0.19101123595505617,0.97278476,0.9996883399095906,0.19101123595505617,0.9753988,0.992063324356801,0.19101123595505617,0.91668445,0.9958300059519374
ZDLNPCMQRLKBNB,CHEMBL4819017,CHEMBL4820258,1,0.1746031746031746,0.9896923,0.8064915604369803,0.17117117117117117,0.97688484,0.997770323372344,0.1746031746031746,0.9712791,0.9632959552536221
ZDWBVUMFWKTFRY,CHEMBL3638592,CHEMBL3706089,1,0.24509803921568626,0.7985776,0.4300419338487219,0.21649484536082475,0.90286565,0.3452242221409444,0.21649484536082475,0.85454434,0.9069330284181617
ZEGPSHKDFGWMLD,CHEMBL5725838,CHEMBL5731581,0,0.2,0.8721332,0.9999513403142034,0.2,0.926959,0.9992977187701968,0.2,0.92941326,0.9997232757276785
ZELSVXRHOIURQO,CHEMBL3638592,CHEMBL3706089,1,0.20754716981132076,0.88856643,0.2019287946447877,0.20202020202020202,0.93520373,0.7450966949281148,0.20202020202020202,0.81686515,0.6236881393998567
ZEMOOMDUPJIJMM,CHEMBL3638592,CHEMBL3706089,1,0.20754716981132076,0.65062314,0.45549778076199404,0.20202020202020202,0.8385535,0.5867300745429682,0.20202020202020202,0.728006,0.5995690556344161
ZFKUIXUALOAFLP,CHEMBL5727131,CHEMBL5734082,1,0.23863636363636365,0.7876902,0.7724942653623852,0.23863636363636365,0.68073016,0.9504866546557202,0.23076923076923078,0.46709982,0.8633679541491409
ZFOPTXFHEOZRAF,CHEMBL3638592,CHEMBL3706089,1,0.20689655172413793,0.8494007,0.993103640319105,0.2079207920792079,0.9042616,0.9827103367960065,0.2079207920792079,0.8936295,0.983243236460393
ZFQNDDZFBIFCNO,CHEMBL3638592,CHEMBL3706089,1,0.22340425531914893,0.9774163,0.9435388024534659,0.22340425531914893,0.98282987,0.8208450388793944,0.22105263157894736,0.9719505,0.9664896547914068
ZFZWXBMCPVPEBR,CHEMBL3639133,CHEMBL3706375,1,0.1891891891891892,0.49724096,0.853970471605503,0.1891891891891892,0.5552758,0.818095571931184,0.1891891891891892,0.47624937,0.9468706328834683
ZGGWXTAVSRVFPI,CHEMBL4364276,CHEMBL4366252,1,0.2111111111111111,0.50375724,0.9780508514353637,0.2111111111111111,0.34615982,0.8505859690847559,0.2111111111111111,0.08622623,0.9818943122172185
ZGIYRGAKJIXXDL,CHEMBL3638541,CHEMBL3706289,1,0.1836734693877551,0.7328187,0.9820749966335313,0.1836734693877551,0.8283493,0.9829565743708202,0.1836734693877551,0.5665807,0.9982078732933938
ZGJDZBXUROQLEC,CHEMBL3638644,CHEMBL3705655,1,0.30612244897959184,0.96100867,0.9695496377154208,0.42528735632183906,0.9797563,0.9056604167988923,0.42528735632183906,0.9523627,0.9933175557422765
ZGLONRFJOSBXER,CHEMBL3585315,CHEMBL3587365,1,0.2717391304347826,0.9706561,0.1585761481652657,0.21176470588235294,0.9787098,0.6295928418013388,0.21176470588235294,0.9846436,0.9765233123959648
ZGSHMOGPQWNQAW,CHEMBL3638997,CHEMBL3705850,1,0.225,0.6288251,0.1692430835210255,0.225,0.65967923,0.5429769262997854,0.24675324675324675,0.6549286,0.9628734288596394
ZGSZKDYWZISGLU,CHEMBL3779897,CHEMBL3784491,1,0.2857142857142857,0.8783539,0.996562418808182,0.2857142857142857,0.88135284,0.9999824247598608,0.2857142857142857,0.70851,0.9999814184204673
ZGVVMAGXEDZEGF,CHEMBL3638644,CHEMBL3705655,1,0.3490566037735849,0.9587286,0.9896513821965229,0.5057471264367817,0.963988,0.992712225647038,0.5057471264367817,0.9471492,0.9933563094193067
ZHFHVOVEHKYNKB,CHEMBL3638997,CHEMBL3705850,1,0.22448979591836735,0.948346,0.9930884911544877,0.22448979591836735,0.9263501,0.9890908850768018,0.22448979591836735,0.9165873,0.9895433984109417
ZHHKIDAEQSNMOI,CHEMBL5725838,CHEMBL5731581,0,0.1935483870967742,0.65933204,0.999324858498192,0.1935483870967742,0.60922366,0.9997461601716531,0.1935483870967742,0.57639563,0.9996616450230743
ZHKXYWXUULYZTJ,CHEMBL3639133,CHEMBL3706375,1,0.21052631578947367,0.77320844,0.966750169125209,0.21052631578947367,0.6382973,0.9875215210033998,0.2028985507246377,0.7024479,0.9975795145730045
ZIEOBOBDKBKWFH,CHEMBL5108059,CHEMBL5112157,1,0.27058823529411763,0.6479335,0.26443616858829944,0.27058823529411763,0.55494267,0.8190863140403983,0.27058823529411763,0.14228024,0.1331391757729388
ZIEQYBFMPKXGAW,CHEMBL5725460,CHEMBL5730847,1,0.22115384615384615,0.9719768,0.41226362665699073,0.22115384615384615,0.9616078,0.9665029506653877,0.22115384615384615,0.96091664,0.6718651098282349
ZIFVTELYGNAOQS,CHEMBL4359925,CHEMBL4363902,0,0.4625,0.9959764,0.9999662895643344,0.4626865671641791,0.9948131,0.999972740597184,0.4625,0.99584633,0.9999889165767907
ZITAIDWFZHQVOY,CHEMBL3638997,CHEMBL3705850,1,0.24,0.6092025,0.17513129917576978,0.24,0.78502196,0.6912277360145153,0.24,0.8510812,0.9693520098035807
ZJAXHPYJJBFPGA,CHEMBL3638644,CHEMBL3705655,1,0.336734693877551,0.5211586,0.9786203310768882,0.3953488372093023,0.669065,0.9920563021512285,0.3953488372093023,0.8841663,0.9985219739814013
ZJRSNDQXFFAZEF,CHEMBL3638592,CHEMBL3706089,1,0.26666666666666666,0.9370409,0.9877878320460771,0.26666666666666666,0.9518816,0.9640639940254753,0.24175824175824176,0.9639213,0.9885821902701728
ZKECRUOSALDTQL,CHEMBL3638644,CHEMBL3705655,1,0.3055555555555556,0.9660305,0.9825750184052862,0.573170731707317,0.951301,0.9861811184605184,0.573170731707317,0.96905833,0.9955974294804862
ZLCCZODSXXODNP,CHEMBL3108735,CHEMBL3112126,1,0.5571428571428572,0.9892545,0.9999837247064549,0.625,0.9592925,0.9999618536952618,0.5571428571428572,0.9799651,0.9999589936192519
ZLJFPDJEZABMJB,CHEMBL4842376,CHEMBL4844752,1,0.4666666666666667,0.5938108,0.9338061018261002,0.4666666666666667,0.6726647,0.35094691338263073,0.4666666666666667,0.72550887,0.4096955965195439
ZLPWVZYCSHRQHR,CHEMBL3638644,CHEMBL3705656,1,0.34065934065934067,0.9563006,0.9486667847152788,0.39759036144578314,0.9309128,0.772271390441398,0.39759036144578314,0.9412919,0.9779764875086722
ZLSXBRDGZMYGDZ,CHEMBL4020805,CHEMBL4022584,1,0.56,0.99350244,0.9999809036756868,0.56,0.9897746,0.9999873675436519,0.56,0.99206585,0.9999271136302613
ZLYNTRDYMVVVMZ,CHEMBL3638592,CHEMBL3706089,1,0.25,0.968859,0.9974363600785298,0.21621621621621623,0.98147684,0.9504098639480163,0.21621621621621623,0.90747607,0.8703035587500612
ZMSIZBNZSLIBSN,CHEMBL3638592,CHEMBL3706089,1,0.23333333333333334,0.8981684,0.789685566100649,0.23333333333333334,0.96757877,0.9585272810998601,0.22093023255813954,0.95994985,0.9621921192527458
ZNFDDMXBLQLUCC,CHEMBL5726701,CHEMBL5733185,1,0.19469026548672566,0.97020197,0.9938408945412385,0.1651376146788991,0.97806317,0.9996585475429497,0.19469026548672566,0.97545594,0.9997938680293694
ZNKGHHICNJWRKU,CHEMBL3638644,CHEMBL3705655,1,0.3010752688172043,0.9849879,0.9985042662131224,0.367816091954023,0.9892161,0.9937127235368944,0.367816091954023,0.9903956,0.997745202855106
ZPMAATPXKFIZRL,CHEMBL3638644,CHEMBL3705655,1,0.4418604651162791,0.93073297,0.9963559467585055,0.367816091954023,0.97606784,0.9798971987353284,0.4418604651162791,0.9787193,0.9988295480647341
ZPRTUWGSRQNCTH,CHEMBL3638592,CHEMBL3706089,1,0.2376237623762376,0.8699554,0.9504298700164059,0.23404255319148937,0.9338173,0.9128253531436231,0.23404255319148937,0.8785794,0.9771818846416653
ZPTXTOBTOXKPKB,CHEMBL3638592,CHEMBL3706089,1,0.23595505617977527,0.17677544,0.31271390482942657,0.23595505617977527,0.51568764,0.8228502311466178,0.23595505617977527,0.4818729,0.8752927243921459
ZQCIQJIHBJMDGJ,CHEMBL3638644,CHEMBL3705655,1,0.3076923076923077,0.9424231,0.914839355343889,0.5060240963855421,0.9575444,0.6277894539076084,0.5060240963855421,0.9669339,0.9080851165990235
ZQHVKJAKDDVDCS,CHEMBL3638592,CHEMBL3706089,1,0.23,0.9216719,0.583487637500233,0.22580645161290322,0.9497031,0.8839494997076524,0.22916666666666666,0.8986882,0.4442771530582386
ZQHXCUQMFUFUBU,CHEMBL3638997,CHEMBL3705850,1,0.20833333333333334,0.4111362,0.8830698934917062,0.20833333333333334,0.47181964,0.9350654178884737,0.20833333333333334,0.52772164,0.9920002371857987
ZQTMOTJPZBYVQV,CHEMBL3638644,CHEMBL3705655,1,0.3333333333333333,0.9972556,0.9976850515298309,0.4024390243902439,0.997175,0.9951058591667197,0.4024390243902439,0.99747413,0.9986673661017705
ZQWUXAHLEARWSQ,CHEMBL4020823,CHEMBL4023016,1,0.22727272727272727,0.9585448,0.2099799435815335,0.22727272727272727,0.9493004,0.9955586905319482,0.2619047619047619,0.8605397,0.8721640908092059
ZQZWHNYJDVSBNC,CHEMBL5729706,CHEMBL5739310,1,0.19480519480519481,0.054882355,0.002615195940515954,0.19480519480519481,0.02600746,0.00620531724113182,0.19480519480519481,0.025831632,0.013063534313899054
ZRIPEQNRFRWNGR,CHEMBL3639211,CHEMBL3706278,1,0.1836734693877551,0.86414444,0.7701314165749017,0.1836734693877551,0.89863724,0.6553753718815445,0.1836734693877551,0.818046,0.21646268289820703
ZRIRLWBZGKNIFV,CHEMBL4359902,CHEMBL4363193,0,0.175,0.1280477,0.9912916800141834,0.1782178217821782,0.16178292,0.87382731484455,0.1794871794871795,0.07431623,0.9982773544775538
ZRNHBQOZQSUWSX,CHEMBL3638644,CHEMBL3705655,1,0.2926829268292683,0.8932409,0.968892217857784,0.5584415584415584,0.963884,0.9092425387681229,0.5584415584415584,0.93932843,0.984006143324447
ZRRHWYHZTOHWFV,CHEMBL3638644,CHEMBL3705655,1,0.29213483146067415,0.96029425,0.9930820110460046,0.3902439024390244,0.97807693,0.9830310722899026,0.3902439024390244,0.96111315,0.9950285174048067
ZRSCVKQQFCOUGY,CHEMBL5729704,CHEMBL5739308,0,0.20388349514563106,0.55161923,0.09567903086026044,0.3055555555555556,0.41604108,0.016529572121086626,0.3055555555555556,0.21425492,0.005072431620219579
ZSAYZSYYURXXKL,CHEMBL3638644,CHEMBL3705655,1,0.3125,0.67897695,0.9966755621137525,0.37209302325581395,0.7875824,0.9718161263716482,0.37209302325581395,0.92367136,0.989591289105744
ZSEXMBLBIJRQNK,CHEMBL3638644,CHEMBL3705655,1,0.35106382978723405,0.985421,0.9854639712955688,0.358695652173913,0.9956369,0.9685817190055703,0.358695652173913,0.9937285,0.9779088194064206
ZSFZYLMPKBDJKI,CHEMBL3638644,CHEMBL3705655,1,0.3780487804878049,0.9903522,0.9981168626404867,0.3875,0.9935114,0.996455961452342,0.3875,0.9937389,0.9992142177909787
ZSIMXZKGXNIYSB,CHEMBL3638592,CHEMBL3706089,1,0.27058823529411763,0.6688359,0.9250313223793991,0.26666666666666666,0.6082442,0.9572085257853231,0.26666666666666666,0.52418435,0.9949828956697325
ZSIRAWAQTMHYAU,CHEMBL5370674,CHEMBL5375563,1,0.26881720430107525,0.9353877,0.9607240393290957,0.26881720430107525,0.8960938,0.965314901413265,0.26881720430107525,0.8990595,0.9895019776826743
ZSTKPVNMFBRRQO,CHEMBL3638592,CHEMBL3706089,1,0.25471698113207547,0.89117557,0.8038796725451401,0.2604166666666667,0.957639,0.9100647237709586,0.2604166666666667,0.9389382,0.9606706596999192
ZTBKMKDXKQWOII,CHEMBL3638644,CHEMBL3705655,1,0.32989690721649484,0.79312134,0.9892581391230431,0.3626373626373626,0.88986844,0.9631201402922681,0.3626373626373626,0.9593471,0.9916801805456771
ZTDRZOFCOSDMSZ,CHEMBL3639133,CHEMBL3706375,1,0.1958762886597938,0.2563788,0.2720771929067328,0.1958762886597938,0.35279796,0.24152539180161955,0.1958762886597938,0.20491728,0.4418646839854349
ZTLKZAYYSUYCOA,CHEMBL3638644,CHEMBL3705655,1,0.34408602150537637,0.9932628,0.9951758254492589,0.37349397590361444,0.993626,0.9936987497352321,0.37349397590361444,0.99100566,0.9986542137198229
ZTMZOOBBTDSQCV,CHEMBL3639163,CHEMBL3705287,1,0.19753086419753085,0.029684037,0.727963841757441,0.19753086419753085,0.038401343,0.6675692718632995,0.19753086419753085,0.0058889743,0.9788372197960079
ZTTNCSHFSRNEAI,CHEMBL3638541,CHEMBL3706289,1,0.28865979381443296,0.9957145,0.9999185225076744,0.28865979381443296,0.9968929,0.9823988074294422,0.28865979381443296,0.9910131,0.9990598057203852
ZUAXILWGCPMODF,CHEMBL3639133,CHEMBL3706375,1,0.24719101123595505,0.99108535,0.9965253592039405,0.24719101123595505,0.98381007,0.9869909035163368,0.24210526315789474,0.98648304,0.999843344360977
ZUCLXKUMLDPMJO,CHEMBL3639211,CHEMBL3706278,1,0.22,0.80413073,0.9863636482299348,0.22,0.85693055,0.9898426842712906,0.22,0.6870305,0.9939390396595248
ZUMGFOKBPTVVKE,CHEMBL5725838,CHEMBL5731581,0,0.20689655172413793,0.8158189,0.9999573223449548,0.20689655172413793,0.8781004,0.999039463237598,0.20689655172413793,0.85096383,0.9996729646098476
ZUOOZRKTIWVPFW,CHEMBL5729432,CHEMBL5738687,0,0.32894736842105265,0.961482,0.38214846258542895,0.32894736842105265,0.9773372,0.8525399198239371,0.32894736842105265,0.98193467,0.9922389838351379
ZUOWFPPINFKAHD,CHEMBL3638644,CHEMBL3705655,1,0.35802469135802467,0.6658514,0.9964826844996456,0.5365853658536586,0.71747684,0.8113037649497783,0.5365853658536586,0.84951854,0.9763071750286795
ZVAPFNNTAMBNOY,CHEMBL3639133,CHEMBL3706375,1,0.21238938053097345,0.6507416,0.9755760836352106,0.21568627450980393,0.6407878,0.9915387167941072,0.2072072072072072,0.703626,0.9997607773841051
ZVEOOEASAJCVCP,CHEMBL3638997,CHEMBL3705850,1,0.2222222222222222,0.7367681,0.26852954648764765,0.2222222222222222,0.78952044,0.5543749226597318,0.225,0.73505574,0.9828938655805257
ZVKWJZKYAOIRIY,CHEMBL3639211,CHEMBL3706278,1,0.21212121212121213,0.80014575,0.6952674216834259,0.21212121212121213,0.73574656,0.9849492146459515,0.21212121212121213,0.76497555,0.9973725808356995
ZVLPCWDGIPHSSN,CHEMBL3352452,CHEMBL3379685,0,0.24096385542168675,0.96827525,0.8180405846919057,0.24096385542168675,0.9761845,0.8168858882530451,0.24096385542168675,0.93498284,0.9434593846490033
ZVLPCWDGIPHSSN,CHEMBL3638541,CHEMBL3706289,0,0.24096385542168675,0.96827525,0.8180405846919057,0.24096385542168675,0.9761845,0.8168858882530451,0.24096385542168675,0.93498284,0.9434593846490033
ZVPDNRVYHLRXLX,CHEMBL3822371,CHEMBL3826741,0,0.4897959183673469,0.03247249,0.13514376193653715,0.4897959183673469,0.041680932,0.03084670161060552,0.4897959183673469,0.09567805,0.008601629996909535
ZVPHKLXUDOPXIM,CHEMBL3639133,CHEMBL3706375,1,0.23157894736842105,0.93774027,0.6278286348506537,0.23711340206185566,0.9194642,0.8213805180479683,0.23958333333333334,0.94943815,0.9807993046055827
ZVTZFXOYYMQYSE,CHEMBL3638644,CHEMBL3705655,1,0.3068181818181818,0.89668787,0.999781957075689,0.3595505617977528,0.94020754,0.9991054737418973,0.3595505617977528,0.9782113,0.9999060890066555
ZWCLRBNMZYTCCW,CHEMBL3734757,CHEMBL3738862,1,0.24271844660194175,0.9531257,0.9995185682553859,0.25925925925925924,0.92698973,0.9999907167602022,0.25925925925925924,0.7053431,0.9999886308680792
ZWLKPZBIOVYSKF,CHEMBL3638592,CHEMBL3706089,1,0.2318840579710145,0.54049647,0.9295488694129264,0.2318840579710145,0.6045048,0.9660952602310505,0.2318840579710145,0.6064408,0.9775179854549753
ZWLQCJDCCOOFJD,CHEMBL3352452,CHEMBL3379685,0,0.18681318681318682,0.85805035,0.24855032399222185,0.18681318681318682,0.8784568,0.7894577125484747,0.18681318681318682,0.6910708,0.8574964230026682
ZXCABQMRPVVKSS,CHEMBL3734757,CHEMBL3738862,1,0.25806451612903225,0.95136493,0.9951938770573919,0.25806451612903225,0.9455182,0.9999823635611318,0.25806451612903225,0.8957782,0.9999793729993264
ZXQLGEUAOSGDJY,CHEMBL3638592,CHEMBL3706089,1,0.2857142857142857,0.84978485,0.6329668197800374,0.2826086956521739,0.92017674,0.6532292135021923,0.2857142857142857,0.9379912,0.9830610965554373
ZYGBEBBHEJYGFG,CHEMBL3638997,CHEMBL3705850,1,0.275,0.9074525,0.45733305631950255,0.275,0.9391374,0.3892393313255203,0.23595505617977527,0.97299033,0.9784078291214774
ZYIRPOVWMLXYSJ,CHEMBL3638644,CHEMBL3705655,1,0.3434343434343434,0.66195214,0.980384892739148,0.4186046511627907,0.8539242,0.9817122806067554,0.4186046511627907,0.78901875,0.997676162939745
ZYJLQWLDYNWPIR,CHEMBL3638997,CHEMBL3705850,1,0.225,0.6579048,0.6337154231119783,0.225,0.5221971,0.7726923925809737,0.2159090909090909,0.5667134,0.9763239760355447
ZYZDBOVXNVZYNJ,CHEMBL3638592,CHEMBL3706089,1,0.22772277227722773,0.8702734,0.9804787384655758,0.2376237623762376,0.9113483,0.8799567686849923,0.22772277227722773,0.9329353,0.992128398901806
ZZBDNGJIQGWWHP,CHEMBL3638644,CHEMBL3705655,1,0.38461538461538464,0.9411405,0.9892329997589558,0.4473684210526316,0.93972456,0.9102766413414469,0.4473684210526316,0.9382921,0.9920884794474226
ZZDDSJQCHASOIC,CHEMBL3352452,CHEMBL3379685,1,0.24096385542168675,0.9796576,0.9993127904016681,0.24096385542168675,0.9853394,0.9957370251321797,0.24096385542168675,0.9538667,0.9952459258293008
ZZMOFDHFCHBWKR,CHEMBL3638541,CHEMBL3706289,0,0.20618556701030927,0.93093616,0.995727729409676,0.20618556701030927,0.9552941,0.9626963435257002,0.20618556701030927,0.8993742,0.9960275846700075
ZZQCLYRKHXGIJY,CHEMBL3638644,CHEMBL3705655,1,0.38636363636363635,0.9563612,0.9937948826519893,0.38636363636363635,0.9781488,0.9871001863102996,0.38636363636363635,0.98634523,0.9991735400556419
ZZSGUWJQLLJZHH,CHEMBL3638997,CHEMBL3705850,1,0.24,0.65642637,0.6887525880913401,0.24,0.7011668,0.6886896374342913,0.2465753424657534,0.7865241,0.9820446656566304
